10,7183,7183,39.7932,-86.2389,0.266973
0,189,0,0.000284471487219494,27.3267642322544,2.1073424255447e-08
0.199999991907597,189.000056894297,0,0.00028447148714844,27.3121226455436,1.91576584140427e-08
0.399999983815195,189.000113788593,0,0.000284471487077385,27.2974732055041,1.75611868795392e-08
0.599999975722792,189.00017068289,0,0.00028447148714844,27.2828158994855,1.62103263503439e-08
0.799999967630389,189.000227577187,0,0.00028447148714844,27.2681507148031,3.01048917934957e-08
0.999999959537987,189.000284471483,0,0.000284471487077385,27.2534776387384,2.80978990072627e-08
1.19999995144558,189.00034136578,0,0.00028447148714844,27.2387966585387,2.63417803193088e-08
1.39999994335318,189.000398260077,0,0.000284471487219494,27.2241077614165,2.47922638299377e-08
1.59999993526078,189.000455154373,0,0.000284471487077385,27.2094109345788,2.34149158393856e-08
1.79999992716838,189.00051204867,0,0.000284471487077386,27.1947061651119,2.2182551847839e-08
1.99999991907597,189.000568942967,0,0.000284471487219494,27.1799934401533,3.16101363831705e-08
2.19999991098357,189.000625837263,0,0.000284471487077385,27.1652727467768,3.16101363831705e-08
2.39999990289117,189.00068273156,0,0.000284471487077385,27.1505440720214,3.16101363831705e-08
2.59999989479877,189.000739625857,0,0.000284471487219494,27.1358074028906,3.16101363831705e-08
2.79999988670636,189.000796520153,0,0.000284471487077385,27.1210627263814,3.16101363831705e-08
2.99999987861396,189.00085341445,0,0.000284471487077385,27.1063100293698,3.16101363831705e-08
3.19999987052156,189.000910308747,0,0.000284471487219494,27.0915492987816,3.16101363831705e-08
3.39999986242915,189.000967203043,0,0.00028447148714844,27.0767805214784,3.16101363831705e-08
3.59999985433675,189.00102409734,0,0.000284471487077385,27.0620036842861,2.1073424255447e-08
3.79999984624435,189.001080991637,0,0.00028447148714844,27.0472187739944,2.1073424255447e-08
3.99999983815195,189.001137885933,0,0.00028447148714844,27.032425777385,2.1073424255447e-08
4.19999983005954,189.00119478023,0,0.000284471487077386,27.0176246811194,2.32647563264019e-05
4.39999982196714,189.001251674526,0,0.00028447148714844,27.0028154719065,0.000127704135315884
4.59999981387474,189.001308568823,0,0.000284471487148439,26.9879981363907,0.000127693598603756
4.79999980578234,189.00136546312,0,0.00028447148714844,26.97317266118,0.000127693598603756
4.99999979768993,189.001422357416,0,0.00028447148714844,26.9583390328453,0.000127693598603756
5.19999978959753,189.001479251713,0,0.000284471487077385,26.9434972379205,0.000127693598603756
5.39999978150513,189.00153614601,0,0.000284471487077385,26.9286472629026,0.000127693598603756
5.59999977341273,189.001593040306,0,0.00028447148714844,26.9137890942511,0.000127693598603756
5.79999976532032,189.001649934603,0,0.00028447148714844,26.8989227183884,0.000127693598603756
5.99999975722792,189.0017068289,0,0.000330958851030031,26.8840481216991,0.000127683061891628
6.19999973909727,189.00178231814,0,0.00058632497534012,26.869300050546,0.000127683061891628
6.39999967586237,189.001941358869,0,0.000795203730667187,26.8574178855486,0.000127683061891628
6.59999961262748,189.002100399598,0,0.000795203730667185,26.8425202892809,0.000127683061891628
6.79999954939259,189.002259440328,0,0.000795203730809293,26.8276144202561,0.000127672525179501
6.99999948615769,189.002418481057,0,0.000795203730738241,26.8127002646494,0.000127672525179501
7.1999994229228,189.002577521787,0,0.000795203730809293,26.7977778086529,0.000127661988467373
7.3999993596879,189.002736562516,0,0.000795203730809292,26.7828470383925,0.000127672525179501
7.59999929645301,189.002895603245,0,0.000795203730596129,26.7679079399555,0.000127672525179501
7.79999923321812,189.003054643975,0,0.000795203730667187,26.7529604993902,0.000127672525179501
7.99999916998322,189.003213684704,0,0.000795203730738237,26.7380047027061,0.000127661988467373
8.19999910674833,189.003372725434,0,0.000795203730809292,26.7230405358734,0.000104418305565227
8.39999904351343,189.003531766163,0,0.000795203730809299,26.7080679848231,-2.10734242554469e-08
8.59999898027854,189.003690806892,0,0.000795203730667183,26.6930870354467,-1.05367121277234e-08
8.79999891704365,189.003849847622,0,0.000795203730738237,26.6780976736231,-2.10734242554469e-08
8.99999885380875,189.004008888351,0,0.000795203730738241,26.6630998851104,-3.16101363831704e-08
9.19999879057386,189.00416792908,0,0.000795203730667183,26.6480936557346,-3.16101363831704e-08
9.39999872733896,189.00432696981,0,0.000795203730738237,26.6330789712011,-3.16101363831704e-08
9.59999866410407,189.004486010539,0,0.000795203730738241,26.6180558171748,-4.21468485108939e-08
9.79999860086918,189.004645051269,0,0.000795203730738241,26.6030241793341,-4.21468485108939e-08
9.99999853763428,189.004804091998,0,0.000795203730738237,26.5879840433165,-5.26835606386173e-08
10.1999984743994,189.004963132727,0,0.000795203730738237,26.572935394639,7.38292676483871e-05
10.3999984111645,189.005122173457,0,0.000795203730738237,26.5578782188573,0.00010201182320614
10.5999983479296,189.005281214186,0,0.000795203730738241,26.5428125014599,0.00010201182320614
10.7999982846947,189.005440254916,0,0.000795203730738241,26.5277382278938,0.000102022359918268
10.9999982214598,189.005599295645,0,0.000795203730738237,26.5126553835911,0.000102022359918268
11.1999981582249,189.005758336374,0,0.000795203730738237,26.497563953863,0.000102032896630396
11.39999809499,189.005917377104,0,0.000795203730667183,26.4824639240585,0.000102022359918268
11.5999980317551,189.006076417833,0,0.000795203730738241,26.4673552794845,0.000102022359918268
11.7999979685202,189.006235458562,0,0.000795203730809295,26.4522380053268,0.000102022359918268
11.9999979052853,189.006394499292,0,0.000942967630320028,26.4371120868344,0.000102032896630396
12.1999977829843,189.006612645551,0,0.00114709664704222,26.4233266484639,0.000102022359918268
12.3999976381523,189.006853337845,0,0.00120346176085341,26.4083725814801,0.000102022359918268
12.5999974933203,189.00709403014,0,0.00120346176092447,26.39322152376,0.000102022359918268
12.7999973484883,189.007334722434,0,0.00120346176085342,26.3780617635616,0.000102022359918268
12.9999972036563,189.007575414728,0,0.00120346176078236,26.3628932858719,0.000102032896630396
13.1999970588243,189.007816107022,0,0.00120346176085342,26.3477160756349,0.000102022359918268
13.3999969139923,189.008056799316,0,0.00120346176099552,26.3325301177511,0.000102022359918268
13.5999967691603,189.00829749161,0,0.00120346176092446,26.3173353970775,0.000102032896630396
13.7999966243283,189.008538183904,0,0.00120346176085342,26.3021318984274,0.000102032896630396
13.9999964794963,189.008778876198,0,0.00120346176078237,26.2869196065699,0.000102043433342524
14.1999963346643,189.009019568492,0,0.00120346176078237,26.2716985062562,2.81614821334979e-05
14.3999961898323,189.009260260786,0,0.00120346176092447,26.2564685821156,-1.05367121277237e-08
14.5999960450003,189.00950095308,0,0.00120346176092447,26.2412298188104,-1.05367121277237e-08
14.7999959001683,189.009741645374,0,0.00120346176085343,26.2259822009324,-1.05367121277237e-08
14.9999957553363,189.009982337668,0,0.00120346176078236,26.2107257130287,-1.05367121277237e-08
15.1999956105043,189.010223029963,0,0.00120346176085341,26.1954603396268,-1.05367121277237e-08
15.3999954656723,189.010463722257,0,0.00120346176092447,26.1801860651326,-1.05367121277237e-08
15.5999953208403,189.010704414551,0,0.00120346176085342,26.164902873983,-1.05367121277237e-08
15.7999951760083,189.010945106845,0,0.00120346176085342,26.1496107505439,4.20603880542182e-05
15.9999950311763,189.011185799139,0,0.00120346176085343,26.1343096791356,7.34555150947202e-05
16.1999948863443,189.011426491433,0,0.0012034617608534,26.1189996440323,7.34660518068479e-05
16.3999947415123,189.011667183727,0,0.00120346176092446,26.1036806294875,7.34555150947202e-05
16.5999945966803,189.011907876021,0,0.00120346176085343,26.0883526196324,7.34555150947202e-05
16.7999944518483,189.012148568315,0,0.00120346176078237,26.0730155986277,7.34449783825924e-05
16.9999943070163,189.012389260609,0,0.00120346176092448,26.0576695505619,7.34449783825924e-05
17.1999941621842,189.012629952903,0,0.00120346176092447,26.0423144594769,7.34555150947201e-05
17.3999940173522,189.012870645197,0,0.0012034617608534,26.0269503093674,7.34555150947201e-05
17.5999938725202,189.013111337491,0,0.00128760360881627,26.0115770841808,7.34449783825924e-05
17.7999936822384,189.013385686494,0,0.00143453571262113,25.9965980943615,7.34449783825924e-05
17.9999934580399,189.013685151575,0,0.00149732596705267,25.9814297944616,7.34449783825924e-05
18.1999932338415,189.013984616657,0,0.0014973259671237,25.9660296188027,7.34449783825924e-05
18.399993009643,189.014284081739,0,0.00149732596705265,25.9506203040664,7.34344416704647e-05
18.5999927854445,189.01458354682,0,0.00149732596698162,25.9352018339134,7.34344416704647e-05
18.7999925612461,189.014883011902,0,0.00149732596705266,25.9197741920548,7.34344416704647e-05
18.9999923370476,189.015182476983,0,0.00149732596698159,25.904337362054,7.34344416704647e-05
19.1999921128492,189.015481942065,0,0.0014973259669816,25.8888913275001,7.34449783825924e-05
19.3999918886507,189.015781407146,0,0.00149732596712371,25.873436071908,7.34449783825924e-05
19.5999916644522,189.016080872228,0,0.00149732596705266,25.8579715787681,7.34344416704647e-05
19.7999914402538,189.016380337309,0,0.00149732596698163,25.8424978314477,3.13740536162465e-05
19.9999912160553,189.016679802391,0,0.00149732596705265,25.827014813338,-2.1073424255447e-08
20.1999909918568,189.016979267472,0,0.00149732596705263,25.8115225077557,-1.05367121277237e-08
20.3999907676584,189.017278732554,0,0.0014973259669816,25.7960208979676,-5.69100261436483e-22
20.5999905434599,189.017578197635,0,0.00149732596698162,25.7805099671899,-5.69100261436483e-22
20.7999903192615,189.017877662717,0,0.00149732596698163,25.7649896985887,-5.69100261436483e-22
20.999990095063,189.018177127798,0,0.00149732596705266,25.7494600752789,-5.69100261436483e-22
21.1999898708645,189.01847659288,0,0.0014973259671237,25.7339210803489,2.81877049509308e-05
21.3999896466661,189.018776057961,0,0.00149732596698162,25.7183726967634,4.16540393992819e-05
21.5999894224676,189.019075523043,0,0.0014973259669816,25.7028149075323,4.16751128235374e-05
21.7999891982691,189.019374988124,0,0.00149732596705266,25.6872476955415,4.16751128235374e-05
21.9999889740707,189.019674453206,0,0.00149732596705266,25.6716710436252,4.16751128235374e-05
22.1999887498722,189.019973918287,0,0.00149732596705265,25.6560849346375,4.16751128235374e-05
22.3999885256737,189.020273383369,0,0.00149732596705266,25.6404893512845,4.16856495356651e-05
22.5999883014753,189.02057284845,0,0.00149732596705266,25.6248842762916,4.16856495356651e-05
22.7999880772768,189.020872313532,0,0.00149732596698162,25.6092696923313,4.16751128235374e-05
22.9999878530784,189.021171778613,0,0.00155370137544866,25.5936455819517,4.16751128235374e-05
23.1999875932364,189.02149379383,0,0.00163700945508493,25.5781830563937,4.16645761114097e-05
23.3999873163661,189.021826582102,0,0.0016639421261433,25.5625787661118,4.16645761114097e-05
23.5999870394958,189.022159370373,0,0.00166394212614332,25.5469261003135,4.16856495356651e-05
23.7999867626255,189.022492158645,0,0.00166394212600122,25.5312638381824,4.16751128235374e-05
23.9999864857552,189.022824946916,0,0.00166394212607225,25.5155919620706,4.16751128235374e-05
24.199986208885,189.023157735188,0,0.0016639421261433,25.4999104542522,4.16645761114097e-05
24.3999859320147,189.02349052346,0,0.0016639421261433,25.4842192969704,4.16645761114097e-05
24.5999856551444,189.023823311731,0,0.00166394212607226,25.468518472343,4.16645761114097e-05
24.7999853782741,189.024156100003,0,0.00166394212607228,25.4528079625269,4.16751128235374e-05
24.9999851014039,189.024488888275,0,0.0016639421261433,25.4370877495296,4.16751128235374e-05
25.1999848245336,189.024821676546,0,0.00166394212607225,25.4213578153739,1.34874078726066e-05
25.3999845476633,189.025154464818,0,0.00166394212607226,25.405618142003,2.10734242554469e-08
25.599984270793,189.02548725309,0,0.00166394212614332,25.3898687113276,1.05367121277234e-08
25.7999839939228,189.025820041361,0,0.00166394212607226,25.3741095051324,1.05367121277234e-08
25.9999837170525,189.026152829633,0,0.00166394212600121,25.3583405052155,1.05367121277234e-08
26.1999834401822,189.026485617905,0,0.00166394212614329,25.3425616932948,1.05367121277234e-08
26.3999831633119,189.026818406176,0,0.0016639421261433,25.3267730510314,6.29509250269345e-06
26.5999828864417,189.027151194448,0,0.00166394212607228,25.3109745600293,6.38785148307187e-06
26.7999826095714,189.02748398272,0,0.00166394212607226,25.2951662018349,6.3983881951996e-06
26.9999823327011,189.027816770991,0,0.00166394212607223,25.279347957937,6.40892490732732e-06
27.1999820558308,189.028149559263,0,0.00166394212607225,25.2635198097663,6.40892490732732e-06
27.3999817789606,189.028482347535,0,0.00166394212614332,25.2476817386954,6.40892490732732e-06
27.5999815020903,189.028815135806,0,0.00166394212614332,25.2318337260385,6.3983881951996e-06
27.79998122522,189.029147924078,0,0.00166394212600122,25.2159757530509,6.3983881951996e-06
27.9999809483497,189.02948071235,0,0.00166394212607225,25.2001078009292,6.40892490732732e-06
28.1999806714795,189.029813500621,0,0.00167653231274895,25.1842298508105,6.40892490732732e-06
28.3999803861651,189.03015132496,0,0.00168930763038786,25.1683499726645,6.40892490732732e-06
28.5999801007266,189.030489223352,0,0.00168949276149205,25.1524519765903,6.40892490732732e-06
28.7999798152881,189.030827121744,0,0.00168949276163416,25.1365439238309,6.40892490732732e-06
28.9999795298496,189.031165020135,0,0.0016894927615631,25.1206257970579,6.40892490732732e-06
29.1999792444111,189.031502918527,0,0.00168949276156309,25.1046975770634,6.41946161945505e-06
29.3999789589726,189.031840816918,0,0.00168949276156312,25.0887592446461,6.41946161945505e-06
29.599978673534,189.03217871531,0,0.00168949276142101,25.0728107805211,6.42999833158277e-06
29.7999783880955,189.032516613701,0,0.00168949276156312,25.0568521653422,6.42999833158277e-06
29.999978102657,189.032854512093,0,0.00168949276163416,25.0408833797239,6.44053504371049e-06
30.1999778172185,189.033192410484,0,0.00168949276156307,25.0249044041517,6.44053504371049e-06
30.39997753178,189.033530308876,0,0.00168949276149205,25.008915219116,1.3490582888932e-07
30.5999772463415,189.033868207268,0,0.00168949276156313,24.9929158050222,4.21468485108939e-08
30.799976960903,189.034206105659,0,0.00168949276156312,24.9769061422133,4.21468485108939e-08
30.9999766754645,189.034544004051,0,0.0016894927615631,24.9608862109688,4.21468485108939e-08
31.1999763900259,189.034881902442,0,0.00168949276163414,24.9448559915272,-1.46081937384108e-05
31.3999761045874,189.035219800834,0,0.0016894927615631,24.9288154639973,-3.25366609935385e-05
31.5999758191489,189.035557699225,0,0.00168949276149207,24.912764608512,-3.25366609935385e-05
31.7999755337104,189.035895597617,0,0.0016894927615631,24.896703405052,-3.25366609935385e-05
31.9999752482719,189.036233496009,0,0.00168949276163414,24.8806318336214,-3.25471977056662e-05
32.1999749628334,189.0365713944,0,0.00168949276149208,24.864549874072,-3.25577344177939e-05
32.3999746773949,189.036909292792,0,0.00168949276149208,24.8484575062779,-3.25577344177939e-05
32.5999743919564,189.037247191183,0,0.00168949276156307,24.8323547099605,-3.25577344177939e-05
32.7999741065179,189.037585089575,0,0.00168949276163416,24.8162414648411,-3.25577344177939e-05
32.9999738210793,189.037922987966,0,0.00166019207788421,24.8001177505748,-3.25577344177939e-05
33.1999735546785,189.0382491661,0,0.00159503445946427,24.7840254246416,-3.25682711299216e-05
33.3999733115751,189.038561001479,0,0.00155917752500222,24.7679433718784,-3.25682711299216e-05
33.5999730684717,189.038872836857,0,0.00155917752493114,24.7517881954532,-3.25788078420494e-05
33.7999728253683,189.039184672236,0,0.00155917752486014,24.7356224678616,-3.25788078420494e-05
33.9999725822649,189.039496507614,0,0.00155917752486014,24.7194461684031,-3.25893445541771e-05
34.1999723391614,189.039808342993,0,0.00155917752486014,24.703259276331,-3.25893445541771e-05
34.399972096058,189.040120178372,0,0.00155917752493117,24.6870617707664,-3.25788078420494e-05
34.5999718529546,189.04043201375,0,0.00155917752493117,24.6708536308259,-3.25788078420494e-05
34.7999716098512,189.040743849129,0,0.00155917752486017,24.6546348355362,-3.25788078420494e-05
34.9999713667478,189.041055684508,0,0.00155917752493117,24.6384053638549,-3.25893445541771e-05
35.1999711236444,189.041367519886,0,0.00155917752493117,24.6221651946703,-1.79495406793831e-05
35.399970880541,189.041679355265,0,0.00155917752486011,24.605914306801,-2.10734242554469e-08
35.5999706374376,189.041991190644,0,0.00155917752486008,24.5896526789956,-2.10734242554469e-08
35.7999703943342,189.042303026022,0,0.00155917752486014,24.5733802899324,-1.60969026703437e-06
35.9999701512308,189.042614861401,0,0.00155917752493119,24.5570971182189,-7.55141900557382e-05
36.1999699081274,189.042926696779,0,0.00155917752493119,24.540803142392,-7.55036533436104e-05
36.399969665024,189.043238532158,0,0.00155917752493117,24.5244983409169,-7.55036533436104e-05
36.5999694219206,189.043550367537,0,0.00155917752493114,24.5081826921874,-7.55036533436104e-05
36.7999691788172,189.043862202915,0,0.00155917752486014,24.4918561745254,-7.55036533436104e-05
36.9999689357138,189.044174038294,0,0.00155917752486014,24.4755187661801,-7.55036533436104e-05
37.1999686926104,189.044485873673,0,0.00155917752493119,24.4591704453494,-7.55141900557382e-05
37.3999684495069,189.044797709051,0,0.00155917752500225,24.4428111900954,-7.55141900557382e-05
37.5999682064035,189.04510954443,0,0.00155600036272877,24.4264409784695,-7.55141900557382e-05
37.7999679650898,189.045420108945,0,0.00140501420098993,24.4100602582959,-7.55141900557381e-05
37.9999678070333,189.045671549919,0,0.0012572052017374,24.394716547762,-7.55141900557381e-05
38.1999676489768,189.045922990893,0,0.0012572052017374,24.3783140402624,-7.55141900557381e-05
38.3999674909203,189.046174431867,0,0.00125720520166635,24.3619004891994,-7.55247267678659e-05
38.5999673328639,189.046425872841,0,0.00125720520159529,24.3454758722366,-7.55247267678659e-05
38.7999671748074,189.046677313815,0,0.00125720520166637,24.3290401669621,-7.55247267678659e-05
38.9999670167509,189.046928754789,0,0.00125720520173742,24.3125933508882,-7.55247267678659e-05
39.1999668586945,189.047180195764,0,0.00125720520166635,24.2961354014716,-7.55141900557382e-05
39.399966700638,189.047431636738,0,0.00125720520166635,24.2796662960314,-7.55036533436104e-05
39.5999665425815,189.047683077712,0,0.00125720520159529,24.2631860118708,-7.55036533436104e-05
39.799966384525,189.047934518686,0,0.00125720520159532,24.2466945261956,-7.39150365008315e-05
39.9999662264686,189.04818595966,0,0.0012572052017374,24.2301918161339,-1.05367121277238e-08
40.1999660684121,189.048437400634,0,0.0012572052017374,24.213677858736,-1.05367121277238e-08
40.3999659103556,189.048688841608,0,0.00125720520166637,24.197152630994,-8.00095427400113e-05
40.5999657522992,189.048940282582,0,0.00125720520166635,24.1806161097607,-0.000122611759285351
40.7999655942427,189.049191723556,0,0.00125720520166637,24.1640682718705,-0.000122611759285351
40.9999654361862,189.04944316453,0,0.00125720520166635,24.1475090940581,-0.000122611759285351
41.1999652781298,189.049694605505,0,0.00125720520166633,24.1309385529784,-0.000122601222573223
41.3999651200733,189.049946046479,0,0.00125720520166637,24.114356625226,-0.000122601222573223
41.5999649620168,189.050197487453,0,0.00125720520166635,24.0977632872551,-0.000122601222573223
41.7999648039603,189.050448928427,0,0.00125720520166635,24.0811585154988,-0.000122601222573223
41.9999646459039,189.050700369401,0,0.00125720520166637,24.0645422862888,-0.000122601222573223
42.1999644878474,189.050951810375,0,0.00109720719290384,24.047914575875,-0.000122601222573223
42.3999643945583,189.051139252178,0,0.00085200474470891,24.0324541656867,-0.000122590685861095
42.59996433576,189.051292612226,0,0.000766800311961961,24.0161292090808,-0.000122590685861095
42.7999642769617,189.051445972273,0,0.000766800312033016,23.9994679563374,-0.000122590685861095
42.9999642181635,189.051599332321,0,0.000766800312033016,23.9827951287431,-0.000122590685861095
43.1999641593652,189.051752692368,0,0.000766800311890907,23.9661107021407,-0.000122590685861095
43.3999641005669,189.051906052415,0,0.000766800311890907,23.9494146522888,-0.000122601222573223
43.5999640417687,189.052059412463,0,0.000766800311961961,23.9327069548613,-0.000122601222573223
43.7999639829704,189.05221277251,0,0.000766800311961975,23.9159875854472,-0.000122601222573223
43.9999639241721,189.052366132557,0,0.000766800311961961,23.8992565195502,-0.000122590685861095
44.1999638653739,189.052519492605,0,0.000766800311961948,23.8825137325882,-0.000122590685861095
44.3999638065756,189.052672852652,0,0.000766800311961975,23.8657591998927,-4.25916798332116e-05
44.5999637477773,189.052826212699,0,0.000766800311961975,23.8489928967088,-5.19189345678401e-05
44.7999636889791,189.052979572747,0,0.000766800311961961,23.8322147981942,-0.000174132635637849
44.9999636301808,189.053132932794,0,0.000766800311961961,23.8154248794193,-0.000174132635637849
45.1999635713825,189.053286292842,0,0.000766800311961961,23.7986231153667,-0.000174132635637849
45.3999635125843,189.053439652889,0,0.000766800311961975,23.7818094809303,-0.000174132635637849
45.599963453786,189.053593012936,0,0.000766800311890907,23.7649839509154,-0.000174132635637849
45.7999633949877,189.053746372984,0,0.000766800311890907,23.748146500038,-0.000174132635637849
45.9999633361894,189.053899733031,0,0.000766800311961961,23.7312971029433,-0.000174132635637849
46.1999632773912,189.054053093078,0,0.000766800311961948,23.7144357341297,-0.000174132635637849
46.3999632185929,189.054206453126,0,0.000662941375010977,23.6975623680615,-0.000174132635637849
46.5999631771812,189.054318269601,0,0.000314655028132813,23.6811417805813,-0.000174132635637849
46.799963176688,189.054332315128,0,7.02276359598699e-05,23.6670045769167,-0.000174132635637849
46.9999631761948,189.054346360655,0,7.02276359598687e-05,23.6500973707043,-0.000174132635637849
47.1999631757016,189.054360406182,0,7.02276359598674e-05,23.6331780690578,-0.000174132635637849
47.3999631752084,189.054374451709,0,7.02276359598699e-05,23.6162466459807,-0.000174132635637849
47.5999631747152,189.054388497237,0,7.02276359598674e-05,23.5993030753833,-0.000174132635637849
47.7999631742221,189.054402542764,0,7.02276359598674e-05,23.5823473310821,-0.000174132635637849
47.9999631737289,189.054416588291,0,7.02276359598712e-05,23.5653793867995,-0.000174143172349976
48.1999631732357,189.054430633818,0,7.0227636030923e-05,23.5483992161632,-0.000174153709062104
48.3999631727425,189.054444679345,0,7.02276359598674e-05,23.5314067927057,-0.000174153709062104
48.5999631722493,189.054458724873,0,7.02276359598687e-05,23.5144020898639,-0.000122234774494264
48.7999631717561,189.0544727704,0,7.02276360309242e-05,23.4973850809786,-0.00021040823881766
48.9999631712629,189.054486815927,0,7.02276359598687e-05,23.480355739294,-0.000230368395683222
49.1999631707697,189.054500861454,0,7.02276359598674e-05,23.4633140379571,-0.000230368395683222
49.3999631702765,189.054514906981,0,7.02276359598687e-05,23.4462599500176,-0.000230368395683222
49.5999631697833,189.054528952508,0,7.02276359598674e-05,23.4291934484266,-0.000230368395683222
49.7999631692901,189.054542998036,0,7.0227636030923e-05,23.4121145060372,-0.000230368395683222
49.9999631687969,189.054557043563,0,7.02276360309242e-05,23.395023095603,-0.000230368395683222
50.1999631683037,189.05457108909,0,7.02276359598674e-05,23.3779191897963,-0.000230368395683222
50.3999631678106,189.054585134617,0,7.02276358888144e-05,23.3608027611349,-0.000230368395683222
50.5999631673174,189.054599180144,0,-0.000350546693443636,23.3436737821083,-0.000230368395683222
50.7999631011048,189.054444915957,0,-0.000811241351867308,23.3368230694729,-0.000230368395683222
50.9999630286572,189.054274683645,0,-0.000851161665481534,23.319741270043,-0.000230378932395349
51.1999629562095,189.054104451332,0,-0.000851161665410464,23.3025821080357,-0.000230378932395349
51.3999628837619,189.05393421902,0,-0.000851161665481534,23.2854103013399,-0.000230378932395349
51.5999628113143,189.053763986707,0,-0.000851161665481549,23.2682258219604,-0.000230378932395349
51.7999627388667,189.053593754395,0,-0.00085116166533944,23.2510286417987,-0.000230378932395349
51.9999626664191,189.053423522082,0,-0.000851161665410479,23.2338187326523,-0.000230389469107477
52.1999625939715,189.05325328977,0,-0.000851161665481518,23.216596066214,-0.000230378932395349
52.3999625215239,189.053083057457,0,-0.000851161665481549,23.1993606140718,-0.000230378932395349
52.5999624490762,189.052912825145,0,-0.000851161665481549,23.1821123477078,-0.000362777454810926
52.7999623766286,189.052742592832,0,-0.000851161665481534,23.1648512384981,-0.000311405430805641
52.999962304181,189.05257236052,0,-0.000851161665410479,23.1475772577296,-0.000291445273940079
53.1999622317334,189.052402128207,0,-0.000851161665481518,23.1302903765292,-0.000291445273940079
53.3999621592858,189.052231895894,0,-0.000851161665481549,23.1129905659688,-0.000291455810652207
53.5999620868382,189.052061663582,0,-0.000851161665410494,23.095677796994,-0.000291455810652207
53.7999620143906,189.051891431269,0,-0.000851161665481534,23.0783520404417,-0.000291455810652207
53.9999619419429,189.051721198957,0,-0.000851161665410479,23.0610132670567,-0.000291455810652207
54.1999618694953,189.051550966644,0,-0.000851161665410479,23.0436614474212,-0.000291455810652207
54.3999617970477,189.051380734332,0,-0.0011159797427892,23.026296552059,-0.000291455810652207
54.5999615726994,189.051104574893,0,-0.00169882815270888,23.0119109484527,-0.000291455810652207
54.7999611659278,189.050701203489,0,-0.00201685838714575,22.9990490267573,-0.000291455810652207
54.9999607591562,189.050297832085,0,-0.00201685838707469,22.9816504223519,-0.000291445273940079
55.1999603523845,189.049894460681,0,-0.00201685838707473,22.9642386360877,-0.000291445273940079
55.3999599456129,189.049491089277,0,-0.00201685838714578,22.9468136379754,-0.000291445273940079
55.5999595388413,189.049087717873,0,-0.00201685838707462,22.9293753978597,-0.000291445273940079
55.7999591320696,189.048684346469,0,-0.00201685838707466,22.9119238855224,-0.000291455810652207
55.999958725298,189.048280975065,0,-0.00201685838714578,22.894459070613,-0.000291445273940079
56.1999583185263,189.047877603662,0,-0.00201685838707469,22.8769809226649,-0.000291445273940079
56.3999579117547,189.047474232258,0,-0.00201685838707469,22.8594894110952,-0.000605650865955766
56.5999575049831,189.047070860854,0,-0.00201685838714575,22.8419845052039,-0.000516595099553674
56.7999570982114,189.04666748945,0,-0.00201685838714578,22.8244661741731,-0.000357579958165555
56.9999566914398,189.046264118046,0,-0.00201685838707469,22.8069343870669,-0.000357579958165555
57.1999562846682,189.045860746642,0,-0.00201685838707466,22.78938911283,-0.000357579958165555
57.3999558778965,189.045457375238,0,-0.00201685838707469,22.7718303202877,-0.000357569421453427
57.5999554711249,189.045054003834,0,-0.00201685838714575,22.754257978145,-0.000357569421453427
57.7999550643532,189.04465063243,0,-0.00201685838714578,22.7366720550025,-0.000357569421453427
57.9999546575816,189.044247261026,0,-0.00201685838700364,22.7190725192895,-0.000357569421453427
58.19995425081,189.043843889622,0,-0.00264526954404531,22.7014593393626,-0.000357569421453427
58.3999531573175,189.043189154709,0,-0.00336038735462551,22.7014593393626,-0.000357569421453427
58.599951969073,189.042499737288,0,-0.00344709393030514,22.6841155721468,-0.000357569421453427
58.7999507808286,189.041810319867,0,-0.00344709393030508,22.6664752286391,-0.000357569421453427
58.9999495925841,189.041120902447,0,-0.00344709393030508,22.6488211457133,-0.000357569421453427
59.1999484043396,189.040431485026,0,-0.00344709393037613,22.6311532912159,-0.000357569421453427
59.3999472160951,189.039742067605,0,-0.00344709393037613,22.6134716328677,-0.000357569421453427
59.5999460278506,189.039052650184,0,-0.00344709393030508,22.5957761382634,-0.000357569421453427
59.7999448396062,189.038363232764,0,-0.00344709393023403,22.5780667748705,-0.000419848932693499
59.9999436513617,189.037673815343,0,-0.00344709393030508,22.5603435100291,-0.00078646167723501
60.1999424631172,189.036984397922,0,-0.00344709393030508,22.5426063109506,-0.00078646167723501
60.3999412748727,189.036294980502,0,-0.00344709393030508,22.5248551447176,-0.000472256085219324
60.5999400866282,189.035605563081,0,-0.00344709393037613,22.5070899782827,-0.000428902792493711
60.7999388983838,189.03491614566,0,-0.00344709393030508,22.4893107784679,-0.000428902792493711
60.9999377101393,189.034226728239,0,-0.00344709393030514,22.4715175119642,-0.000428902792493711
61.1999365218948,189.033537310819,0,-0.00344709393037613,22.4537101453304,-0.000428902792493711
61.3999353336503,189.032847893398,0,-0.00344709393030508,22.4358886449927,-0.000428902792493711
61.5999341454058,189.032158475977,0,-0.00357167400203965,22.4180529772438,-0.000428902792493711
61.7999327426401,189.031419226976,0,-0.00442947965143299,22.4007703887182,-0.000428902792493711
61.9999300772936,189.030386690549,0,-0.00516270507230751,22.4007703887182,-0.000428902792493711
62.1999274119472,189.029354154121,0,-0.00516270507230742,22.382906737242,-0.000428902792493711
62.3999247466007,189.028321617693,0,-0.00516270507223645,22.3650288175104,-0.000428902792493711
62.5999220812543,189.027289081266,0,-0.00516270507223636,22.3471365952793,-0.000428902792493711
62.7999194159079,189.026256544838,0,-0.00516270507230751,22.3292300361672,-0.000428913329205839
62.9999167505614,189.02522400841,0,-0.00516270507230751,22.3113091056547,-0.000428913329205839
63.199914085215,189.024191471983,0,-0.00516270507230751,22.2933737690838,-0.000536907631366471
63.3999114198685,189.023158935555,0,-0.0051627050721654,22.2754239916566,-0.00093447730253995
63.5999087545221,189.022126399127,0,-0.0051627050721654,22.2574597384354,-0.00093447730253995
63.7999060891756,189.0210938627,0,-0.00516270507230751,22.2394809743409,-0.000872187254587751
63.9999034238292,189.020061326272,0,-0.00516270507230751,22.2214876641523,-0.000505585046758367
64.1999007584827,189.019028789844,0,-0.00516270507230742,22.2034797725058,-0.000505595583470495
64.3998980931363,189.017996253417,0,-0.00516270507223627,22.1854572638941,-0.000505595583470495
64.5998954277898,189.016963716989,0,-0.00516270507223645,22.1674201026658,-0.000505595583470495
64.7998927624434,189.015931180561,0,-0.00516270507230751,22.1493682530396,-0.000505606120182622
64.999890097097,189.014898644134,0,-0.00537869360416751,22.1313016790418,-0.000505606120182622
65.1998868983629,189.013779713913,0,-0.00638982163642395,22.1149143449979,-0.000505595583470495
65.3998817360189,189.012342734119,0,-0.00718496078944484,22.1149143449979,-0.000505606120182622
65.599876573675,189.010905754325,0,-0.00718496078937379,22.0968196011687,-0.000505606120182622
65.799871411331,189.009468774531,0,-0.00718496078944458,22.0787100276849,-0.000505606120182622
65.9998662489871,189.008031794737,0,-0.00718496078951589,22.0605855880407,-0.000505606120182622
66.1998610866431,189.006594814943,0,-0.00718496078944484,22.0424462455495,-0.000505595583470495
66.3998559242992,189.005157835149,0,-0.00718496078937328,22.024291963374,-0.000531950840961785
66.5998507619553,189.003720855354,0,-0.00718496078937379,22.0061227045552,-0.00109319216630084
66.7998455996113,189.00228387556,0,-0.0071849607894451,21.9879384319814,-0.00109318162958871
66.9998404372674,189.000846895766,0,-0.00718496078944458,21.9697391083418,-0.00109318162958871
67.1998352749234,188.999409915972,0,-0.00718496078944433,21.9515246962315,-0.00098518732742808
67.3998301125795,188.997972936178,0,-0.00718496078944458,21.933295158045,-0.000587617656254601
67.5998249502355,188.996535956384,0,-0.00718496078937379,21.9150504560204,-0.000587617656254601
67.7998197878916,188.99509897659,0,-0.00718496078944484,21.8967905522686,-0.000587617656254601
67.9998146255476,188.993661996796,0,-0.00718496078944458,21.8785154087274,-0.000587607119542473
68.1998094632037,188.992225017002,0,-0.00723767129804795,21.8602249871901,-0.000587596582830346
68.3998041245945,188.990766953727,0,-0.00841286469945685,21.8420121322275,-0.000587596582830346
68.5997950323783,188.988859913136,0,-0.00953534745319786,21.8420121322275,-0.000587596582830346
68.7997859401621,188.986952872545,0,-0.00953534745326857,21.8236911173241,-0.000587586046118218
68.9997768479459,188.985045831953,0,-0.00953534745312613,21.8053547089785,-0.000587586046118218
69.1997677557296,188.983138791362,0,-0.00953534745312647,21.7870028683243,-0.000587596582830346
69.3997586635134,188.98123175077,0,-0.00953534745319752,21.7686355563313,-0.000587586046118218
69.5997495712972,188.979324710179,0,-0.0095353474531268,21.7502527338045,-0.000993287862877029
69.799740479081,188.977417669588,0,-0.00953534745319786,21.7318543613833,-0.00126257677242646
69.9997313868648,188.975510628996,0,-0.00953534745326823,21.7134403995399,-0.00126257677242646
70.1997222946486,188.973603588405,0,-0.00953534745319718,21.6950108085793,-0.00126258730913859
70.3997132024324,188.971696547813,0,-0.00953534745319752,21.6765655486374,-0.0012362320516473
70.5997041102161,188.969789507222,0,-0.00953534745319752,21.6581045796804,-0.000674990726308244
70.7996950179999,188.967882466631,0,-0.0095353474531268,21.6396278615038,-0.000674990726308244
70.9996859257837,188.965975426039,0,-0.00953534745319752,21.6211353537314,-0.000674990726308244
71.1996768335675,188.964068385448,0,-0.00953534745319718,21.6026270158139,-0.000675001263020372
71.3996677413513,188.962161344856,0,-0.010346750466638,21.5841028070284,-0.000675001263020372
71.5996551162494,188.959929762277,0,-0.0116967320341576,21.5841028070284,-0.000675001263020372
71.7996401461565,188.95748276145,0,-0.0122353094082722,21.5841028070284,-0.000675001263020372
71.9996251760636,188.955035760623,0,-0.0122353094082007,21.5655626864771,-0.000675001263020372
72.1996102059708,188.952588759796,0,-0.0122353094082003,21.547006613086,-0.000675001263020372
72.3995952358779,188.95014175897,0,-0.0122353094082718,21.5284345456044,-0.000674990726308244
72.599580265785,188.947694758143,0,-0.0122353094082722,21.5098464426033,-0.00132398625840969
72.7995652956921,188.945247757316,0,-0.0122353094082007,21.4912422624745,-0.00144264918241592
72.9995503255993,188.942800756489,0,-0.0122353094082713,21.4726219634299,-0.00144264918241592
73.1995353555064,188.940353755662,0,-0.0122353094082718,21.4539855035137,-0.00144264918241592
73.3995203854135,188.937906754836,0,-0.0122353094082007,21.4353328405456,-0.00144264918241592
73.5995054153206,188.935459754009,0,-0.0122353094082722,21.4166639322042,-0.00103694736565711
73.7994904452278,188.933012753182,0,-0.0122353094082012,21.3979787359688,-0.00076765845610768
73.9994754751349,188.930565752355,0,-0.0122353094082713,21.3792772091335,-0.00076765845610768
74.199460505042,188.928118751529,0,-0.0122353094083424,21.360559308805,-0.00076765845610768
74.3994455349492,188.925671750702,0,-0.013533300037348,21.3418249919158,-0.00076765845610768
74.5994234154265,188.922705602981,0,-0.0150686173158916,21.3418249919158,-0.00076765845610768
74.7993999886947,188.919644533901,0,-0.0153059430196729,21.3249121740999,-0.000767668992819808
74.9993765619629,188.916583464821,0,-0.0153059430197434,21.3061465129919,-0.000767668992819808
75.1993531352311,188.913522395741,0,-0.0153059430196718,21.2873643092111,-0.00076765845610768
75.3993297084993,188.91046132666,0,-0.0153059430197434,21.2685655189313,-0.00141008834128847
75.5993062817675,188.90740025758,0,-0.0153059430196019,21.2497500981323,-0.00163308395872421
75.7992828550356,188.9043391885,0,-0.0153059430196024,21.2309180025988,-0.00163309449543634
75.9992594283038,188.90127811942,0,-0.0153059430197434,21.2120691879193,-0.00163309449543634
76.199236001572,188.898217050339,0,-0.0153059430196718,21.1932036094847,-0.00163310503214847
76.3992125748402,188.895155981259,0,-0.0153059430196724,21.1743212224873,-0.00163311556886059
76.5991891481084,188.892094912179,0,-0.015305943019744,21.1554219819193,-0.000984120036759153
76.7991657213766,188.889033843099,0,-0.0153059430196729,21.1365058425853,-0.000865457112752914
76.9991422946448,188.885972774018,0,-0.0153059430196013,21.117572759047,-0.000865457112752914
77.1991188679129,188.882911704938,0,-0.0165908016709488,21.0986226857026,-0.000865457112752914
77.3990866856577,188.879336767072,0,-0.0183216530449352,21.0986226857026,-0.000865457112752914
77.5990514642462,188.875583458659,0,-0.0187676437839644,21.0870761234681,-0.000865457112752914
77.7990162428347,188.871830150246,0,-0.0187676437839644,21.0680986194175,-0.000865457112752914
77.9989810214232,188.868076841833,0,-0.0187676437839644,21.0491040055747,-0.00111447396235586
78.1989458000117,188.864323533419,0,-0.0187676437839637,21.0300922356051,-0.00183347362495835
78.3989105786003,188.860570225006,0,-0.0187676437839644,21.0110632629112,-0.00183347362495835
78.5988753571888,188.856816916593,0,-0.0187676437839637,20.9920170407242,-0.00183347362495835
78.7988401357773,188.85306360818,0,-0.0187676437838927,20.9729535220497,-0.00183347362495835
78.9988049143658,188.849310299767,0,-0.0187676437839651,20.9538726596793,-0.00183347362495835
79.1987696929543,188.845556991353,0,-0.0187676437839644,20.9347744061897,-0.00183347362495835
79.3987344715429,188.84180368294,0,-0.0187676437838927,20.915658713941,-0.00119104373977755
79.5986992501314,188.838050374527,0,-0.0187676437839644,20.8965255350753,-0.000968048122341815
79.7986640287199,188.834297066114,0,-0.0192656767907465,20.8773748215157,-0.000968037585629688
79.9986246831534,188.830344586994,0,-0.0212017103316772,20.8678423017337,-0.000968048122341815
80.1985734297044,188.82581703217,0,-0.0226397080928321,20.8678423017337,-0.000968037585629688
80.3985221762554,188.821289477346,0,-0.0226397080927619,20.8486652409699,-0.000968037585629688
80.5984709228063,188.816761922521,0,-0.0226397080928329,20.8294705244763,-0.00135158481226695
80.7984196693573,188.812234367697,0,-0.0226397080929048,20.8102581034104,-0.00204308487870975
80.9983684159083,188.807706812873,0,-0.0226397080928337,20.7910279286658,-0.00204309541542188
81.1983171624593,188.803179258049,0,-0.0226397080928321,20.7717799509469,-0.00204309541542188
81.3982659090103,188.798651703224,0,-0.0226397080928321,20.752514120717,-0.00204309541542188
81.5982146555613,188.7941241484,0,-0.0226397080928321,20.7332303882092,-0.00204309541542188
81.7981634021123,188.789596593576,0,-0.0226397080928329,20.7139287034246,-0.00204309541542188
81.9981121486633,188.785069038752,0,-0.0226397080928337,20.6946090161443,-0.00179408910253106
82.1980608952143,188.780541483927,0,-0.0226397080928337,20.6752712758764,-0.00107508943992858
82.3980096417653,188.776013929103,0,-0.0234068009939503,20.6559154319309,-0.00107508943992858
82.5979507826567,188.771179631131,0,-0.02555689609649,20.6559154319309,-0.00107508943992858
82.7978782112585,188.765792304088,0,-0.0269398937360268,20.6559154319309,-0.00107507890321645
82.9978056398603,188.760404977046,0,-0.0269398937360978,20.6365414333797,-0.0010853188456737
83.1977330684621,188.755017650003,0,-0.0269398937360249,20.617149229018,-0.00226109099525783
83.3976604970639,188.74963032296,0,-0.0269398937359539,20.5977387674375,-0.00226108045854571
83.5975879256657,188.744242995917,0,-0.0269398937359539,20.5783099969749,-0.00226108045854571
83.7975153542676,188.738855668874,0,-0.0269398937360259,20.5588628657228,-0.00226108045854571
83.9974427828694,188.733468341831,0,-0.0269398937360978,20.5393973215404,-0.00226106992183358
84.1973702114712,188.728081014788,0,-0.0269398937360249,20.5199133120026,-0.00226106992183358
84.397297640073,188.722693687746,0,-0.0269398937359529,20.5004107844721,-0.00226105938512145
84.5972250686748,188.717306360703,0,-0.0269398937360249,20.4808896860488,-0.00187751215848419
84.7971524972766,188.71191903366,0,-0.0269603736148673,20.4613499635802,-0.00118601209204139
84.9970796857903,188.706523518162,0,-0.029332399962127,20.4418030336044,-0.00118600155532926
85.1969793069433,188.70018778909,0,-0.0316839462020014,20.4418030336044,-0.00118600155532926
85.3968789280964,188.693852060017,0,-0.0316839462019304,20.4222259135769,-0.00142222355117534
85.5967785492494,188.687516330945,0,-0.0316839462020014,20.402630008535,-0.00248629080660368
85.7966781704024,188.681180601873,0,-0.0316839462020014,20.3830152643119,-0.00248629080660368
85.9965777915555,188.6748448728,0,-0.0316839462020036,20.363381626468,-0.00248628026989155
86.1964774127085,188.668509143728,0,-0.0316839462020025,20.3437290403007,-0.00248628026989155
86.3963770338615,188.662173414656,0,-0.0316839462019304,20.3240574508551,-0.00248629080660368
86.5962766550145,188.655837685584,0,-0.0316839462020014,20.3043668028742,-0.00248629080660368
86.7961762761676,188.649501956511,0,-0.0316839462020025,20.2846570408686,-0.0024863013433158
86.9960758973206,188.643166227439,0,-0.0316839462020036,20.2649281090671,-0.00247606140085855
87.1959755184736,188.636830498367,0,-0.0321563892614194,20.2451799514269,-0.00130027871456229
87.3958686618873,188.630305902704,0,-0.0347569693879604,20.2326560861906,-0.00130028925127442
87.5957326262423,188.622930555098,0,-0.0368851012259225,20.2326560861906,-0.00130027871456229
87.7955965905972,188.615555207491,0,-0.0368851012260658,20.2128763985254,-0.00249892938952261
87.9954605549522,188.608179859885,0,-0.0368851012259238,20.1930773361087,-0.00271739815975611
88.1953245193071,188.600804512278,0,-0.0368851012259225,20.1732588418943,-0.00271740869646823
88.3951884836621,188.593429164672,0,-0.0368851012259922,20.1534208585673,-0.00271741923318036
88.5950524480171,188.586053817065,0,-0.0368851012259225,20.1335633284954,-0.00271741923318036
88.7949164123721,188.578678469459,0,-0.0368851012259238,20.1136861938084,-0.00271742976989249
88.994780376727,188.571303121852,0,-0.0368851012259225,20.0937893963035,-0.00271742976989249
89.194644341082,188.563927774246,0,-0.0368851012259935,20.0738728775356,-0.00271742976989249
89.394508305437,188.556552426639,0,-0.0368851012259935,20.0539365787234,-0.00248120777404641
89.5943722697919,188.549177079033,0,-0.039282399849927,20.033980440839,-0.00141714051861807
89.7941981565465,188.540843569111,0,-0.0421166410502645,20.033980440839,-0.00141714051861807
89.9940171031726,188.532335421885,0,-0.0425535776890849,20.0197261349986,-0.00291008520046069
90.1938360497987,188.523827274658,0,-0.0425535776891513,19.9997358612758,-0.00295276394121092
90.3936549964249,188.515319127432,0,-0.0425535776890819,19.9797255867242,-0.00295275340449879
90.593473943051,188.506810980205,0,-0.0425535776891544,19.9596952512006,-0.00295275340449879
90.7932928896771,188.498302832979,0,-0.0425535776891544,19.9396447942597,-0.00295274286778666
90.9931118363032,188.489794685752,0,-0.0425535776890834,19.9195741551181,-0.00295275340449879
91.1929307829293,188.481286538526,0,-0.0425535776890819,19.8994832727197,-0.00295276394121092
91.3927497295554,188.472778391299,0,-0.0425535776890834,19.8793720856885,-0.00295276394121092
91.5925686761816,188.464270244073,0,-0.0425535776891544,19.8592405323378,-0.00295277447792304
91.7923876228077,188.455762096846,0,-0.0455394699676335,19.8390885506681,-0.00175412380296272
91.9921520960891,188.446060837363,0,-0.0486107212510385,19.8390885506681,-0.00241762916432438
92.1919150121366,188.436325470282,0,-0.0486960786903525,19.819098406198,-0.00319045909603135
92.3916779281841,188.426590103201,0,-0.0486960786903525,19.7989055665852,-0.00319045909603135
92.5914408442316,188.41685473612,0,-0.0486960786904235,19.7786921113242,-0.00319044855931922
92.7912037602791,188.407119369039,0,-0.0486960786904252,19.7584579771438,-0.0031904380226071
92.9909666763266,188.397384001958,0,-0.0486960786904235,19.7382031004595,-0.00319042748589497
93.1907295923741,188.387648634877,0,-0.0486960786903508,19.7179274173274,-0.00319042748589497
93.3904925084216,188.377913267796,0,-0.0486960786904235,19.6976308635072,-0.00319042748589497
93.5902554244691,188.368177900715,0,-0.0486960786904217,19.6773133744165,-0.00319042748589497
93.7900183405166,188.358442533634,0,-0.0504600182494813,19.6569748851391,-0.00319042748589497
93.9897445791125,188.348002544186,0,-0.0537696489797655,19.6569748851391,-0.00258683374669442
94.1894386786377,188.336945120669,0,-0.0553153221035047,19.6569748851391,-0.00342838439441434
94.3891327781628,188.325887697151,0,-0.0553153221033608,19.6366153304227,-0.00342838439441434
94.5888268776879,188.314830273633,0,-0.0553153221034338,19.6162346446868,-0.00342837385770221
94.7885209772131,188.303772850116,0,-0.0553153221035086,19.595832761978,-0.00342837385770221
94.9882150767382,188.292715426598,0,-0.0553153221034338,19.575409616042,-0.00342837385770221
95.1879091762633,188.281658003081,0,-0.0553153221035027,19.5549651402356,-0.00342837385770221
95.3876032757885,188.270600579563,0,-0.0553153221034338,19.5344992675991,-0.00342837385770221
95.5872973753136,188.259543156045,0,-0.0553153221035047,19.5140119308109,-0.00342837385770221
95.7869914748387,188.248485732528,0,-0.0570940137368922,19.4935030621956,-0.00342836332099008
95.9866437192245,188.236718063824,0,-0.0606411762588959,19.4935030621956,-0.00415737489622924
96.1862543495036,188.224244240049,0,-0.0624096248322117,19.4935030621956,-0.00366428484535049
96.3858649797827,188.211770416273,0,-0.062409624832143,19.4729725937215,-0.00366428484535049
96.5854756100618,188.199296592498,0,-0.0624096248320699,19.4524204570083,-0.00366429538206262
96.7850862403409,188.186822768723,0,-0.062409624832143,19.4318465832827,-0.00366428484535049
96.98469687062,188.174348944948,0,-0.0624096248321453,19.4112509034487,-0.00366429538206262
97.1843075008991,188.161875121172,0,-0.0624096248321408,19.3906333480018,-0.00366429538206262
97.3839181311783,188.149401297397,0,-0.0624096248321408,19.3699938470986,-0.00366429538206262
97.5835287614574,188.136927473622,0,-0.0624096248320721,19.3493323305131,-0.00366429538206262
97.7831393917365,188.124453649847,0,-0.065631590203752,19.3286487276539,-0.00478775271121398
97.98266477826,188.11069386417,0,-0.0694130680564486,19.3286487276539,-0.00477999977046865
98.1821753619854,188.096710767891,0,-0.0699725669036445,19.3172620829011,-0.00389577038199851
98.3816859457107,188.082727671611,0,-0.0699725669037153,19.2965441045668,-0.00389577038199851
98.5811965294361,188.068744575331,0,-0.0699725669037178,19.275803858192,-0.00389577038199851
98.7807071131614,188.054761479051,0,-0.0699725669036469,19.2550412718301,-0.00389577038199851
98.9802176968868,188.040778382772,0,-0.0699725669037178,19.2342562731154,-0.00389575984528639
99.1797282806122,188.026795286492,0,-0.0699725669037887,19.2134487893215,-0.00389575984528639
99.3792388643375,188.012812190212,0,-0.0699725669037153,19.1926187473174,-0.00389575984528639
99.5787494480629,187.998829093933,0,-0.072219465649263,19.171766073575,-0.00517110965031307
99.778193599759,187.983949696045,0,-0.0762295791155985,19.171766073575,-0.00601102722878311
99.9775856209474,187.96836695282,0,-0.0779927620623693,19.171766073575,-0.00440005205866093
100.176977642136,187.952784209595,0,-0.0779927620624401,19.1508906941656,-0.00412030164112058
100.376369663324,187.937201466371,0,-0.0779927620624457,19.1299925347576,-0.00412030164112058
100.575761684513,187.921618723146,0,-0.0779927620624429,19.1090715206223,-0.00412030164112058
100.775153705701,187.906035979921,0,-0.077992762062511,19.0881275765922,-0.00412032271454483
100.974545726889,187.890453236697,0,-0.077992762062372,19.0671606271164,-0.00412032271454483
101.173937748078,187.874870493472,0,-0.0779927620624429,19.0461705962185,-0.00412032271454483
101.373329769266,187.859287750247,0,-0.0805434425806687,19.0251574075028,-0.00624647424412204
101.572637994813,187.8426881814,0,-0.0847739598300289,19.0251574075028,-0.00634040415150938
101.771891034967,187.825418960532,0,-0.086453760308679,19.0251574075028,-0.00521694682235801
101.971144075121,187.808149739663,0,-0.0864537603088237,19.004120984161,-0.00433534882046127
102.170397115275,187.790880518795,0,-0.0864537603088206,18.9830612489301,-0.00433534882046127
102.369650155429,187.773611297927,0,-0.0864537603086759,18.961978124147,-0.00433534882046127
102.568903195583,187.756342077059,0,-0.086453760308679,18.940871531707,-0.00433535935717339
102.768156235736,187.739072856191,0,-0.0864537603087498,18.9197413930792,-0.00433535935717339
102.96740927589,187.721803635323,0,-0.0864537603087498,18.8985876292646,-0.00573457342196641
103.166662316044,187.704534414454,0,-0.0907060693892576,18.8774101608508,-0.00665373243518885
103.365760965817,187.685571296459,0,-0.095146245079106,18.8774101608508,-0.00665373243518885
103.564852794813,187.666533344176,0,-0.0953341045946221,18.8569801861085,-0.00537838263016217
103.763944623808,187.647495391893,0,-0.0953341045946928,18.835755937559,-0.00453847558840425
103.963036452804,187.62845743961,0,-0.0953341045946221,18.8145077463985,-0.00453846505169213
104.1621282818,187.609419487327,0,-0.0953341045946928,18.7932355314163,-0.00453846505169213
104.361220110796,187.590381535044,0,-0.0953341045946187,18.7719392109417,-0.00453846505169213
104.560311939791,187.571343582761,0,-0.0953341045945446,18.7506187028399,-0.00579242120370647
104.759403768787,187.552305630478,0,-0.0981325075844609,18.7292739245089,-0.00694745525371212
104.958383880574,187.532153905455,0,-0.102769258428485,18.7292739245089,-0.00694744471699999
105.157290603942,187.511270529317,0,-0.104607558576351,18.7292739245089,-0.00694744471699999
105.356197327311,187.490387153179,0,-0.104607558576347,18.7079047928754,-0.00482129318742279
105.555104050679,187.46950377704,0,-0.104607558576347,18.686511224391,-0.00472736328003545
105.754010774047,187.448620400902,0,-0.104607558576425,18.6650931350285,-0.00472735274332333
105.952917497415,187.427737024764,0,-0.104607558576425,18.6436504402783,-0.00472735274332333
106.151824220783,187.406853648626,0,-0.104607558576347,18.6221830551439,-0.00644592861661978
106.350730944152,187.385970272487,0,-0.107115444450457,18.6006908941386,-0.00721838003672081
106.549528115573,187.364089740253,0,-0.111933450611635,18.6006908941386,-0.00721838003672081
106.748224376413,187.341290706763,0,-0.114243515072934,18.6006908941386,-0.00721838003672081
106.946920637253,187.318491673272,0,-0.114243515073009,18.5791738712901,-0.00581916597192779
107.145616898094,187.295692639782,0,-0.114243515072997,18.5576319001005,-0.00490000695870535
107.344313158934,187.272893606292,0,-0.114243515072922,18.5360648935967,-0.00490000695870535
107.543009419774,187.250094572801,0,-0.114243515072926,18.5144727642898,-0.00514109134434916
107.741705680614,187.227295539311,0,-0.114243515072934,18.4928554241891,-0.00746369923944007
107.940401941455,187.204496505821,0,-0.117680637084546,18.4712127847621,-0.00746369923944007
108.13893467338,187.180332384569,0,-0.122662699053611,18.4712127847621,-0.0074637097761522
108.33739390332,187.155554691948,0,-0.124207586101368,18.4712127847621,-0.0074637097761522
108.53585313326,187.130776999328,0,-0.124207586101298,18.4495447569841,-0.00620975362413786
108.7343123632,187.105999306707,0,-0.124207586101298,18.4278512512979,-0.00505470903742008
108.93277159314,187.081221614086,0,-0.124207586101373,18.4061321776184,-0.0050547195741322
109.13123082308,187.056443921466,0,-0.124207586101368,18.3843874453287,-0.00693653886269988
109.32969005302,187.031666228845,0,-0.124689752731754,18.3626169632751,-0.00768122493868047
109.528124407774,187.006697278361,0,-0.129817154018117,18.3460397571404,-0.00768122493868047
109.726319117445,186.979885768552,0,-0.134462365705438,18.3460397571404,-0.0076812354753926
109.924513827117,186.953074258744,0,-0.134462365705518,18.3242237153604,-0.00768122493868047
110.122708536788,186.926262748935,0,-0.134462365705574,18.3023816693592,-0.00596264906538402
110.32090324646,186.899451239127,0,-0.134462365705569,18.2805135259078,-0.00519019764528299
110.519097956132,186.872639729318,0,-0.134462365705508,18.2586191912449,-0.00664208419544713
110.717292665803,186.845828219509,0,-0.134462365705438,18.2366985710379,-0.00786936851099761
110.915487375475,186.819016709701,0,-0.138225970974223,18.2147515703865,-0.00786936851099761
111.113472435658,186.790714429166,0,-0.143478991139386,18.2147515703865,-0.00786937904770973
111.311374531453,186.761822207376,0,-0.144968347145033,18.2147515703865,-0.00786936851099761
111.509276627248,186.732929985585,0,-0.144968347145168,18.1927780938178,-0.00762828412535379
111.707178723043,186.704037763795,0,-0.144968347145028,18.1707780452818,-0.00530567623026288
111.905080818838,186.675145542005,0,-0.144968347145038,18.1487513281549,-0.00681966798212573
112.102982914633,186.646253320215,0,-0.144968347145103,18.1266978452007,-0.00802737641663803
112.300885010428,186.617361098424,0,-0.147872082933124,18.1046174986163,-0.00802737641663803
112.498613159261,186.587320479562,0,-0.153230431210006,18.1046174986163,-0.00802737641663803
112.696194269997,186.556309115836,0,-0.155684967316245,18.1046174986163,-0.00802737641663803
112.893775380734,186.52529775211,0,-0.155684967316251,18.0825101899931,-0.00802737641663803
113.09135649147,186.494286388385,0,-0.155684967316251,18.0603758203285,-0.00614555712807035
113.288937602207,186.463275024659,0,-0.155684967316175,18.0382142899958,-0.0074573241779046
113.486518712943,186.432263660933,0,-0.155684967316245,18.0160254987555,-0.00815531266890178
113.68409982368,186.401252297207,0,-0.158712911154881,17.9938093457669,-0.00815531266890178
113.881486622453,186.369045442805,0,-0.164156339576916,17.9938093457669,-0.00815533374232604
114.07871841732,186.335884937779,0,-0.166571744535886,17.9938093457669,-0.00815533374232604
114.275950212187,186.302724432753,0,-0.166571744535886,17.9715657295576,-0.00815533374232604
114.473182007054,186.269563927727,0,-0.166571744535874,17.9492945480263,-0.00698450623219238
114.670413801921,186.236403422701,0,-0.166571744535886,17.9269956984378,-0.00825414915748998
114.867645596788,186.203242917675,0,-0.166571744535886,17.9046690774169,-0.00825414915748998
115.064877391655,186.170082412649,0,-0.170684615154495,17.882314580943,-0.00825413862077785
115.261827484034,186.135301060167,0,-0.176193510437251,17.882314580943,-0.00825414915748998
115.458681961997,186.099969565635,0,-0.1775894718427,17.882314580943,-0.00825414915748998
115.65553643996,186.064638071103,0,-0.177589471842693,17.8599321043449,-0.0082541596942021
115.852390917924,186.029306576571,0,-0.1775894718427,17.8375215423022,-0.00844261848550011
116.049245395887,185.993975082039,0,-0.177589471842693,17.8150827888084,-0.00832575025786863
116.24609987385,185.958643587506,0,-0.178151586795942,17.7926157372123,-0.00832575025786863
116.442913401609,185.92309100464,0,-0.1837075801436,17.7767899242079,-0.00832575025786863
116.639363132424,185.88557429819,0,-0.188701427344724,17.7767899242079,-0.00832575025786863
116.835812863238,185.848057591739,0,-0.1887014273448,17.7542744151773,-0.00832575025786863
117.032262594053,185.810540885289,0,-0.188701427344794,17.7317303162839,-0.0090602148841049
117.228712324868,185.773024178838,0,-0.188701427344717,17.7091575183412,-0.00907083261162123
117.425162055682,185.735507472388,0,-0.188701427344787,17.6865559114662,-0.00837284412062404
117.621611786497,185.697990765937,0,-0.192106284424162,17.6639253850806,-0.00837284412062404
117.817798569646,185.659137740489,0,-0.197692895307475,17.6639253850806,-0.00837283358391192
118.013816867646,185.619428461355,0,-0.199874566112314,17.6639253850806,-0.00837283358391192
118.209835165646,185.57971918222,0,-0.199874566112369,17.6412658278735,-0.00851619481231637
118.405853463645,185.540009903086,0,-0.199874566112377,17.6185771278414,-0.010895949626641
118.601871761645,185.500300623952,0,-0.199874566112384,17.5958591722512,-0.00839902238579288
118.797890059644,185.460591344817,0,-0.201343478052363,17.5731118476409,-0.00839902238579288
118.993788473029,185.420306856419,0,-0.206946561316,17.5731118476409,-0.00839902238579288
119.189349486719,185.378403516161,0,-0.211080664587625,17.5731118476409,-0.00839902238579288
119.384910500408,185.336500175902,0,-0.211080664587647,17.5503350398132,-0.00839901184908076
119.580471514097,185.294596835644,0,-0.211080664587662,17.527528633829,-0.0111163052846368
119.776032527787,185.252693495386,0,-0.211080664587647,17.5046925140003,-0.00949952642524302
119.971593541476,185.210790155127,0,-0.211367386173514,17.4818265638833,-0.00840867568165009
120.167129897074,185.168774806684,0,-0.216975761461257,17.4603767677425,-0.00840866514493796
120.362208599884,185.124680592665,0,-0.222297398048029,17.4603767677425,-0.00840866514493796
120.557287302694,185.080586378647,0,-0.222297398048098,17.4374527059293,-0.00844055312928204
120.752366005504,185.036492164628,0,-0.222297398048082,17.4144984674128,-0.0112085286242758
120.947444708314,184.99239795061,0,-0.222297398048167,17.3915139327064,-0.0104740639980395
121.142523411124,184.948303736592,0,-0.22229739804816,17.3684989815333,-0.00840699314470837
121.337602113935,184.904209522573,0,-0.227732022623279,17.3454534928257,-0.00840699314470837
121.532189669075,184.857997680007,0,-0.233338000686863,17.3454534928257,-0.00840699314470837
121.726761738989,184.811719071456,0,-0.233509343734683,17.3228709929178,-0.00888925704056888
121.921333808903,184.765440462904,0,-0.233509343734667,17.2997647220207,-0.0112030422700068
122.115905878816,184.719161854352,0,-0.233509343734597,17.2766275481509,-0.0110596810416023
122.31047794873,184.672883245801,0,-0.23357311965926,17.2534593469694,-0.00839886718724726
122.505043976748,184.626579852286,0,-0.239172874895783,17.2303266856791,-0.00839886718724726
122.699085557561,184.578125080431,0,-0.244708850253449,17.2303266856791,-0.00839886718724726
122.893127138374,184.529670308576,0,-0.244708850253518,17.2070961436038,-0.00965217571334534
123.087168719187,184.48121553672,0,-0.244708850253587,17.1838341965705,-0.0111893052243736
123.2812103,184.432760764865,0,-0.244708850253501,17.1605407168663,-0.0111893157610857
123.475251880813,184.38430599301,0,-0.245673369584607,17.1372155759104,-0.0084720117888176
123.669197897766,184.335477432048,0,-0.251265484501134,17.1372155759104,-0.00838634010505048
123.862685427187,184.284855539958,0,-0.25589303016637,17.1372155759104,-0.00838635064176261
124.056172956607,184.234233647868,0,-0.255893030166379,17.1138586442458,-0.0107183206964352
124.249660486028,184.183611755778,0,-0.255893030166439,17.0904697915308,-0.0111688602661788
124.443148015448,184.132989863688,0,-0.25589303016637,17.0670488865306,-0.0111369722818347
124.636635544868,184.082367971598,0,-0.258399611211842,17.0435957971088,-0.0083689862501288
124.829863888237,184.030777522978,0,-0.263980494753526,17.0435957971088,-0.0083689862501288
125.02277435146,183.977999182919,0,-0.267054711238165,17.0435957971088,-0.0093006811694193
125.215684814682,183.925220842861,0,-0.267054711238077,17.0201103902186,-0.0111412508174046
125.408595277904,183.872442502802,0,-0.267054711238087,16.9965925318937,-0.0111412508174046
125.601505741127,183.819664162744,0,-0.267054711238165,16.9730420872402,-0.0106589869215441
125.794416204349,183.766885822685,0,-0.271718607981466,16.9494589204334,-0.00834520169210622
125.986824357599,183.712310826973,0,-0.277283623187605,16.9494589204334,-0.00834520169210622
126.179135462472,183.657388709909,0,-0.278184694875714,16.9494589204334,-0.0109393413612503
126.371446567344,183.602466592846,0,-0.278184694875723,16.9258428946821,-0.0111048701595905
126.563757672216,183.547544475782,0,-0.278184694875645,16.9021938722668,-0.0111048701595905
126.756068777089,183.492622358718,0,-0.280048060229375,16.8785117144757,-0.00985156163349247
126.948171230197,183.436984691379,0,-0.285592598756123,16.8785117144757,-0.0083144321224642
127.139861492404,183.379933456728,0,-0.289273695865383,16.8785117144757,-0.0100899300104914
127.33155175461,183.322882222077,0,-0.289273695865315,16.8547962816432,-0.0110592194471704
127.523242016817,183.265830987426,0,-0.289273695865237,16.8310474331128,-0.0110592194471704
127.714932279023,183.208779752775,0,-0.289273695865315,16.8072650272343,-0.0110592089104583
127.90662254123,183.151728518124,0,-0.294461980657198,16.7834489213538,-0.00872724939249784
128.097709840604,183.092691502644,0,-0.299981340874755,16.7834489213538,-0.0095140835267673
128.288758665161,183.033527775281,0,-0.300312397339871,16.7613120480797,-0.0110042801400054
128.479807489718,182.974364047918,0,-0.300312397339782,16.7374305546909,-0.0110042906767176
128.670856314274,182.915200320555,0,-0.300312397339735,16.7135149377114,-0.0110043012134297
128.861905138831,182.856036593192,0,-0.303863351689567,16.689565050447,-0.0100726062941392
129.052526346184,182.795518381826,0,-0.309352935015951,16.689565050447,-0.00920024696839552
129.242914105401,182.734260719933,0,-0.311291488414039,16.689565050447,-0.0109400900547404
129.433301864617,182.67300305804,0,-0.311291488414039,16.6655807451496,-0.0109400795180282
129.623689623833,182.611745396148,0,-0.311291488413971,16.6415618730064,-0.0109400795180282
129.81407738305,182.550487734255,0,-0.313766201842587,16.6175082841291,-0.0109400689813161
130.004156815027,182.488289426804,0,-0.319221349415621,16.6175082841291,-0.00930144802254109
130.193864922181,182.424958280594,0,-0.322201703089725,16.6175082841291,-0.0108666752390947
130.383573029334,182.361627134384,0,-0.322201703089725,16.5934198275431,-0.0108666752390947
130.573281136488,182.298295988174,0,-0.322201703089882,16.5692963511827,-0.0108666752390947
130.762989243641,182.234964841964,0,-0.3241380988492,16.5451377018541,-0.0108666752390947
130.952448105539,182.170900330986,0,-0.329554213898751,16.5451377018541,-0.0102771507823949
131.141459083531,182.105517992403,0,-0.333033860200506,16.5451377018541,-0.0107841638523994
131.330470061523,182.040135653821,0,-0.333033860200438,16.5209437252697,-0.0107841638523994
131.519481039515,181.974753315239,0,-0.333033860200506,16.4967142659842,-0.0107841743891115
131.708492017508,181.909370976657,0,-0.334944873501219,16.4724491674352,-0.0107841743891115
131.897249223585,181.843267582183,0,-0.340317431027668,16.4724491674352,-0.0111923018668345
132.085546767874,181.775858125765,0,-0.343778904174283,16.4724491674352,-0.010692707746313
132.273844312164,181.708448669347,0,-0.343778904174283,16.4481482718796,-0.010692707746313
132.462141856454,181.64103921293,0,-0.34377890417424,16.4238114204266,-0.010692707746313
132.650439400743,181.573629756512,0,-0.346150820038022,16.399438453,-0.0106926972096009
132.838412413221,181.505328760504,0,-0.35147537842845,16.399438453,-0.0120438535123168
133.025981448365,181.43591797564,0,-0.354427946375599,16.399438453,-0.0105924547130798
133.213550483508,181.366507190776,0,-0.354427946375574,16.3750292083323,-0.0105924652497919
133.401119518651,181.297096405913,0,-0.354427946375641,16.3505835239584,-0.0105924652497919
133.588688553794,181.227685621049,0,-0.357718911764354,16.3261012361782,-0.0112073006497712
133.775794229407,181.157042695365,0,-0.362991126350061,16.3261012361782,-0.0122144643953622
133.962620958582,181.085658010273,0,-0.364972306796449,16.3261012361782,-0.0104837083804684
134.149447687757,181.01427332518,0,-0.364972306796516,16.3015821800812,-0.0104837083804684
134.336274416932,180.942888640088,0,-0.36497230679649,16.2770261895144,-0.0104837083804684
134.523101146107,180.871503954996,0,-0.369611031855319,16.2524330970577,-0.0121871589143771
134.709256578657,180.798389477859,0,-0.37482667034765,16.2524330970577,-0.0118429827621909
134.8953285256,180.725059875647,0,-0.375403555866406,16.232882243911,-0.0103666697187954
135.081400472544,180.651730273435,0,-0.375403555866432,16.2082221710057,-0.0103666697187954
135.267472419488,180.578400671223,0,-0.376633194032262,16.1835245217067,-0.0108168326028213
135.453361670781,180.504614398989,0,-0.38178821906122,16.1835245217067,-0.0128777789774058
135.638667713624,180.429370326227,0,-0.385713556159756,16.1835245217067,-0.0112322777956697
135.823973756467,180.354126253465,0,-0.385713556159756,16.1587891237147,-0.0102416753029531
136.00927979931,180.278882180703,0,-0.38571355615969,16.1340158034099,-0.0102416753029531
136.194585842154,180.20363810794,0,-0.389120424735453,16.1092043858374,-0.0121385085138507
136.379372771233,180.127134035361,0,-0.394210927747568,16.1092043858374,-0.0127169236100087
136.563903167786,180.050007303627,0,-0.395894503787657,16.1092043858374,-0.0103975569850511
136.748433564339,179.972880571892,0,-0.395894503787591,16.0843546946986,-0.0101091126979433
136.932963960892,179.895753840158,0,-0.396794844067961,16.0594665523134,-0.0111530892517117
137.117353808633,179.818295527032,0,-0.401817095452041,16.0501681625904,-0.0125468519656601
137.301100212741,179.73931920794,0,-0.405938969279162,16.0501681625904,-0.0119320271023929
137.484846616849,179.660342888847,0,-0.405938969279228,16.0252269265502,-0.00996934464643279
137.668593020957,179.581366569754,0,-0.405938969279293,16.0002468120786,-0.0103602895646503
137.852339425065,179.502390250662,0,-0.409732632576587,15.9752276367954,-0.0123680427453554
138.035479716778,179.422022773492,0,-0.414683138548633,15.9752276367954,-0.0123680427453554
138.218435185433,179.341231087725,0,-0.415839937772143,15.9752276367954,-0.0106645922114467
138.401390654089,179.260439401959,0,-0.41583993777218,15.9501692168902,-0.00982279493230546
138.584346122744,179.179647716192,0,-0.417927868092266,15.9250713671064,-0.0121067574733064
138.766960494695,179.098093685406,0,-0.422803351754621,15.9250713671064,-0.012181078707069
138.949119485674,179.015521886312,0,-0.425590848344646,15.9250713671064,-0.011730905286331
139.131278476653,178.932950087219,0,-0.425590848344705,15.8999339007252,-0.00966995891174647
139.313437467632,178.850378288125,0,-0.426372733351152,15.8747566295497,-0.011622432014595
139.495465969199,178.767522254732,0,-0.431170140420008,15.8591915343964,-0.0119865802576917
139.676824329053,178.683206507026,0,-0.435185632357696,15.8591915343964,-0.0119865802576917
139.858182688907,178.59889075932,0,-0.435185632357632,15.8339494796677,-0.010089736510082
140.03954104876,178.514575011614,0,-0.435185632357662,15.8086671204333,-0.011294216619619
140.220899408614,178.430259263908,0,-0.439753546048792,15.7833442630094,-0.0117852026351353
140.401479670974,178.344290314817,0,-0.444470108410658,15.7833442630094,-0.0117852026351353
140.582034613288,178.258267568953,0,-0.44461875067648,15.7582589080478,-0.0107412260813669
140.762589555602,178.172244823089,0,-0.44461875067645,15.732854916164,-0.011110328112714
140.943144497916,178.086222077225,0,-0.448523684595075,15.7074098378144,-0.0115776454661637
141.123021089353,177.998792352183,0,-0.453156937275426,15.7074098378144,-0.0115776454661637
141.302771163249,177.911100214939,0,-0.453885229683337,15.6896516239435,-0.0111867005479462
141.482521237145,177.823408077695,0,-0.453885229683368,15.6641363656191,-0.0110591100171182
141.662271311041,177.735715940451,0,-0.457450981606766,15.6385794777119,-0.0113646697723876
141.841390185957,177.646744774251,0,-0.461998730689907,15.6385794777119,-0.0113646697723876
142.020335234883,177.557421376057,0,-0.462980696002093,15.6313934639789,-0.0113646697723876
142.199280283809,177.468097977863,0,-0.462980696002093,15.6057829545884,-0.0112034220170852
142.378225332735,177.378774579669,0,-0.466506409560689,15.5801303468784,-0.011147061217256
142.556534903393,177.288192187494,0,-0.470966781198823,15.5801303468784,-0.011147061217256
142.73467601431,177.197276047006,0,-0.471901409882108,15.5692721049006,-0.0115305763212014
142.912817125227,177.106359906519,0,-0.471901409882139,15.5435592409344,-0.0112897967926625
143.090958236145,177.015443766031,0,-0.475661726761108,15.5178037710379,-0.0109256485495658
143.268409751543,176.923190896144,0,-0.480033180471435,15.5178037710379,-0.0109256485495658
143.445749194675,176.830720782542,0,-0.480644297211428,15.4969221093536,-0.0118129371799935
143.623088637807,176.73825066894,0,-0.480644297211458,15.471089000564,-0.0111922884808413
143.800428080939,176.645780555338,0,-0.484889717167525,15.4452126843035,-0.010701302465325
143.976975938057,176.551808060707,0,-0.489171059289323,15.4452126843035,-0.010701302465325
144.153517097417,176.457822854149,0,-0.489206980149395,15.4193080844157,-0.0121835616503801
144.330058256777,176.363837647591,0,-0.489974006404491,15.3933447243322,-0.0109422406909059
144.506454103466,176.26958222261,0,-0.494164430522977,15.3754457730995,-0.0104749233374562
144.682201398428,176.174120773252,0,-0.497587806379743,15.3754457730995,-0.0106745945014808
144.85794869339,176.078659323895,0,-0.497587806379777,15.3494082205642,-0.0124331744922004
145.033695988352,175.983197874537,0,-0.499362369932109,15.323326424818,-0.0105530118423232
145.209101923836,175.887114068345,0,-0.503461422157434,15.323326424818,-0.0102474520870538
145.384060722049,175.790215054274,0,-0.505785877013907,15.323326424818,-0.0112388696820216
145.559019520261,175.693316040203,0,-0.505785877013873,15.2972001595561,-0.0121605419090415
145.733978318474,175.596417026132,0,-0.508750381392121,15.2710291965383,-0.0100378376600552
145.908358449531,175.498482991517,0,-0.512757991865273,15.2710291965383,-0.0100198772261217
146.082534971513,175.400184775916,0,-0.513801073174924,15.2648978855516,-0.0118643520834509
146.256711493494,175.301886560315,0,-0.51420041439123,15.2386714465638,-0.0115048663066927
146.430808961703,175.203449540678,0,-0.518116923962421,15.2142631845692,-0.00979317273238302
146.604210177474,175.103790028492,0,-0.521634081315371,15.2142631845692,-0.0107189978259391
146.777611393245,175.004130516306,0,-0.521634081315397,15.1879493102044,-0.0116179204954087
146.951012609016,174.90447100412,0,-0.523616903309865,15.161589766556,-0.010730631864981
147.124015982071,174.804125360915,0,-0.527443085297169,15.161589766556,-0.00970675372532888
147.296649500201,174.703141855242,0,-0.529286417320282,15.161589766556,-0.0113504063320078
147.469283018331,174.602158349568,0,-0.529286417320246,15.1351843150104,-0.0113504168687199
147.641916536461,174.501174843895,0,-0.532975374093728,15.1087327148685,-0.00986814714695277
147.813800254185,174.398920459072,0,-0.536712390826923,15.1087327148685,-0.0105592639031773
147.985674203643,174.296649517463,0,-0.536760449461678,15.0822600921598,-0.0110871505468605
148.157548153101,174.194378575854,0,-0.53861208837883,15.0557155089871,-0.0108874793828359
148.329041044091,174.091472523027,0,-0.542261585931414,15.0557155089871,-0.00974686066362873
148.50016394929,173.987949813846,0,-0.544059420268731,15.0557155089871,-0.010829475859366
148.671286854489,173.884427104664,0,-0.544336135428856,15.02912404259,-0.010829475859366
148.842352129607,173.780809895163,0,-0.547900162226586,15.0033262948333,-0.0099652260482886
149.012732779028,173.676070054115,0,-0.551187467380051,15.0033262948333,-0.0105787214585317
149.18311342845,173.571330213067,0,-0.55118746737999,14.9766418101449,-0.0105787109218196
149.353494077871,173.46659037202,0,-0.553612778421164,14.9499096956979,-0.0105787109218196
149.523363800255,173.361025852763,0,-0.557093875366346,14.9499096956979,-0.010091913420796
149.693011109033,173.255102339678,0,-0.558149643443022,14.9409826513606,-0.0103362846829098
149.862658417812,173.149178826594,0,-0.559385559685938,14.9141866217457,-0.0103362952196219
150.032042476141,173.042836865835,0,-0.562786714626952,14.9141866217457,-0.0104255870315883
150.20096534297,172.935761821766,0,-0.564951935121892,14.9141866217457,-0.0101035919883504
150.369888209799,172.828686777697,0,-0.565206270294921,14.8873423614915,-0.0101035919883504
150.538756325096,172.721525988728,0,-0.568530945963635,14.8611378559115,-0.0107197052221589
150.706963483792,172.613330093411,0,-0.571601281266903,14.8611378559115,-0.00988206488114219
150.875170642488,172.505134198095,0,-0.57160128126692,14.8341975978663,-0.00988205434443007
151.043377801184,172.396938302779,0,-0.574316631400486,14.8072083247499,-0.0104511091422554
151.210994413369,172.287830841516,0,-0.57756879065384,14.8072083247499,-0.0102010541724922
151.378494279413,172.178543171235,0,-0.578105590293102,14.7833342820915,-0.00967317806552112
151.545994145456,172.069255500954,0,-0.580135815986961,14.7562519799641,-0.0101260426310523
151.713048090915,171.959289122029,0,-0.583319906701107,14.7562519799641,-0.0105610194550724
151.879848603235,171.848937007913,0,-0.584473756803448,14.7562519799641,-0.00947839372262299
152.046649115555,171.738584893798,0,-0.585982692163239,14.7291198819276,-0.00987914881524391
152.213115029742,171.627730438657,0,-0.58910366009348,14.7291198819276,-0.0108344294466794
152.379223487997,171.516339325475,0,-0.590715677480724,14.7291198819276,-0.00929926180941637
152.545331946253,171.404948212292,0,-0.591853761261336,14.7019377122948,-0.00970767604568867
152.711185702241,171.293179786263,0,-0.594917062363008,14.6969876026948,-0.0107633893972846
152.876608599783,171.180773091762,0,-0.596842266260471,14.6969876026948,-0.00940571204097901
153.042031497326,171.068366397261,0,-0.597747992060457,14.6697458939784,-0.00960974248934811
153.207249873637,170.955660661143,0,-0.600759599063029,14.6525994976459,-0.0105861117243141
153.371992726311,170.842259636047,0,-0.602865468777281,14.6525994976459,-0.00957099481879169
153.536735578985,170.728858610951,0,-0.60366697626688,14.6252751098413,-0.00958452407969207
153.701295865126,170.615194040409,0,-0.606633385059844,14.6053076283207,-0.0104316220285614
153.865363036001,170.500817629199,0,-0.608798276068655,14.6053076283207,-0.00967715096457445
154.029430206876,170.38644121799,0,-0.609615080741564,14.5778945982567,-0.00963210891774717
154.193309746951,170.271797332827,0,-0.612543316503821,14.5580850352944,-0.0103013946468496
154.356704267023,170.156462035496,0,-0.614654737492838,14.5580850352944,-0.00973235038573635
154.520098787096,170.041126738165,0,-0.615599596221968,14.5305829165544,-0.00975152063780422
154.683274461878,169.92548330365,0,-0.618497219222392,14.5139163398292,-0.0101942647025707
154.84599784673,169.809203038676,0,-0.620449972800943,14.5139163398292,-0.00974140013703953
155.008721231581,169.692922773702,0,-0.621630882124482,14.4863303676108,-0.00993873090675359
155.17116887937,169.576258976327,0,-0.624505992881551,14.4825858313603,-0.0101070682257688
155.333220941753,169.459044945266,0,-0.626200182810736,14.4825858313603,-0.00985842551659643
155.495273004136,169.341830914206,0,-0.627722117634941,14.4549400677664,-0.0100362375444126
155.656966872577,169.22412464014,0,-0.630582630518138,14.4549400677664,-0.0100362375444126
155.818345703517,169.105985430203,0,-0.631921196922246,14.4549400677664,-0.0101444661847128
155.979724534456,168.987846220266,0,-0.63388474300471,14.4272413289138,-0.009978006049786
156.140637618244,168.869074585318,0,-0.636733805233871,14.4272413289138,-0.009978006049786
156.301340662218,168.750017743189,0,-0.637619311473185,14.4084396057424,-0.0104288827321298
156.462043706191,168.63096090106,0,-0.6401198475996,14.3806513020908,-0.00992834878420608
156.622149061068,168.511102064718,0,-0.642957041507788,14.3806513020908,-0.00992833824749395
156.78217394734,168.391135253584,0,-0.643597918817838,14.353903287613,-0.0107081126292299
156.942125564995,168.2710712818,0,-0.64642266714447,14.3268942484688,-0.00988298556330394
157.101470149563,168.15020233058,0,-0.64894318683387,14.3268942484688,-0.0103534608045557
157.26081473413,168.029333379359,0,-0.649976447899927,14.2989474719928,-0.0105070845095044
157.419908615087,167.908135842187,0,-0.652788220134543,14.2839037099093,-0.00983780931711409
157.578570973003,167.786372727162,0,-0.654566720968792,14.2839037099093,-0.0108374497531703
157.737233330919,167.664609612137,0,-0.656413330967843,14.2558726563463,-0.0102338068869569
157.895444352943,167.542261782871,0,-0.6592116392486,14.2558726563463,-0.00998442681588418
158.053422769343,167.41961260859,0,-0.660163327694772,14.238016978506,-0.0111614009924242
158.211401185743,167.296963434309,0,-0.662903793002655,14.2098954070866,-0.00991113212717775
158.368704963049,167.17345026749,0,-0.665688200736634,14.2098954070866,-0.0105409772291931
158.52599792286,167.049923246988,0,-0.666673089874558,14.1817357012948,-0.0109535243426934
158.68305759837,166.926100862332,0,-0.66944322936364,14.1632290267811,-0.00977258741688833
158.839663774689,166.801704296709,0,-0.671272411934528,14.1632290267811,-0.0110485114539299
158.996269951008,166.677307731087,0,-0.673271688092698,14.1349586651383,-0.0105318791140695
159.152376997716,166.552286340713,0,-0.676027236285151,14.1349586651383,-0.0103959774146562
159.308295238857,166.42702859812,0,-0.677170248353323,14.1123542186505,-0.0109902687748943
159.464116263106,166.301650518935,0,-0.679910947951028,14.0853524853246,-0.010182817243566
159.619345578291,166.175540013,0,-0.682264894191916,14.0853524853246,-0.0109311583375938
159.774574893476,166.049429507065,0,-0.683861232882757,14.0569255043854,-0.010931168874306
159.929400229084,165.922824503174,0,-0.686586896563365,14.0569255043854,-0.0104140140752826
160.083939772804,165.795869670942,0,-0.687874858633701,14.0439983286363,-0.0108714628739099
160.238438901649,165.668865913474,0,-0.690585356513986,14.0157101118565,-0.0106920055311319
160.392287956676,165.541075192891,0,-0.69313720529155,14.0157101118565,-0.0108114273967876
160.546137011704,165.413284472307,0,-0.694643903499799,13.9871415928916,-0.0108114168600755
160.69959973435,165.285031182974,0,-0.697339190104734,13.9871415928916,-0.0108976886759714
160.852757693431,165.156412989976,0,-0.698759480964547,13.9765346194544,-0.0107513431621355
161.005855857536,165.027723979657,0,-0.701439569625859,13.9483560018441,-0.0111516318235639
161.158322203767,164.898286684927,0,-0.703887943129756,13.9483560018441,-0.0106915315536219
161.310788549998,164.768849390197,0,-0.705594091315082,13.9196492468087,-0.0108293416056743
161.462811832911,164.638893014035,0,-0.708259084592507,13.9196492468087,-0.011196943064867
161.614586118819,164.508644919472,0,-0.709799955393876,13.900341335159,-0.010632273031206
161.76620831899,164.37822055124,0,-0.71245002427647,13.8745931596991,-0.0115667013912602
161.917290144346,164.247169866209,0,-0.714518052350777,13.8745931596991,-0.0105739142761289
162.068371969701,164.116119181177,0,-0.716689874188645,13.8457334708989,-0.0111937432410806
162.218882830475,163.98441375342,0,-0.719325275305241,13.8457334708989,-0.0111110576247628
162.369271818861,163.85256857083,0,-0.720976171897405,13.818689020526,-0.0107749670524443
162.519346786502,163.720367089307,0,-0.723597246864503,13.8063876909887,-0.0116853549485389
162.669042560671,163.587735361595,0,-0.725306610040539,13.8063876909887,-0.0104611680307566
162.818665007905,163.455021306331,0,-0.727913778947256,13.7780281209002,-0.0116674216717704
162.967667163964,163.3216108214,0,-0.730245324750056,13.7780281209002,-0.0108868785447211
163.116669320023,163.188200336468,0,-0.732272825238185,13.748965739299,-0.0113072794840846
163.265128931372,163.054187053175,0,-0.734866604255813,13.748965739299,-0.0113900124880608
163.413437011826,162.920005410347,0,-0.736672530954224,13.722626730925,-0.0109780454755673
163.561411466487,162.785456925695,0,-0.739253521405744,13.7120820471326,-0.0116248379462624
163.709024932189,162.650511511755,0,-0.741111249653054,13.7120820471326,-0.0109106133048563
163.856498634663,162.515414000698,0,-0.743680140862359,13.6851555646888,-0.011571782689658
164.003416835722,162.379711966086,0,-0.745732626122119,13.6851555646888,-0.0111256525180894
164.15033503678,162.244009931475,0,-0.748145134055762,13.655895533788,-0.0115222753029829
164.296596663121,162.107600691816,0,-0.750702710365105,13.655895533788,-0.0113844652509305
164.442818808795,161.971148927026,0,-0.75264741432198,13.6267435690283,-0.0114251720312262
164.588548488258,161.834172121373,0,-0.755194558409671,13.6267435690283,-0.0114767493419808
164.734073615909,161.696977233633,0,-0.757186152143443,13.6022685662892,-0.0114920372076837
164.879256458947,161.559421119289,0,-0.759723835320506,13.5906816068391,-0.0114356069002946
165.024083402085,161.421489409588,0,-0.761760789774911,13.5819018867888,-0.0116910360197018
165.168704731458,161.283342897961,0,-0.764290079672053,13.5572160047511,-0.0113992864250227
165.312832086943,161.144680338484,0,-0.766371055194361,13.5572160047511,-0.0118853094348007
165.456877398856,161.005932931379,0,-0.76889311646271,13.5283773462213,-0.0113682216319667
165.600303493303,160.866545143421,0,-0.771120108759785,13.5283773462213,-0.0120033206759541
165.74372958775,160.727157355464,0,-0.773533070147836,13.4987774861931,-0.011415380381461
165.886481268729,160.58707909962,0,-0.776049166283645,13.4987774861931,-0.0118899710344385
166.02920412418,160.446971332055,0,-0.778210376877242,13.4691958659876,-0.0116973464956509
166.1713488012,160.306277545804,0,-0.780721871061009,13.4691958659876,-0.0118032165943751
166.313366100109,160.165454654162,0,-0.782925795877689,13.441108618992,-0.0119576984103019
166.454889129074,160.024135794778,0,-0.785434145625745,13.441108618992,-0.0117429043303169
166.596198178668,159.882602221013,0,-0.787680419933261,13.4161460112921,-0.012198173324692
166.737084845536,159.740649043566,0,-0.790187180818056,13.4161460112921,-0.0117089704118887
166.877682541604,159.598408796588,0,-0.792475684910161,13.3957834435785,-0.0124204613263555
167.01791799772,159.455812283561,0,-0.794982510347846,13.3834006587938,-0.0117014424426998
167.157800787886,159.312868920597,0,-0.797313378293986,13.3694295231939,-0.012574631783319
167.297369980742,159.169620211091,0,-0.799822019139801,13.3506997392757,-0.0117720070945147
167.436533827275,159.025976819951,0,-0.802195646688744,13.3506997392757,-0.0125902540873167
167.575421426878,158.882067138846,0,-0.804707950648169,13.3287602524649,-0.0119928839095487
167.713861769099,158.737726321176,0,-0.807125002250384,13.3287602524649,-0.0126153372892905
167.852052090136,158.593146908615,0,-0.809642913102974,13.3050003788816,-0.0122178814090267
167.989763806465,158.448110764203,0,-0.812104328019686,13.3050003788816,-0.0126503558080133
168.127240726502,158.302852805784,0,-0.81462988465451,13.2802686713428,-0.0124483680221805
168.264218096207,158.157122918017,0,-0.817136882125605,13.2802686713428,-0.0126957787155449
168.400964970126,158.011177476075,0,-0.819672217392046,13.2551793176543,-0.0126857349551912
168.537201634816,157.864754898601,0,-0.822226300836671,13.2551793176543,-0.0127520688063755
168.67320120575,157.718112844987,0,-0.824773640205752,13.2302682013657,-0.0129313912983892
168.808690130669,157.570998089696,0,-0.827376600434279,13.2302682013657,-0.0128196816683734
168.943924437663,157.42365004045,0,-0.829938260477164,13.2061108825244,-0.0131867590160685
169.078657872829,157.275843066838,0,-0.83259217789176,13.2061108825244,-0.0128990647479279
169.213108155506,157.127779319177,0,-0.835170564568031,13.1834528366349,-0.0134532459774323
169.347077596741,156.979279525188,0,-0.837877810334786,13.1834528366349,-0.0129906264882545
169.480724197219,156.83048999723,0,-0.840475417098958,13.1634259045472,-0.0137315825116029
169.613920347129,156.681296211672,0,-0.843238653274187,13.1634259045472,-0.0130939749244942
169.74674260948,156.531770385334,0,-0.84585805899045,13.1481405625696,-0.0140207008971568
169.87915533841,156.381880861959,0,-0.848680237584587,13.1382245407615,-0.0133276367310367
170.011131505933,156.231607729462,0,-0.851324104257133,13.1382245407615,-0.014198120373881
170.142749812969,156.081020142813,0,-0.854208465221318,13.1207926905771,-0.0136468129576497
170.273856923566,155.929988157266,0,-0.856879535533653,13.1207926905771,-0.0143040104970163
170.404668897614,155.778699600377,0,-0.859829559951491,13.0981670952772,-0.0139889461980886
170.53488269086,155.626896642249,0,-0.862530594766489,13.0981670952772,-0.0143959559601639
170.664875490049,155.474903641888,0,-0.865548684204921,13.0716583888633,-0.0143510645731486
170.79417071531,155.322317330208,0,-0.868280938793594,13.0716583888633,-0.0144716211311434
170.923331011489,155.169616256568,0,-0.871366179572329,13.0424473470856,-0.0147300384631989
171.051682429063,155.016234826521,0,-0.874368840123508,13.0424473470856,-0.01452850286134
171.179923225618,154.862761050506,0,-0.877277771168139,13.0126713020726,-0.0151225871728362
171.307380205046,154.708635392697,0,-0.880463459932274,13.0126713020726,-0.0146674398212822
171.434640368261,154.55434790487,0,-0.883278208607135,12.984883846141,-0.0154217827522184
171.56122768387,154.399507175321,0,-0.886524126051069,12.984883846141,-0.014964502840125
171.687483435022,154.244396947241,0,-0.889361942500698,12.9634258254999,-0.015545174819388
171.813189899018,154.088840253686,0,-0.892664553672845,12.9634258254999,-0.0152479023224633
171.938418328347,153.932899510612,0,-0.895523138437728,12.9634258254999,-0.0156579361629632
172.063233400598,153.776626679515,0,-0.898878681606162,12.9492960585635,-0.0155140923018156
172.187412561653,153.619848936048,0,-0.901755691079913,12.9492960585635,-0.0157581884564606
172.311326377358,153.46286050884,0,-0.905160189048214,12.9238033323793,-0.0157611092092346
172.434435379927,153.305240598399,0,-0.908260252547072,12.9238033323793,-0.0159137407644145
172.557373335301,153.147487089057,0,-0.911502511960112,12.8949062298859,-0.0159195373669177
172.679457877444,152.989071923843,0,-0.914981005345312,12.8949062298859,-0.0161325172403978
172.801295106871,152.830467311755,0,-0.917898860536877,12.8683052718406,-0.0159802726081808
172.922453111964,152.671342399181,0,-0.921415680451274,12.8683052718406,-0.0163292314018749
173.043171654064,152.511884905864,0,-0.924342237665348,12.8554663841906,-0.0160275112770306
173.163396214783,152.352053572891,0,-0.92789269962009,12.8554663841906,-0.0165030119133113
173.282979489752,152.191742805432,0,-0.930825458252842,12.8554663841906,-0.016209647752373
173.402264496043,152.031209048004,0,-0.934404728041342,12.8308617470402,-0.016504553034399
173.5206973853,151.870045998173,0,-0.93771849242606,12.8308617470402,-0.0166047969809491
173.638915609747,151.708725519496,0,-0.940944279076488,12.8027805272796,-0.0162549445744596
173.756306466271,151.546801503969,0,-0.944567516702735,12.8027805272796,-0.0168870140963697
173.873352350735,151.384628934344,0,-0.947503735391677,12.7802811278438,-0.0160794340776192
173.989790301849,151.222018345696,0,-0.951143076593346,12.7802811278438,-0.0169758690606718
174.105652675368,151.058998160237,0,-0.954075370436372,12.7802811278438,-0.0162997535990403
174.221134987523,150.89570751268,0,-0.957725546590718,12.7599047853585,-0.0167967723405905
174.335804398359,150.731845526176,0,-0.960948404789296,12.7599047853585,-0.0166588274241392
174.450231616504,150.567814165634,0,-0.964307042227897,12.7323591167855,-0.0164386289454494
174.563797992446,150.403185254883,0,-0.967974343697174,12.7323591167855,-0.0170036823944912
174.677018772805,150.238319419949,0,-0.970879630419269,12.7092108281979,-0.0160849575960498
174.78962665047,150.073033407571,0,-0.974544113681627,12.7092108281979,-0.0171133718357322
174.901636099355,149.90734221934,0,-0.977435350922043,12.7092108281979,-0.0162672576359052
175.013286339448,149.741407823005,0,-0.981091551280085,12.6866592278616,-0.0166794226414237
175.124081464294,149.574901619986,0,-0.98445004491483,12.6866592278616,-0.0165763206761471
175.234614361729,149.40822140226,0,-0.987608683408342,12.6866592278616,-0.0162219348848789
175.344355588989,149.241018342959,0,-0.991253379282367,12.7047164976141,-0.0168666781493562
175.45367037783,149.073537123215,0,-0.994087567539475,12.7047164976141,-0.0160300952194892
175.562462079146,148.905714700027,0,-0.997710024164356,12.7047164976141,-0.0167008026359051
175.670560716519,148.737445755945,0,-1.00058195681245,12.7283077992256,-0.0160770441387751
175.778386644378,148.56900127717,0,-1.00411509916814,12.7283077992256,-0.016176137734362
175.885293886507,148.399972162576,0,-1.00770548378177,12.7518555289741,-0.016323431158284
175.991907169732,148.230758257357,0,-1.01046083043155,12.7518555289741,-0.0158212702256335
176.097881327237,148.061142580189,0,-1.01401516373716,12.7518555289741,-0.0163588391224744
176.203289013346,147.891175119508,0,-1.01673954311626,12.7746071475556,-0.0156523746325156
176.308337409024,147.720984536438,0,-1.02025254682135,12.7746071475556,-0.0159257337386923
176.412548556355,147.550280276798,0,-1.02351905169827,12.7980696622784,-0.015698819069125
176.516482612974,147.379407457529,0,-1.02641015804996,12.7980696622784,-0.0154532026651114
176.619705095767,147.208103286401,0,-1.02986268414466,12.8117468146584,-0.0157450821388516
176.722456691281,147.036517051204,0,-1.03248066152988,12.8296981235413,-0.015218910787752
176.824780823888,146.864674763375,0,-1.03587871481079,12.8296981235413,-0.0154834252122623
176.92636409684,146.692393911224,0,-1.03883347575768,12.8530600574886,-0.0149900658513017
177.027670778814,146.519950221704,0,-1.04179552802494,12.8530600574886,-0.0149306647781215
177.128231850335,146.347070289686,0,-1.04511393725099,12.8730604992017,-0.0150148363416695
177.228391684269,146.173958301569,0,-1.04760621966248,12.887582425308,-0.0146340874953375
177.328089780205,146.000579266889,0,-1.05085773951314,12.887582425308,-0.0147468284374442
177.427121854061,145.826819414731,0,-1.05355738158151,12.9108396145705,-0.014313664956443
177.525882272136,145.652904800973,0,-1.05648409514089,12.9108396145705,-0.0142613890334163
177.623895763536,145.478567898673,0,-1.05963797524639,12.9337454143303,-0.0141756804813402
177.721557053735,145.304034073468,0,-1.06198659333768,12.9474391104976,-0.0139064985544099
177.818750566366,145.129238704243,0,-1.06506203914187,12.9474391104976,-0.0138731351330849
177.915336548927,144.954107347581,0,-1.0675469035363,12.970588974711,-0.0135295165770679
178.011660105645,144.778831249315,0,-1.07035178999521,12.970588974711,-0.0134552298932223
178.107262312874,144.603160483469,0,-1.07331297678284,12.9936976396596,-0.0132356012625746
178.202545987465,144.427317270653,0,-1.07550133986001,13.0090635307169,-0.0130466131132117
178.297378419545,144.251229764493,0,-1.07837349769113,13.0090635307169,-0.0129014122456299
178.391650484279,144.074842009973,0,-1.08066912342926,13.0321039326822,-0.0126190181913089
178.48567339937,143.89832107266,0,-1.08328426017985,13.0321039326822,-0.0125256000696021
178.579021783617,143.72144235953,0,-1.08602701147722,13.0551037112783,-0.0122091077427975
178.672074857732,143.544408554586,0,-1.08803989778275,13.0733196977251,-0.0120762157227855
178.764710414685,143.36715547679,0,-1.09068398972092,13.0733196977251,-0.0118549411641211
178.856826053875,143.189631971136,0,-1.09280293993894,13.0962470602935,-0.0116178348153028
178.948709547771,143.011988008714,0,-1.09517716124729,13.0962470602935,-0.0115122251369198
179.039981321544,142.834028846791,0,-1.09767834073287,13.1191343870031,-0.0111404291665809
179.130974934537,142.655927661838,0,-1.09950224472427,13.1403356636357,-0.0110470381104602
179.221596942174,142.477636743023,0,-1.10189857857879,13.1511554889797,-0.0107839889795338
179.311735980451,142.299101408818,0,-1.1038465959997,13.1739473975602,-0.0105832507487373
179.401662623811,142.120458878916,0,-1.10595348847653,13.1739473975602,-0.0104731971101614
179.491048653222,141.941545107098,0,-1.10820860192745,13.1966999675556,-0.0100824175410226
179.580168597651,141.762498943118,0,-1.1098488864776,13.2194133468041,-0.0100174374112064
179.668967208524,141.58329289772,0,-1.1120075744325,13.2336796470683,-0.0097411165213804
179.757313360849,141.403863545548,0,-1.11380700646466,13.2563296773321,-0.00957330450155693
179.845466410058,141.224339189192,0,-1.11565708153381,13.2679882801625,-0.00946649810483247
179.933148114873,141.044584026149,0,-1.1176878953014,13.2905798595294,-0.00908696260684301
180.020571232124,140.864703200194,0,-1.11916337766336,13.313133077899,-0.00904486245361602
180.107722105079,140.684690074719,0,-1.1211079643291,13.3293251842524,-0.0087776521206189
180.194445020455,140.504470511675,0,-1.12278200606871,13.3518129678973,-0.00864360532334638
180.280992658599,140.324166708638,0,-1.12439547638714,13.369621106019,-0.00854669650331946
180.36713361424,140.143668133128,0,-1.12622670890921,13.3920412379334,-0.00819838408554674
180.453020289312,139.963048620063,0,-1.12755699290479,13.4144238784011,-0.00817516787864718
180.53868071212,139.782321499895,0,-1.12931282196033,13.4317754761714,-0.00792871417294294
180.623932629747,139.601401400975,0,-1.13088253516644,13.4540920254646,-0.00782566121096854
180.709025205557,139.420406345911,0,-1.13228407272783,13.47542198715,-0.00774115244973509
180.793769686437,139.239247926398,0,-1.13394198143428,13.4976663809625,-0.00742990761093874
180.878261634979,139.057971745017,0,-1.13514726426303,13.5198741601595,-0.00742306583733747
180.962569175954,138.876609569979,0,-1.13674108612528,13.5378713036744,-0.00722454823537624
181.046482896573,138.695064883818,0,-1.13822719221659,13.5600132495035,-0.00710434897263225
181.130250975663,138.513453024502,0,-1.13944364229178,13.5821190914968,-0.00705724824461772
181.213722783426,138.33170468941,0,-1.14095569902819,13.6041890245468,-0.0067845797411618
181.296941261564,138.149840344833,0,-1.14205664363221,13.6262231993165,-0.00679485383883299
181.380012677717,137.967908654855,0,-1.14351631996181,13.6444420664026,-0.00665097175217188
181.462699919658,137.78580204487,0,-1.14494062851742,13.6664113535253,-0.00650241558314467
181.545252705471,137.603634543503,0,-1.1459991964725,13.6883453708352,-0.00650046487557649
181.627554220731,137.421353275716,0,-1.14739383756893,13.7102443082268,-0.00626480259723389
181.709598573219,137.238956211693,0,-1.14845860107932,13.7321083132493,-0.00629557432989268
181.791511722037,137.056500110379,0,-1.14976575514681,13.7524680250556,-0.00620420059162991
181.873078988513,136.873889100198,0,-1.151105196768,13.774265017785,-0.00603052961176112
181.954503035478,136.691214285081,0,-1.15207912868273,13.7960275625428,-0.00607525513828636
182.035714446139,136.508444739537,0,-1.15338557293815,13.8177558419029,-0.00587251381674612
182.116660916496,136.325557774064,0,-1.1544486408657,13.8394500001071,-0.00592937138253252
182.197483536612,136.142616007994,0,-1.15561959407069,13.8611102079948,-0.00588824064287871
182.278001508215,135.959539913845,0,-1.15688829328367,13.8827366249662,-0.00569038228369705
182.358359652443,135.776393703266,0,-1.1578146049002,13.9043293956101,-0.00578537231656852
182.43853831511,135.593168753947,0,-1.15906273303042,13.9258886948599,-0.00560933217876045
182.518439044629,135.409822484925,0,-1.16014681176725,13.9474146636103,-0.00569980730098814
182.598220238766,135.226424172139,0,-1.16121054450991,13.9689074608297,-0.00568370612720179
182.677730743876,135.04290828842,0,-1.16243875938482,13.9903672449733,-0.00550631398751516
182.757061180483,134.859314580313,0,-1.16333917787204,14.0117941537812,-0.0056341689252761
182.836241074723,134.675655808815,0,-1.16455946758676,14.0331883550366,-0.00550953734691906
182.915123221115,134.491868987243,0,-1.16569186576929,14.0545499865332,-0.00557730012289796
182.99388693844,134.308031417758,0,-1.16667356396452,14.0758791958927,-0.00561208977779654
183.072408097676,134.124090047881,0,-1.16789213550351,14.0971761405384,-0.005461446317652
183.1507235378,133.940061078275,0,-1.16878860323299,14.118440951854,-0.00562486877743526
183.228914776064,133.75597922078,0,-1.17001211480513,14.1384789136776,-0.00555578725486522
183.30677968643,133.57175909771,0,-1.17122562617849,14.1596817046706,-0.00558378385355164
183.384523895084,133.387488079108,0,-1.17214579366081,14.1808527865799,-0.00568442390077924
183.46204964904,133.203124966003,0,-1.17338616062531,14.2019923163848,-0.00554938428792583
183.539336493478,133.018661647134,0,-1.17436653922965,14.2231004196391,-0.0057608140340793
183.616500598672,132.834146900219,0,-1.17555924629008,14.2432822351436,-0.00574648237615099
183.693347228815,132.649499681351,0,-1.17682741891336,14.2643292457079,-0.00572568496391557
183.770043068575,132.464789872514,0,-1.17776666455471,14.2853452380346,-0.00590424227560548
183.84654270522,132.279998623822,0,-1.17906092163728,14.3063303670032,-0.00577277114408604
183.922760175221,132.095090879776,0,-1.18017591508419,14.3272847530123,-0.00604450103601844
183.998847520193,131.910129545623,0,-1.18134187365827,14.3480338471292,-0.00608787787721595
184.074633616076,131.725044517404,0,-1.18268322533192,14.3689274226841,-0.00600211679066908
184.150224473746,131.539879772427,0,-1.18367815898915,14.3897906510991,-0.00627554946199144
184.225642125275,131.354644306498,0,-1.18505915416218,14.3789311117653,-0.0062003477766302
184.300721294545,131.169271431037,0,-1.18635376876859,14.3606261428095,-0.00641300717237479
184.375659044939,130.983841391362,0,-1.1875038005329,14.3341511638129,-0.00655407610936594
184.450311661034,130.79829628388,0,-1.18895171795895,14.3124603159923,-0.00644411192335956
184.524712114797,130.612650035245,0,-1.19002758856749,14.289188260139,-0.00680009527492357
184.598965313041,130.426944725328,0,-1.19152667798767,14.2626685205164,-0.0067828611727549
184.6728088721,130.24107614599,0,-1.19305335912101,14.250180213988,-0.00690870879342783
184.746494655174,130.055145091903,0,-1.19419210230333,14.2237921080292,-0.00715769079233884
184.819914710062,129.869108817106,0,-1.19578095612482,14.20079233645,-0.00701394656416205
184.893009293247,129.682944535326,0,-1.19709758553806,14.1807542916047,-0.00745549777884752
184.96593919047,129.49671562827,0,-1.19861286827536,14.154353687943,-0.00749783148779989
185.038469294022,129.310330585741,0,-1.20030070296629,14.1398363663185,-0.00749648100617264
185.11077009457,129.123856643129,0,-1.20155561961402,14.1151546657059,-0.00787101083720573
185.182832174969,128.937290149437,0,-1.2033158300598,14.090729974153,-0.0077749521363918
185.254476090144,128.750562759965,0,-1.20493257409508,14.0776674431052,-0.0080980351155031
185.325934487814,128.563764351922,0,-1.20644405856936,14.0515060783614,-0.00830918228017383
185.397013633476,128.376821165226,0,-1.20830871011993,14.0343993883461,-0.0081360757793402
185.467774890497,128.189757612125,0,-1.2096851443681,14.0131605159991,-0.00865338292892171
185.538339137702,128.002619462577,0,-1.21162211036746,13.9871286962738,-0.00861240013891951
185.608375255429,127.81528302515,0,-1.21358481377639,13.9871286962738,-0.00876286167287272
185.678204297958,127.627869511065,0,-1.21504777581026,13.961295289467,-0.00911220995193254
185.747691985995,127.440328952221,0,-1.21708874766723,13.9410440313566,-0.0089040056567227
185.816755448664,127.252631930605,0,-1.21879572163144,13.9272532874429,-0.0094073517575212
185.885602441081,127.064855342647,0,-1.22069768811879,13.9015192651795,-0.00948428738870994
185.953951475581,126.876896811362,0,-1.22284201767976,13.9015192651795,-0.0094100216408961
186.021992480923,126.688826817734,0,-1.22441718856996,13.8791794459251,-0.00991716577148182
186.089749043985,126.500653896829,0,-1.22663227001926,13.8556971207558,-0.00976473665296803
186.156956256154,126.312284168893,0,-1.22872366169682,13.8556971207558,-0.0100495781441387
186.223925067135,126.123829695351,0,-1.23053147375379,13.8304112641742,-0.0103650618009157
186.290450797822,125.935218117878,0,-1.23284772056947,13.8176544192514,-0.0100259623308063
186.356545869926,125.746455459798,0,-1.23464529135401,13.8033521550313,-0.0106958447611485
186.422393064392,125.557605997903,0,-1.23692341015496,13.7782096032804,-0.0106285031304336
186.487627487738,125.368543918123,0,-1.23933888919099,13.7782096032804,-0.0106464772071337
186.552561515529,125.179378782301,0,-1.24110444030552,13.7549838093211,-0.0111392745042377
186.617127936553,124.990087532434,0,-1.24358693907391,13.7351941690075,-0.0108662201363893
186.681122005289,124.800602206476,0,-1.24580785336276,13.7351941690075,-0.0112775484372787
186.744846917309,124.611026257352,0,-1.24793733071591,13.7105472324245,-0.0114845333818989
186.808033454657,124.421269935987,0,-1.25051441226247,13.7105472324245,-0.0111895266863274
186.8707803891,124.231368146618,0,-1.25240414691891,13.6960829649108,-0.0118721299915502
186.933249295444,124.041374381313,0,-1.25502841628312,13.6716193587135,-0.0116945174497036
186.994998765478,123.851145563963,0,-1.25769645945936,13.6716193587135,-0.0117992512521174
187.05645285637,123.660821498433,0,-1.25963869802492,13.6477246533831,-0.0122657948891531
187.117462923568,123.470354252692,0,-1.26236721155783,13.6331179616753,-0.0118718905825387
187.177877531577,123.279697566844,0,-1.26470866373845,13.6331179616753,-0.0124038595305712
187.237994921321,123.088946935653,0,-1.26712954225022,13.6091399936557,-0.0124925076223957
187.297485788619,122.897999726435,0,-1.26994133611973,13.6091399936557,-0.0122526752201628
187.356529480581,122.706914196461,0,-1.27198037545146,13.594386308046,-0.0129068620154807
187.415241158404,122.515725967515,0,-1.27484695959738,13.5717621917502,-0.012627637105791
187.473188461295,122.324304737832,0,-1.2776647529182,13.5717621917502,-0.0128255797545903
187.530821638004,122.132789058985,0,-1.27983524475462,13.5482097919901,-0.0132343680052813
187.587937458245,121.941118030715,0,-1.28277536598498,13.5442434397156,-0.0127214861557119
187.644443503043,121.749266707513,0,-1.28519876336082,13.5442434397156,-0.0133858208859592
187.700629604678,121.557321314499,0,-1.28789037241374,13.5208134943696,-0.0133243348295669
187.756102153279,121.365168260004,0,-1.29089715392508,13.5208134943696,-0.0131663606871772
187.811132899505,121.172888704655,0,-1.29307728660926,13.5046662993947,-0.0137413741026538
187.865767086128,120.980495602772,0,-1.29612690748516,13.4850644284441,-0.0133586496494649
187.919624142872,120.787883668454,0,-1.29900630837056,13.4850644284441,-0.0136858220386115
187.973149363826,120.595179535027,0,-1.30142082835009,13.4618689153297,-0.0139412500382301
188.026075706172,120.402309624762,0,-1.30452401915163,13.4618689153297,-0.0134211099435223
188.078403903359,120.209277020983,0,-1.30694010146104,13.4618689153297,-0.0141428527915168
188.13039761683,120.016153749839,0,-1.30991105049336,13.4386745746458,-0.0139040859054682
188.181578028097,119.822813207007,0,-1.31305898362324,13.4386745746458,-0.0138961020596327
188.232354743481,119.629366787729,0,-1.3153485804982,13.4190241750258,-0.0143085257327181
188.282649278588,119.435793908073,0,-1.31852410691355,13.4057725303013,-0.0138099571927788
188.332196445201,119.242028685003,0,-1.32132956325487,13.4057725303013,-0.0143489163833279
188.38140398478,119.048177008315,0,-1.32403025619138,13.4057725303013,-0.0143361933587875
188.429903904376,118.854146707075,0,-1.32723449041093,13.4095839692682,-0.0140150961163482
188.477868108827,118.659983827692,0,-1.32957165185168,13.4311949187226,-0.0145116590125721
188.525460542805,118.465728942996,0,-1.3327926495824,13.4100726796784,-0.0141531167993437
188.572173068816,118.271260671258,0,-1.3359290929572,13.4100726796784,-0.0144191663176382
188.618545920522,118.07671155015,0,-1.33837571750966,13.3867850860885,-0.0145511110457796
188.664306328356,117.882016955786,0,-1.34160798829375,13.3867850860885,-0.0141269510816254
188.709420552782,117.687172099297,0,-1.3441273081639,13.3867850860885,-0.0145759339884972
188.754199359131,117.492249537457,0,-1.34721487433971,13.3631991907458,-0.0143521081420521
188.798109641831,117.29712935123,0,-1.35044747665983,13.3631991907458,-0.0143993997172105
188.841627214595,117.101921770958,0,-1.35282946001456,13.3422926098425,-0.014529579758182
188.884607457749,116.90659461284,0,-1.3560597865695,13.3361855547425,-0.0142354462664698
188.926862994887,116.711109800202,0,-1.35875034792878,13.3361855547425,-0.0144937828607645
188.968791488986,116.515554437853,0,-1.3616685586687,13.3361855547425,-0.01438897019035
189.009905462554,116.319825949437,0,-1.364880625237,13.3540047864383,-0.0142927709303091
189.050576761459,116.124005576998,0,-1.36726714458663,13.3672931396487,-0.0143586523562115
189.090756051926,115.928083080542,0,-1.37046472068781,13.3672931396487,-0.0142385113730156
189.130174269413,115.732006395055,0,-1.37320463132611,13.3897171310585,-0.0142604504497686
189.169279286113,115.535866948586,0,-1.37602709382601,13.3897171310585,-0.0141737290748954
189.207590109655,115.339570538024,0,-1.37918748920215,13.4070151971508,-0.0141789171349048
189.245454543971,115.143188105488,0,-1.38156027594971,13.4206771778464,-0.0140393734525314
189.282833401889,114.946712099369,0,-1.38469291650588,13.4206771778464,-0.0141305219304723
189.319466746649,114.750096086992,0,-1.3873371255469,13.4430121196479,-0.0138816543568437
189.355805997946,114.55342538306,0,-1.39015610097528,13.4430121196479,-0.0139173044819876
189.391330318262,114.356605611019,0,-1.39323190534911,13.4634516569397,-0.0138540603403691
189.426458994114,114.159715383259,0,-1.39557001093114,13.4710397404488,-0.0135844499343471
189.461062559799,113.962731644737,0,-1.39860587835197,13.4710397404488,-0.013912739604787
189.494995148102,113.765631643204,0,-1.40099563400255,13.4932913117001,-0.0133743741385339
189.528656826927,113.56848482675,0,-1.40392013410147,13.4932913117001,-0.0136390025366687
189.561436072498,113.371189309671,0,-1.40688402704645,13.5155062954519,-0.0133233364488617
189.593928458386,113.173846806266,0,-1.40916922008339,13.5155062954519,-0.0131418606465038
189.625805649082,112.976403536658,0,-1.41208410858936,13.5194466594011,-0.0134678566536912
189.657147019008,112.77887500319,0,-1.4143482354948,13.5415612963268,-0.0127654464797688
189.688129813801,112.58128941053,0,-1.41721125519469,13.5415612963268,-0.0133262705376074
189.71833965964,112.383584388692,0,-1.41975761736886,13.5636971976861,-0.0126412053929914
189.748315773516,112.185843802792,0,-1.42226149521538,13.5636971976861,-0.0128291086854142
189.777535219405,111.987989755622,0,-1.42503892213847,13.5857970568722,-0.0127271327319367
189.806412422933,111.790085931937,0,-1.42723135898401,13.5916069118661,-0.0123370394673895
189.83476402669,111.592105663819,0,-1.42995174080237,13.5916069118661,-0.0127567488199081
189.862564062934,111.394047627805,0,-1.43211785740734,13.6136614161665,-0.0118854793492658
189.890057707552,111.195946392307,0,-1.43477968175105,13.6136614161665,-0.0124687137381054
189.916802995064,110.997742926363,0,-1.43715950005444,13.6356802758936,-0.0118732134530857
189.943353418358,110.799513254207,0,-1.43952053717023,13.6356802758936,-0.0120395405791929
189.969162504433,110.60118551768,0,-1.44209102830428,13.6576636576829,-0.0118898812425918
189.99469345912,110.402822175508,0,-1.44417251292,13.6576636576829,-0.0115718159659022
190.019676692474,110.204388715499,0,-1.4466824682693,13.6734209100594,-0.0117353427576145
190.044211558771,110.005899739308,0,-1.44873420357328,13.6945868045471,-0.0112677091131658
190.06838031905,109.807365432382,0,-1.4511831872275,13.6945868045471,-0.0114354457641337
190.091942715081,109.608758552687,0,-1.45320456723407,13.7164757441933,-0.0111032693058998
190.115308654089,109.410128160011,0,-1.4555923901129,13.7164757441933,-0.0111345885566082
190.137922334467,109.211410792938,0,-1.45785305146617,13.7383298337141,-0.0109358716383751
190.160389945198,109.012676967283,0,-1.45990960015358,13.7383298337141,-0.0108339425385232
190.182186101095,108.813868195876,0,-1.46220706042042,13.7601492222984,-0.0107064865834298
190.203740296292,108.615033369309,0,-1.46413463436776,13.7613829826283,-0.0105940833091936
190.224769855517,108.416142048134,0,-1.46637191572748,13.7822532604558,-0.0104109779528353
190.245434134334,108.217212804479,0,-1.46826757961432,13.8016724255274,-0.0104205673327183
190.265709482712,108.018243183058,0,-1.4704452122701,13.8133999272302,-0.0101181970058832
190.285507181931,107.819225787562,0,-1.47230876933996,13.8351008884697,-0.0102458453217942
190.305040809301,107.620181979817,0,-1.47442743986465,13.8351008884697,-0.00982895495456003
190.323995037637,107.421082382492,0,-1.47625876112951,13.856767874845,-0.0100702927135305
190.342799509699,107.221968365329,0,-1.47831929543381,13.856767874845,-0.0095439747922826
190.360933088943,107.022792206072,0,-1.48024034363209,13.8784010500375,-0.00975918484043165
190.378972401735,106.823607490086,0,-1.48212166229779,13.8784010500375,-0.00939896909381564
190.396356433577,106.624364433904,0,-1.48410113784005,13.9000005649526,-0.00941387487626014
190.413607035077,106.425109969029,0,-1.48583559047037,13.9000005649526,-0.00929346873200001
190.430299808749,106.22580780821,0,-1.4877599867927,13.9215665679435,-0.0090829833721053
190.446783389942,106.026488484796,0,-1.4894622780003,13.9332906186332,-0.00917964180637476
190.462797527969,105.82713064727,0,-1.49133277898924,13.9548051746805,-0.0087663934811627
190.478535339229,105.627751077255,0,-1.49300305337719,13.9733790840198,-0.00905830170695142
190.493883425012,105.428340856197,0,-1.49482091402861,13.9948320113434,-0.00846392463827584
190.508896245012,105.228905383102,0,-1.49645935901547,14.0162520746781,-0.00893023822900713
190.523590804645,105.02944593881,0,-1.49822589359857,14.034748418617,-0.00817533966608353
190.537898914141,104.829958648257,0,-1.49983273580906,14.0561076558215,-0.00873520172402466
190.551952399684,104.630453010381,0,-1.50154930691918,14.0709879408953,-0.00796136512927024
190.565575559813,104.430917740986,0,-1.50312480875363,14.0922922546158,-0.00848957618068312
190.579000333969,104.231368811049,0,-1.50479281723485,14.1027137755105,-0.00781592676796544
190.59195776873,104.031789165551,0,-1.50633727360699,14.1239702388907,-0.00824094628558142
190.604766090858,103.832199719727,0,-1.50795814931759,14.1267210405546,-0.00768272215701353
190.617076473425,103.632579076236,0,-1.50947188457061,14.1479414389107,-0.00798860981505037
190.629280486819,103.432951768342,0,-1.51104707795955,14.1479414389107,-0.00754612139354866
190.64096192937,103.233293291598,0,-1.51253044295028,14.1691300609676,-0.00774843925771162
190.652573649742,103.033630656261,0,-1.51406141741442,14.1691300609676,-0.00740674358855849
190.663643696489,102.83393730882,0,-1.51551478677167,14.1902870487781,-0.00752000660978212
190.674675001588,102.634241764784,0,-1.51700301175165,14.1902870487781,-0.00726517980151282
190.685150624699,102.434516318047,0,-1.51844658764153,14.2114125431771,-0.00730286497511926
190.695605332733,102.234789768177,0,-1.5198737260809,14.2114125431771,-0.00712199305970942
190.705510843133,102.03503521663,0,-1.52130960811913,14.2325066826744,-0.00709655278889894
190.71539194026,101.835279487891,0,-1.52267543860372,14.2325066826744,-0.00697771851714314
190.724751752713,101.635498623165,0,-1.52407251139402,14.2535696045717,-0.00690059766749074
190.734074664704,101.435716079098,0,-1.5254100334487,14.2535696045717,-0.00683286445622347
190.742900021741,101.235910891294,0,-1.52676972264489,14.2746014470587,-0.00671452631241572
190.75167961515,101.036103742169,0,-1.5280793942469,14.2809336941556,-0.00668792270707728
190.759981584221,100.836276123183,0,-1.52940310860955,14.3019252961575,-0.00653791800957419
190.768232172032,100.636446435525,0,-1.53068539840121,14.3111534329655,-0.00654340324608425
190.776021640608,100.436598182645,0,-1.53197452639465,14.3321007735042,-0.00637038495402938
190.78375698935,100.236747888382,0,-1.53322991200632,14.3430201012547,-0.00638990055238263
190.791044660735,100.03688070787,0,-1.53448581887127,14.3639209697421,-0.00622142059323019
190.798277998859,99.8370116130869,0,-1.53571478538081,14.3759340120222,-0.00622700896747857
190.805074388655,99.6371271237293,0,-1.53693881204191,14.3967870970581,-0.00609143521786981
190.811818415429,99.4372409170115,0,-1.53814186332461,14.4095134614617,-0.00607087846705316
190.818133843501,99.2373406534593,0,-1.53933534431718,14.4303180213066,-0.00596420462621369
190.824400730825,99.0374389135885,0,-1.54051310239371,14.4434845650322,-0.00592134005750518
190.830245273572,98.8375243285275,0,-1.54167743231264,14.4642402628111,-0.00583975240351625
190.836046641292,98.6376085310646,0,-1.54283059107308,14.4776389212168,-0.00577818763001117
190.841430102446,98.4376809983284,0,-1.54396716106737,14.4983457240174,-0.00571807483448536
190.846777019117,98.2377525228516,0,-1.54509637054371,14.5118148111976,-0.00565037695527605
190.85170894684,98.0378133418767,0,-1.54620646903947,14.5324729180719,-0.00558994818690295
190.856611970253,97.8378734798978,0,-1.54731232858439,14.5458842489284,-0.00553118406636928
190.861101677003,97.637923879915,0,-1.5483971402585,14.5664940388284,-0.00546177570163618
190.865570895188,97.4379738420789,0,-1.54948020099247,14.5797451704104,-0.00541741414375771
190.869627476646,97.2380149859438,0,-1.55054081344282,14.6003071623205,-0.00533637654672913
190.873672546259,97.0380559084831,0,-1.55160158050338,14.6133168035309,-0.00530857005715214
190.877304899383,96.8380888961766,0,-1.55263899023834,14.6338316240265,-0.00521376135443523
190.880935081763,96.638121846695,0,-1.55367792484461,14.6465370476201,-0.00520410603687019
190.884151922048,96.4381477185219,0,-1.55471143178892,14.6670054028526,-0.00509387080248253
190.887368762333,96.2381735903489,0,-1.5557105640014,14.6809276480377,-0.00510346012128857
190.890185995164,96.0381934406853,0,-1.55672808539101,14.7013481213415,-0.00497663495289893
190.89299587317,95.8382131801954,0,-1.5577007067697,14.7167183675258,-0.00500610440446993
190.895424090857,95.6382279374711,0,-1.55869719387528,14.7370892465469,-0.0048619779334774
190.897835408061,95.438242474126,0,-1.55964944665724,14.7537021724451,-0.00491154613919628
190.899882748464,95.2382529773579,0,-1.56062523972787,14.7740220563448,-0.0047498178579775
190.901903772488,95.0382631889639,0,-1.56155776718912,14.7917107578279,-0.00481932491859859
190.903578118066,94.8382702284116,0,-1.56251316927734,14.8119784988711,-0.00464006667777302
190.90521699734,94.6382769433375,0,-1.56342654667564,14.8306021447561,-0.00472901018132812
190.906526002157,94.4382812635935,0,-1.56436182499357,14.8508168080621,-0.00453263001535414
190.90779078005,94.2382852627913,0,-1.56525656248198,14.8702536885582,-0.00463100436007
190.908741895639,94.038287565516,0,-1.56617194964875,14.8904145220542,-0.00443660144820498
190.909640524109,93.8382895843589,0,-1.56704849484835,14.9105480998722,-0.0045313863902084
190.910241024324,93.6382905306922,0,-1.5679441900366,14.930654523634,-0.00434541692579213
190.910781377125,93.4382912606463,0,-1.56880293029379,14.9507339118892,-0.00443270374305012
190.911038382101,93.2382914733209,0,-1.56967910028701,14.9707863641652,-0.00425606065611152
190.911228267576,93.0382915634622,0,-1.57052036464516,14.9908119980699,-0.00433479527570291
190.911148766921,92.8382916286455,0,-1.57137714480825,15.0108109112509,-0.00416824033258012
190.910995940416,92.6382916870354,0,-1.57220120571694,15.0307832202227,-0.00423750466446529
190.910586815723,92.4382921559199,0,-1.57303870089248,15.0507290209494,-0.00408167204180631
190.910098991659,92.2382927508515,0,-1.57384577567674,15.070648428719,-0.00414068001097867
190.909367038443,92.0382941410143,0,-1.57466406100964,15.090541537988,-0.00399607906625432
190.90855190206,91.8382958021395,0,-1.57545431312047,15.1104084627035,-0.00404417351098421
190.907503851202,91.6382985986886,0,-1.57625343481944,15.1302492959711,-0.0039111908155917
190.906369070012,91.4383018180354,0,-1.57702697488423,15.1500641503009,-0.00394784113895439
190.905011608787,91.2383064745596,0,-1.57780695092665,15.1698531175842,-0.00382674184383875
190.903564843748,91.0383117074507,0,-1.57856383761693,15.189616308817,-0.00385154236668687
190.90190463652,90.8383186467864,0,-1.57932465839891,15.2093538147942,-0.00374247095522548
190.900153552961,90.6383263126674,0,-1.58006489913299,15.2290657449364,-0.00375513990803667
190.89819726159,90.4383359274981,0,-1.58080652807497,15.2487521890437,-0.00365812039835053
190.896149539893,90.2383464106832,0,-1.58153007957032,15.268413254915,-0.00365849949844812
190.893903843933,90.0383590639831,0,-1.58225245367905,15.2880490314426,-0.00357343514252271
190.891567190009,89.8383727143278,0,-1.58295922236941,15.3076596247694,-0.00356148968615204
190.889038806738,89.6383887396622,0,-1.5836622527643,15.3272451229545,-0.00348816221961347
190.886420962282,89.43840587317,0,-1.584352095096,15.3468056304604,-0.00346398165967835
190.883616666621,89.2384255748642,0,-1.58503566750179,15.3663412345788,-0.00340205014925496
190.880725419186,89.0384464742355,0,-1.58570839012303,15.3858520380744,-0.00336584909298656
190.877652063538,88.8384701274232,0,-1.58637236533529,15.4053381275294,-0.00331484842836421
190.874495256424,88.638495042553,0,-1.58702772519096,15.4247996039985,-0.00326696801420649
190.871159790483,88.4385228931158,0,-1.58767193951746,15.4442365534085,-0.00322630709090307
190.867745332454,88.238552041549,0,-1.58830964386402,15.4636490750934,-0.00316721669538709
190.864154823004,88.0385843059573,0,-1.58893390954807,15.4830372543764,-0.00313617633213162
190.860490697841,87.8386178733072,0,-1.58955361589943,15.5024011888613,-0.00306647557189801
190.856652348583,87.6386547383737,0,-1.59015772152605,15.5217409633178,-0.0030442062099149
190.852746624476,87.4386928787124,0,-1.59075903754637,15.5410566736094,-0.00296462716127778
190.848667795897,87.2387345012701,0,-1.59134274843917,15.5603484040036,-0.0029501463878338
190.844528634689,87.0387773374963,0,-1.59192523179159,15.5796162486108,-0.00286155603466228
190.84021686399,86.8388238440122,0,-1.59248829040289,15.5988602912488,-0.00285374598220541
190.835852530261,86.6388714682046,0,-1.59305144857105,15.6180806242605,-0.00276185477535311
190.831315551365,86.4389229543412,0,-1.59359357486713,15.637277331067,-0.00275004746057952
190.826734421372,86.2389754281049,0,-1.59413686496057,15.6564505022276,-0.00266829412041258
190.821980185005,86.0390319582415,0,-1.5946577568105,15.6756002208205,-0.00263591643106421
190.81719075547,85.8390893130536,0,-1.59518058536873,15.6947265756045,-0.00257282449308367
190.812227449321,85.6391509197823,0,-1.59567991893666,15.713829649367,-0.00251904021004992
190.807238346064,85.4392131573444,0,-1.59618164174421,15.7329095290517,-0.00247511145811596
190.802074415032,85.2392798409541,0,-1.59665907189205,15.7519662972032,-0.00239939245951454
190.796894401451,85.0393469335594,0,-1.59713899382161,15.7710000389393,-0.00237480656506586
190.791538567945,84.8394186615218,0,-1.59760356650235,15.7900108366039,-0.00227696261235515
190.786172789937,84.6394906550064,0,-1.5980515294201,15.8089987733344,-0.00227154728877728
190.780637837625,84.4395672589195,0,-1.59850862243051,15.8279639314502,-0.00215175624459408
190.775089290593,84.2396442447781,0,-1.59891806481806,15.8469063920997,-0.0021649570673572
190.769390625932,84.0397254482104,0,-1.59935139122704,15.865826237545,-0.00202379549860206
190.76366881723,83.8398073203011,0,-1.59973734522025,15.8847235473956,-0.00205464741193239
190.757815835369,83.6398929821376,0,-1.60014602475278,15.9035984034175,-0.00189312302992579
190.751930623743,83.4399795992574,0,-1.60050804534243,15.9224508838923,-0.00194031734208283
190.74593289722,83.2400695512945,0,-1.6008911464184,15.9412810699128,-0.00175994507661496
190.739894513284,83.0401607368797,0,-1.60122877013044,15.9600890386354,-0.00182201347811898
190.733761799396,82.8402547844412,0,-1.60158531016174,15.9788748703146,-0.00162482452612021
190.727580866005,82.640350326375,0,-1.6018980556399,15.9976386411671,-0.00169534197739191
190.721323113962,82.4404482489987,0,-1.60222700146481,16.0163804304644,-0.00149473434858274
190.715010666409,82.2405478995487,0,-1.60251437009532,16.0351003136446,-0.00155619707735288
190.708638024236,82.0406494517515,0,-1.60281464261361,16.0537983688797,-0.00137851467093579
190.702205528613,81.840752927713,0,-1.60307612625701,16.0724746709573,-0.00140765558872186
190.69572834697,81.6408578399345,0,-1.60334679966618,16.0911292968693,-0.00125950494263995
190.689187638886,81.4409648255651,0,-1.6035821665721,16.1097623208409,-0.00125981000398598
190.682616360588,81.2410728089623,0,-1.60382298897549,16.128373818646,-0.00113814085118355
190.675979375772,81.0411829661973,0,-1.60403266979798,16.1469638639914,-0.00111343613513666
190.66932427101,80.8412937229134,0,-1.60424389947174,16.16553253144,-0.00101488043767055
190.662602841396,80.6414067001034,0,-1.60443168203249,16.1840798941838,-0.000969337711840492
190.655872665684,80.4415199705418,0,-1.60461048523193,16.2026060255974,-0.000890204025266823
190.649079755582,80.2416353628994,0,-1.60478748825085,16.2211109983479,-0.000828346151141692
190.642278819209,80.0417510291179,0,-1.60492373168437,16.2395948846615,-0.00076461418374092
190.635431443429,79.841868279875,0,-1.60507166621484,16.2580577566303,-0.000691463305675522
190.628571367768,79.641985967128,0,-1.60518465458523,16.2764996855844,-0.00063848714719195
190.621678823311,79.4421047703362,0,-1.60530394698735,16.2949207428213,-0.000557564025573881
190.614771058954,79.2422240997522,0,-1.60539430034166,16.3133209988782,-0.000514127991950212
190.607842394737,79.042344151753,0,-1.60548540321874,16.3317005242087,-0.000425508142084485
190.600898211076,78.8424647427838,0,-1.60555374641163,16.3500593886097,-0.000393205828585372
190.593942226055,78.6425857437058,0,-1.60561713906544,16.3683976616853,-0.000295474905572927
190.586972700668,78.4427072164826,0,-1.60566410178747,16.3867154125082,-0.000274154185838269
190.579997941954,78.2428288716303,0,-1.60570029073941,16.4050127098559,-0.000169204978489536
190.573013949791,78.0429508492218,0,-1.60572679757891,16.4232896220716,-0.000151743891649267
190.566028594801,77.8430728744087,0,-1.60573602714418,16.4415462171428,-5.21046878354902e-05
190.559040913063,77.6431949809239,0,-1.60573890199696,16.4597825626721,-2.58915495694347e-05
190.552054408834,77.4433170462894,0,-1.60572555060366,16.4779987258892,5.55613278270377e-05
190.545072064396,77.2434389662853,0,-1.60570226122786,16.4961947736564,9.81276677380436e-05
190.538094870242,77.043560706532,0,-1.60567009768842,16.5143707724548,0.000158882488522872
190.531125383391,76.8436821777876,0,-1.60562126087751,16.5325267884286,0.000219384352744256
190.52416771211,76.6438032376459,0,-1.60557094014524,16.5506628873098,0.000258597275695069
190.517218341361,76.4439240084944,0,-1.60549720348986,16.5687791345462,0.000337712271267394
190.510290146967,76.2440440445245,0,-1.60542938593202,16.5868755951333,0.000362089556309349
190.503367886925,76.0441638746329,0,-1.60533142879739,16.6049523338198,0.00044552555882602
190.496478851991,75.8442825569035,0,-1.6052276586379,16.6230094149127,0.000476180374003517
190.489598075314,75.6444009552929,0,-1.60512531496867,16.6410469023557,0.000535794344410976
190.482749953697,75.4445182316014,0,-1.60499656894188,16.6590648599014,0.00058840273423928
190.475920645195,75.2446348655499,0,-1.60488027998091,16.6770633506769,0.00062076922408546
190.469119012071,75.0447505545426,0,-1.60472886949881,16.6950424378763,0.000697007515580241
190.462350232765,74.8448651299023,0,-1.604597783125,16.7130021838588,0.0007140162362994
190.455601004093,74.6449790425616,0,-1.6044245199392,16.7309426511978,0.000789756093662923
190.448901490744,74.445091283791,0,-1.60426449809196,16.7488639016072,0.000821590273927901
190.442216234727,74.2452030474917,0,-1.60408506046347,16.7667659968165,0.000860351656166502
190.435588456545,74.0453128962677,0,-1.60388338566817,16.7846489981769,0.000928665121769387
190.428983825966,73.8454219815059,0,-1.60371207766541,16.8025129663429,0.000923367953405286
190.422424533736,73.6455295712312,0,-1.6034905078014,16.8203579624252,0.00102543784237848
190.41590848343,73.4456357499458,0,-1.60330720663679,16.8381840462197,0.00102040699603098
190.409422472661,73.2457409484519,0,-1.60306670771763,16.8559912783072,0.00108473146490043
190.40300257156,73.0458440147662,0,-1.60284805018991,16.8737797179106,0.00112105196743576
190.39660397847,72.8459463976997,0,-1.60261371623434,16.8915494245892,0.00113232488214907
190.390277763287,72.6460464752348,0,-1.60234824743689,16.9093004575393,0.00122047219468779
190.383985304339,72.4461454917518,0,-1.60213331965787,16.9270328749642,0.00119987199216731
190.377745017829,72.2462428683966,0,-1.60185135240072,16.9447467360866,0.00128301773015236
190.37156529094,72.0463383681519,0,-1.60162736265923,16.9624420982634,0.00128319025055967
190.365414557327,71.8464329693353,0,-1.60133004706455,16.9801190201052,0.00131322970207471
190.359353700862,71.6465248260564,0,-1.60103362531968,16.9977775586962,0.00137499634870039
190.353321481073,71.4466158204523,0,-1.60078629204174,17.0154177709921,0.00136785516889507
190.347359513197,71.2467047028549,0,-1.60046871313894,17.0330397146661,0.00143184462940498
190.341454268425,71.0467919075992,0,-1.60022211581983,17.0506434454411,0.00143059734599312
190.335590896361,70.8468778739046,0,-1.59989218899465,17.0682290207146,0.00145758427928799
190.329817565954,70.6469612220974,0,-1.59958383158583,17.0857964958081,0.00149879890301945
190.324077485072,70.4470436148968,0,-1.59929871866801,17.1033459265329,0.00150785201659562
190.318418153166,70.2471237010253,0,-1.59895264453078,17.1208773689507,0.0015307151950963
190.312816446341,70.0472021710188,0,-1.59869054579039,17.1383908772745,0.00155465444550546
190.307261912722,69.8472793180073,0,-1.59833562559748,17.1558865076173,0.00157191658896811
190.301802119562,69.6473538579699,0,-1.59800480479619,17.173364313788,0.00157570669351491
190.296379864569,69.4474273789031,0,-1.59770780706891,17.1908243501642,0.00161177670388892
190.291038827106,69.2474987083257,0,-1.5973418238014,17.2082666715215,0.00158491018658611
190.285762913091,69.0475683155987,0,-1.5970716869735,17.2256913306036,0.0016393730544987
190.280529892595,68.8476367885789,0,-1.59670094990677,17.2430983821711,0.00164191412225764
190.275402223074,68.6477025326744,0,-1.59633494563049,17.260487878818,0.00160865880577713
190.270315555724,68.4477672352929,0,-1.59605618526716,17.2778598731079,0.00167010096256822
190.265299354464,68.2478301508766,0,-1.59568061315889,17.2952144188718,0.00162435201709095
190.260362868755,68.0478910880439,0,-1.59537422063286,17.3125515675126,0.00164228100684553
190.255469186966,67.8479509706689,0,-1.59503480054384,17.3298713719322,0.00166959689415598
190.250668428916,67.6480085971656,0,-1.59465865857619,17.3471738841724,0.00160657673860486
190.245925160325,67.4480648585856,0,-1.59439291831335,17.364459155029,0.00165516256860953
190.241230668425,67.248119961812,0,-1.59402014670557,17.3817272371497,0.00163125477583352
190.236636467701,67.048172736601,0,-1.5936595415164,17.398978181011,0.00160672155517384
190.232086179486,66.8482245123681,0,-1.59339104318496,17.4162120371946,0.00165201717495802
190.227599350386,66.6482748477906,0,-1.59302631210371,17.4334288573568,0.00159690739287221
190.22319491798,66.4483233549832,0,-1.59270981276522,17.4506286910609,0.00160580790239428
190.218834657745,66.2483708949846,0,-1.59241937853109,17.4678115887264,0.0016185485683392
190.21454637151,66.0484168737668,0,-1.59206679004025,17.4849776007647,0.00160204780558738
190.21032711422,65.8484613886494,0,-1.59178327837838,17.5021267760649,0.00161427757053179
190.206152207332,65.6485049714022,0,-1.59148132623108,17.5192591645678,0.00159911367828487
190.202053704685,65.4485469701218,0,-1.59113497243575,17.5363748156593,0.00162536344341235
190.198017310147,65.2485877103277,0,-1.59086587118736,17.5534737775954,0.00163848207518858
190.19402642604,65.0486275350046,0,-1.59055420956378,17.5705560996874,0.00161138326969131
190.190114671438,64.848665793224,0,-1.59020310082549,17.5876218304881,0.00167960787999905
190.186264203877,64.648702866959,0,-1.58992951509544,17.6046710175771,0.00168588725617103
190.18246186327,64.4487390177767,0,-1.58960747238294,17.6217037095714,0.00167356395682201
190.178740189611,64.2487736479119,0,-1.58923942046316,17.6387199543483,0.00177879267874558
190.17508504422,64.0488070562113,0,-1.58894156993427,17.6557197987523,0.00178935364655834
190.171482490871,63.8488395090241,0,-1.58860801810206,17.6727032906526,0.00180672534379859
190.167960744637,63.6488705181693,0,-1.58820970439002,17.6896704774126,0.00190789244906756
190.164517492067,63.4489001656825,0,-1.58786522733747,17.7066214050962,0.00195938652840009
190.161133516221,63.2489288022652,0,-1.58752041607578,17.7235561207255,0.00200452064705584
190.157828168428,63.0489561174405,0,-1.58707755928319,17.7404746713414,0.00208478874583221
190.154621311211,62.8489818333523,0,-1.58666005298267,17.757377102242,0.00219924286132885
190.151482944407,62.6490064674005,0,-1.58630740974287,17.7742634593879,0.00226758953755402
190.148417127065,62.449029966871,0,-1.58580509956262,17.7911337897204,0.0023567024446973
190.145479661012,62.2490515404922,0,-1.58528308595484,17.8079881379582,0.00246515794069724
190.142622626382,62.0490719599859,0,-1.58487463213361,17.8248265485574,0.00259638632994339
190.139848525282,61.8490912070449,0,-1.58435404287151,17.8416490679824,0.00270468526183376
190.13719970645,61.6491087484171,0,-1.58374676837191,17.8584557413298,0.00278197796792624
190.134668493824,61.4491247783931,0,-1.58320715818799,17.8752466117202,0.00297807239009512
190.132235501827,61.249139593561,0,-1.58268725251224,17.8920217242724,0.0031132327691193
190.129912235992,61.0491530879266,0,-1.58198614647224,17.9087811249631,0.00321841462921793
190.12775966781,60.8491646757622,0,-1.58126943616093,17.9255248562199,0.00334242065582984
190.125723069278,60.6491750678071,0,-1.58068093128267,17.9422529606411,0.00357279046732013
190.123805890947,60.4491842719832,0,-1.57996375177939,17.9589654840845,0.003709375921174
190.122056151106,60.2491919261034,0,-1.57911633213097,17.9756624706445,0.00377841097299388
190.120477927673,60.0491981723369,0,-1.57833942699365,17.9923439607253,0.00402596569150416
190.119038940207,59.8492033810129,0,-1.57763469190996,18.009009997925,0.00421302580033192
190.117742603369,59.6492075868216,0,-1.57668960394915,18.0233510663312,0.00430469152076133
190.116681643425,59.4492104009314,0,-1.57568261733588,18.0399884606454,0.00445059089476772
190.115788095284,59.249212434488,0,-1.57485712164349,18.0566105221272,0.00472257421209236
190.115057330384,59.0492138057387,0,-1.57395588911309,18.0732172962975,0.00484692716149979
190.114524272729,58.8492145161161,0,-1.57282963122181,18.0856969342438,0.00489213256512529
190.114244009377,58.6492147328331,0,-1.57174307751863,18.1022770262824,0.0051956011532294
190.114145572607,58.4492148129183,0,-1.57082952639337,18.1188419433663,0.0053343606338776
190.114230729542,58.249214854902,0,-1.56967433329578,18.1277845153112,0.00538704872774388
190.114594369777,58.0492151854878,0,-1.56839664996732,18.1420074032915,0.00559778483410145
190.115190599059,57.8492161286664,0,-1.56731860914009,18.1585360769453,0.00575805613564807
190.11598545346,57.6492177696582,0,-1.56623620451286,18.1725141075824,0.00583704490451524
190.117014641056,57.4492204177435,0,-1.5648608291102,18.1725141075824,0.00596854934703434
190.118359637684,57.2492249688031,0,-1.56354825100279,18.1884198360676,0.00610264290703535
190.119913844787,57.0492310903225,0,-1.5625080283081,18.2044478477758,0.00614355484706661
190.121674917873,56.8492388584813,0,-1.56109397006735,18.2044478477758,0.00635741046372957
190.123794724887,56.6492500927512,0,-1.55962100920216,18.2186282324979,0.00634547695005267
190.126144950128,56.4492639913745,0,-1.5585209345988,18.2343930389899,0.00634667651487395
190.128704756112,56.2492804200607,0,-1.55714666660975,18.2343930389899,0.00664848822298125
190.131604642054,56.0493014445119,0,-1.55562774696935,18.2444234403544,0.00651226577852188
190.134771952639,55.8493266165308,0,-1.5544444917985,18.2603858060125,0.00655238588650219
190.138145081251,55.6493551232043,0,-1.55307841750775,18.2603858060125,0.00670832640109846
190.141858741929,55.4493896043658,0,-1.55154023527621,18.2691753397044,0.00659584061808345
190.145847038164,55.2494294722855,0,-1.55036472858045,18.285589060783,0.00669262661305265
190.15003080864,55.0494732860413,0,-1.54895396098164,18.285589060783,0.00663883049630485
190.154583285003,54.849525105357,0,-1.54742385918993,18.2983116319269,0.00670716853692114
190.159378940197,54.6495827205835,0,-1.54635877326209,18.3146992398358,0.00660602725377396
190.164357329778,54.4496446910914,0,-1.54483919958128,18.3146992398358,0.00649939364293636
190.16976061921,54.249717697268,0,-1.5433528279202,18.3310722063281,0.00669958870961777
190.175333347345,54.0497954603,0,-1.54226734905989,18.3410436270946,0.00637423866276659
190.181170656753,53.8498806639019,0,-1.54079718746642,18.3410436270946,0.00650682639036182
190.187331196785,53.6499756539788,0,-1.53962787326501,18.3573930902602,0.00636655763564683
190.193636014994,53.450075091782,0,-1.53828389725191,18.3573930902602,0.00631955071077378
190.200333870093,53.2501872764028,0,-1.53688533951087,18.3737280123096,0.00614347994567504
190.207197805462,53.0503052038496,0,-1.53581603284383,18.3839454263542,0.00621272655109092
190.214323127549,52.8504321696876,0,-1.53446758162108,18.391426509655,0.00594513919471373
190.221726100186,52.650569327532,0,-1.53341017031029,18.407731222441,0.00591237810355768
190.229274101931,52.4507118091104,0,-1.53212297297008,18.407731222441,0.00588053681279783
190.237191577679,52.2508686293937,0,-1.5309990147322,18.424021510772,0.00559995024288238
190.245188821689,52.0510286145263,0,-1.52986561928709,18.424021510772,0.00556681426544986
190.253559281169,51.8512038527772,0,-1.52869772618105,18.4402974116306,0.00548635731681877
190.262023284861,51.6513831024194,0,-1.52770620306627,18.4402974116306,0.00522396325847108
190.270789989294,51.451575332567,0,-1.52661417611201,18.4565589596054,0.00531198481838003
190.279690391244,51.251773557637,0,-1.52565231764142,18.4678056283905,0.00490870914067622
190.288841452729,51.0519830221412,0,-1.52463823183103,18.4840429757132,0.00500367109448777
190.298147068471,50.8521997096881,0,-1.5237088265021,18.4985560347123,0.00469741193222211
190.307669486632,50.6524265294251,0,-1.52277294573733,18.5147664141191,0.00470079951115752
190.317349032894,50.4526609797645,0,-1.52187822768724,18.530447292818,0.00451939097786315
190.327228916889,50.2529051590927,0,-1.52101930139873,18.5466297982115,0.00435049068673778
190.337251616894,50.0531565249561,0,-1.52016100841474,18.5622531563181,0.00430900532396435
190.347474384141,49.85341795825,0,-1.51937654849869,18.5784079576061,0.00402801277738483
190.357810461882,49.6536852840851,0,-1.51855597929569,18.5928535845642,0.00405686042145994
190.368361013798,49.4539637633262,0,-1.5178425117027,18.6089818210734,0.00375090821064674
190.378982087504,49.2542460232728,0,-1.51706058113853,18.6206891905407,0.00382292496001521
190.389844963081,49.054541246329,0,-1.51641386904129,18.6367933381985,0.00350927506809695
190.400724349309,48.8548373797759,0,-1.51567116032356,18.641615558384,0.00356505991263252
190.411883857742,48.6551489590511,0,-1.5149697909682,18.6577016437338,0.00333707622205479
190.423043366174,48.4554605383264,0,-1.51438321108283,18.6700667771189,0.00325399887323302
190.434437131752,48.2557853742171,0,-1.5136800242229,18.6861283678562,0.00316286053595999
190.445877465584,48.056112845406,0,-1.51319158478098,18.7021761669598,0.0029841146058026
190.457466283236,47.8564489229087,0,-1.51252798137526,18.7182102042319,0.00296847344163743
190.469171613626,47.6567917536397,0,-1.51209066754741,18.7342305219567,0.00284593172697232
190.480935059342,47.4571380279057,0,-1.51146651116728,18.7500371592294,0.00266599523360711
190.492889615121,47.2574956261066,0,-1.510987898004,18.7660303067133,0.00272445139171783
190.504844170901,47.0578532243075,0,-1.5104895208617,18.7812034248829,0.00242176495636667
190.516997714087,46.8582228546739,0,-1.50990451323858,18.7971700538944,0.0025684249025344
190.529185846274,46.6585945765322,0,-1.50959075424321,18.8131231334679,0.00226720015133718
190.541464657996,46.4589718844746,0,-1.50904446758862,18.8290626943573,0.00228913946795669
190.553870891378,46.2593570419071,0,-1.50872530957843,18.8449887754819,0.00217258318275336
190.566277124759,46.0597421993395,0,-1.50825579081171,18.8607972087633,0.00211426919795714
190.57887079802,45.860139101929,0,-1.50774769639229,18.876696515237,0.00199921411036489
190.591479871333,45.6605369695,0,-1.50753208365011,18.8925824420157,0.00196338128310065
190.604159616509,45.4609393348711,0,-1.50706157654781,18.908455020599,0.00189060970827023
190.616956512643,45.2613491561314,0,-1.50676810660227,18.9243142878682,0.00175192925184931
190.629753408778,45.0617589773918,0,-1.5064334474053,18.9401602756158,0.00181482844539756
190.642683890562,44.8621774217708,0,-1.50599986835127,18.9559930160962,0.00156563986308359
190.655653858099,44.6625984150038,0,-1.50585706989403,18.9718125445696,0.00163678174650501
190.66864133969,44.463020553405,0,-1.5054597238952,18.9876188925225,0.00155523352553879
190.681769906953,44.2634519167868,0,-1.50510625653765,19.0034120938235,0.00139566503662192
190.694898474215,44.0638832801686,0,-1.50496453408517,19.0191921807336,0.00151113268962141
190.708083606842,43.8643183852432,0,-1.50460270651957,19.0349591848852,0.00129068671881592
190.721356589517,43.6647593014336,0,-1.5043826014293,19.0507131407264,0.0012713989024744
190.734629572193,43.4652002176241,0,-1.50418134913931,19.0664540796196,0.00128953575071603
190.747982876562,43.2656465025188,0,-1.50385431952514,19.0821820329822,0.00114957181776604
190.761386379846,43.0660961427103,0,-1.50372854221766,19.097897034487,0.00114957181776604
190.774789883131,42.8665457829018,0,-1.50349962801861,19.1135991152862,0.00107314234484897
190.788284744434,42.6670015863609,0,-1.50320668165875,19.1292883067374,0.00103017618793939
190.801805160512,42.4674591138166,0,-1.50314264950639,19.1449646414476,0.00100823687131988
190.815325576591,42.2679166412724,0,-1.50291171420069,19.1606281505142,0.000902468694339317
190.828938153848,42.0683804373327,0,-1.50265215206541,19.1762788651591,0.000913178635754086
190.84256215544,41.8688450104516,0,-1.50262352523907,19.1919168170964,0.000842327942118237
190.856186157032,41.6693095835704,0,-1.5024102144153,19.2075420372922,0.000781779221480361
190.869895283435,41.4697799882943,0,-1.50218336147039,19.2231545567027,0.000798494004169134
190.883609814019,41.2702507632398,0,-1.50216981935065,19.2387544064287,0.000697867854828926
190.897324344604,41.0707215381853,0,-1.50198801908419,19.2543416171751,0.000664042193107736
190.911111423148,40.871197313873,0,-1.50179323128899,19.2699162195388,0.000686011241678921
190.924903684405,40.6716734468058,0,-1.5017802437613,19.2854782442139,0.000571554140033658
190.938695945662,40.4721495797387,0,-1.50163831275295,19.3010277215501,0.000551633226695489
190.952544843526,40.2726296370212,0,-1.5014749829323,19.3165646817544,0.000575608009099496
190.966402280441,40.0731102859744,0,-1.50145358412093,19.3320891551948,0.000460129819387882
190.980259717356,39.8735909349276,0,-1.50135457645909,19.3476011718353,0.000446783232514241
190.994156661796,39.6740743330978,0,-1.50122213922819,19.3631007615111,0.000467154107707639
191.008066945805,39.4745586595311,0,-1.50118870966,19.3785879542455,0.00036049869669537
191.021977229813,39.2750429859643,0,-1.50113058366925,19.3940627796352,0.000353727643645795
191.035910707749,39.0755289318629,0,-1.50102851957726,19.4095252671817,0.000358473733663982
191.04986171824,38.8760161019339,0,-1.50098458147669,19.4249754465061,0.000269603715959777
191.063812728731,38.6765032720048,0,-1.50096039114986,19.4404133468752,0.000263109954722349
191.077773391734,38.4769911177313,0,-1.50088823018549,19.4558389974828,0.000260810656781244
191.091753196155,38.2774803033169,0,-1.50084025954827,19.4712524275141,0.00018451175484135
191.105733000577,38.0779694889024,0,-1.50083832588584,19.4866536659318,0.000173812350138709
191.119713576569,37.8784587285853,0,-1.5007956504727,19.5020427416176,0.000173801813426581
191.133710409353,37.6789491080853,0,-1.5007549087222,19.5174196833464,0.000105696570370087
191.147707242136,37.4794394875853,0,-1.50075490872226,19.5327845197729,8.56644715777277e-05
191.16170407492,37.2799298670854,0,-1.50074541655787,19.5481372794412,8.56539348656e-05
191.175704695256,37.0804205123573,0,-1.50073186415487,19.5634779907825,4.41846916246926e-05
191.189706935704,36.8809112713121,0,-1.5007278039162,19.5788066821201,-1.4907029836934e-06
191.203709176152,36.6814020302668,0,-1.500732402533,19.594123381663,-1.50123969582112e-06
191.217709581665,36.4818926604677,0,-1.50074766794002,19.6094281175095,-1.3596403125452e-05
191.231705730926,36.2823829920157,0,-1.50075833473024,19.6247209176531,-7.712085218526e-05
191.245701880188,36.0828733235637,0,-1.50075833473024,19.6400018099738,-8.78171549443046e-05
191.25969802945,35.8833636551116,0,-1.50079553755541,19.6552708222444,-8.8783980821015e-05
191.27367933402,35.6838529459177,0,-1.50083937501648,19.6705279821228,-0.000120728006258929
191.287657991233,35.4843420511212,0,-1.50084600965236,19.6857733171821,-0.000173506355162054
191.301636648446,35.2848311563247,0,-1.50087082214605,19.701006854866,-0.000173506355162054
191.315605404884,35.0853195685525,0,-1.5009430473295,19.7162286224842,-0.000178262981892369
191.32955524253,34.8858066566154,0,-1.5009904600191,19.7314386473482,-0.000221369161160334
191.343505080176,34.6862937446781,0,-1.5009904600191,19.7466369565571,-0.000258755980806459
191.357454917821,34.486780832741,0,-1.50106953827844,19.7618235771415,-0.000256456682865354
191.371373200978,34.287265717717,0,-1.50117003020956,19.7769985359769,-0.000251123284780135
191.385282939467,34.0877500061172,0,-1.501191443881,19.7921618599898,-0.000326990672261831
191.399192677955,33.8882342945174,0,-1.5012145901921,19.8073135758495,-0.00034373813896679
191.413093180256,33.688717940188,0,-1.50134329320357,19.8224537101011,-0.00032513672632781
191.426951561739,33.4891986547475,0,-1.50144884990338,19.8375822894097,-0.000329103247386165
191.440809943221,33.2896793693071,0,-1.50144884990352,19.8526993401175,-0.000428652227436079
191.454668324704,33.0901600838666,0,-1.50153100203249,19.8678048885402,-0.000416245979310098
191.468493923962,32.8906385265794,0,-1.50168792779843,19.8828989607082,-0.000392539633272898
191.48228968533,32.6911149014913,0,-1.50176270143339,19.8979815831086,-0.000425485467842639
191.496085446698,32.4915912764033,0,-1.50176270143325,19.9130527815734,-0.000513714747773189
191.509881208067,32.2920676513153,0,-1.50191443620671,19.9281125820217,-0.000474175617829516
191.523616419316,32.0925398508494,0,-1.50209966591287,19.9431610101215,-0.000463468778358344
191.537338264335,31.8930111286832,0,-1.50213316084369,19.9581980919028,-0.000522085463598985
191.551060109354,31.6934824065169,0,-1.50214772852459,19.9732238528394,-0.000587576078133044
191.564776140946,31.4939532858021,0,-1.50236141524033,19.9882383183749,-0.000534797729229918
191.57841271144,31.2944187175058,0,-1.50256053427378,20.0032415141184,-0.000534797729229918
191.592049281934,31.0948841492096,0,-1.50256053427372,20.0182334653223,-0.000617488042165345
191.605685852427,30.8953495809133,0,-1.50262644701362,20.0332141972313,-0.000644078455818064
191.619296118746,30.695813221345,0,-1.50286881831618,20.0481837346477,-0.000606691636171939
191.632835964736,30.4962720662652,0,-1.50304527687319,20.0631421033245,-0.000606691636171939
191.646375810726,30.2967309111855,0,-1.50304527687312,20.0780893278766,-0.000710318153558081
191.659915656716,30.0971897561057,0,-1.50316251023785,20.0930254331744,-0.000695950498891076
191.673408716084,29.8976454390784,0,-1.50343387113728,20.1079504434567,-0.000679203032186118
191.686840264753,29.6980969650167,0,-1.50358799866217,20.1228643844884,-0.00067919249547399
191.700271813422,29.498548490955,0,-1.5035879986621,20.1377672803246,-0.000791419365546366
191.713703362091,29.2990000168933,0,-1.50375340035465,20.1526591554691,-0.000751664195819557
191.727068898115,29.099447119482,0,-1.5040541350094,20.1675400336692,-0.000751664195819557
191.740380422082,28.8998906028514,0,-1.50418946795798,20.1824099405807,-0.000751664195819557
191.753691946048,28.700334086221,0,-1.5041894679579,20.1972688997708,-0.00084751662955813
191.767003470014,28.5007775695905,0,-1.50439672098414,20.2121169353843,-0.000823154744606259
191.780232274779,28.3012155625707,0,-1.50472697348776,20.226954070721,-0.000823154744606259
191.793411987776,28.1016502971428,0,-1.50484997294839,20.2417803312618,-0.000823154744606259
191.806591700773,27.9020850317148,0,-1.50484997294846,20.2565957401302,-0.000894957765416527
191.81977141377,27.7025197662869,0,-1.50508899435099,20.2714003211189,-0.000892731444297895
191.832855723775,27.5029482346061,0,-1.50544762446168,20.2861940970886,-0.000892731444297895
191.845892293172,27.3033735672298,0,-1.50556723314918,20.3009770933508,-0.000892731444297895
191.858928862568,27.1037988998535,0,-1.50556723314905,20.315749332593,-0.000933515770026006
191.871965431965,26.9042242324771,0,-1.50582485074486,20.3305108382636,-0.000959471081948637
191.88489917089,26.704642887827,0,-1.5062102031484,20.3452616327553,-0.000959471081948637
191.89778192328,26.5050582323776,0,-1.50633793793092,20.3600017412883,-0.000959471081948637
191.910664675669,26.3054735769282,0,-1.50633793793092,20.374731186086,-0.000963198412778707
191.923547428059,26.1058889214788,0,-1.50659877732629,20.3894499902588,-0.00102261339615172
191.936326058617,25.9062975881135,0,-1.50700929163006,20.404158175686,-0.00102261339615172
191.949044941978,25.7067024228263,0,-1.50715896650626,20.4188557676089,-0.00102262393286385
191.961763825339,25.507107257539,0,-1.50715896650633,20.4335427877403,-0.000984668610782707
191.9744827087,25.3075120922517,0,-1.50740593683777,20.44821925886,-0.00108208829490738
191.987103001173,25.1079106873997,0,-1.50784015077059,20.4628852023101,-0.00108208829490738
191.999648545764,24.9083045519456,0,-1.50802739433173,20.4775406434201,-0.00108208829490738
192.012194090355,24.7086984164915,0,-1.50802739433165,20.492185603369,-0.000999058103793367
192.024739634946,24.5090922810374,0,-1.50824210200772,20.5068201046121,-0.00113808421230971
192.037199463146,24.309480797466,0,-1.50869863914073,20.5214441680067,-0.00113808421230971
192.049562747317,24.1098632902064,0,-1.50894046855041,20.5360578188857,-0.00113808421230971
192.061926031488,23.9102457829468,0,-1.50894046855041,20.5506610779463,-0.00100767504297093
192.074289315658,23.7106282756873,0,-1.50910357930399,20.5652539673259,-0.00119066552080017
192.086587478383,23.5110067663572,0,-1.50958113814171,20.5798365075884,-0.00119081246921911
192.098760098744,23.3113775417594,0,-1.50989558617672,20.5944087237062,-0.00119081246921911
192.110932719105,23.1117483171615,0,-1.50989558617673,20.6089706360863,-0.00106732729384344
192.123105339466,22.9121190925636,0,-1.50998714340011,20.6235222665545,-0.00118415056978247
192.135241403724,22.7124876571636,0,-1.51048448764873,20.6375491158461,-0.00124041769472718
192.14721544921,22.5128464233598,0,-1.51089027463716,20.6520806096858,-0.00124041769472718
192.159189494696,22.313205189556,0,-1.51089027463716,20.666601885868,-0.00113306384651097
192.171163540181,22.1135639557522,0,-1.51089027463717,20.6811129659156,-0.00116453781821792
192.183137585667,21.9139227219483,0,-1.51140593050248,20.6902182517223,-0.00128705383730545
192.194905732471,21.7142692454033,0,-1.51192188036027,20.7047127800344,-0.00128704330059333
192.206673761886,21.5146157618782,0,-1.51192217435275,20.7191971684165,-0.00120548791544015
192.218441791301,21.3149622783532,0,-1.51192217435275,20.7336714381153,-0.00113210601619154
192.230209820715,21.1153087948281,0,-1.51234306445514,20.7469802982204,-0.00133083396150904
192.241809780523,20.91564549486,0,-1.51287648884879,20.7614351969682,-0.00133083396150904
192.253364803215,20.7159795702495,0,-1.51298902308938,20.7758800400346,-0.00128505534760261
192.264919825906,20.5163136456389,0,-1.51298902308931,20.7903148470125,-0.0010872378170625
192.276474848598,20.3166477210283,0,-1.51329380042446,20.8047396387916,-0.00137188486105581
192.287908160137,20.1169748199165,0,-1.51384360984561,20.8191544340372,-0.00137188486105581
192.29924361949,19.9172963099028,0,-1.51408864184948,20.8335592578007,-0.00137187432434368
192.310579078843,19.7176177998893,0,-1.51408864184954,20.847954128602,-0.0011140464028545
192.321914538196,19.5179392898757,0,-1.51425632609139,20.8623390670436,-0.00132671488044472
192.333183029528,19.3182570161517,0,-1.51482146625684,20.8761765500643,-0.00141027512524519
192.344292789011,19.1185658214429,0,-1.51521892210518,20.8905420549457,-0.00141027512524519
192.355402548495,18.9188746267341,0,-1.51521892210511,20.9048976880886,-0.00119983006020141
192.366512307978,18.7191834320253,0,-1.51522907404164,20.9192434698163,-0.00126445556278814
192.377618012826,18.5194920140948,0,-1.51580852009695,20.9208358719453,-0.00144610058562751
192.388496344352,18.319788078472,0,-1.51637781420895,20.9351707320688,-0.00144610058562751
192.399374675878,18.1200841428493,0,-1.51637781420903,20.949495783452,-0.00129371189773285
192.410253007404,17.9203802072265,0,-1.5163778142091,20.9638110462023,-0.00119072130408782
192.42113133893,17.7206762716038,0,-1.51680344501345,20.976466040098,-0.00147942280835482
192.431839664706,17.5209631764447,0,-1.51739619637051,20.9907629076703,-0.00147942280835482
192.442481239102,17.321246484868,0,-1.51756331683911,21.0050500462633,-0.00139558067644354
192.453122813498,17.1215297932912,0,-1.51756331683925,21.0193274736854,-0.00119685273112603
192.463764387894,16.9218131017144,0,-1.51780510205417,21.0335952097122,-0.00141953728433627
192.474309382103,16.722091322624,0,-1.5184101773651,21.0478532715482,-0.00151027015621594
192.484709261509,16.5223618993826,0,-1.51877346735476,21.0621016838449,-0.00150519418326103
192.495109140914,16.3226324761412,0,-1.51877346735469,21.0763404636721,-0.00122053660255558
192.50550902032,16.1229030528998,0,-1.5188125182028,21.0905696305392,-0.00132940585537383
192.515893300019,15.923172827026,0,-1.51942895101992,21.0905696305392,-0.00153868083544076
192.526046932047,15.7234307339244,0,-1.52000633296091,21.1047892038897,-0.00153868083544076
192.536200564075,15.5236886408227,0,-1.52000633296091,21.118999203102,-0.00132585487271948
192.546354196103,15.3239465477211,0,-1.52000633296091,21.1331996474888,-0.00124229462791901
192.556507828131,15.1242044546194,0,-1.52045170200994,21.1446625587598,-0.00155164850282638
192.566483536636,14.9244534288178,0,-1.52107853687602,21.1588457772827,-0.00156469326521768
192.576386750154,14.7246987633854,0,-1.52126000259161,21.1730194971533,-0.00144379010097412
192.586289963673,14.524944097953,0,-1.52126000259161,21.187183735146,-0.00126214507813475
192.596193177191,14.3251894325207,0,-1.52147774105845,21.2013385102648,-0.00144597288605009
192.606009399427,14.1254305098175,0,-1.52211402953751,21.2137593321948,-0.00158832607533797
192.615658401833,13.9256634035348,0,-1.52253257943373,21.2278963866956,-0.00156879011318334
192.62530740424,13.7258962972521,0,-1.52253257943373,21.2420240326642,-0.00128009914562846
192.634956406647,13.5261291909695,0,-1.52253257943373,21.2561422888605,-0.00133127951281871
192.644605409054,13.3263620846868,0,-1.52315128720311,21.2561422888605,-0.0016095890922219
192.654007208907,13.1265831979725,0,-1.52379608451236,21.2702511735266,-0.0016095890922219
192.663398584781,12.9268038145036,0,-1.52382217403134,21.2843507062093,-0.00138689400229954
192.672789960655,12.7270244310347,0,-1.52382217403133,21.2984409050266,-0.00129616113041988
192.682181336529,12.5272450475658,0,-1.52418982957907,21.3124271977056,-0.0015406790610106
192.691425807929,12.3274588543474,0,-1.5248421915865,21.3264988437365,-0.00162849465716024
192.700556518951,12.1276673877723,0,-1.52512689790963,21.34056121408,-0.00151962540434199
192.709687229973,11.9278759211972,0,-1.52512689790956,21.3546143241196,-0.00131035042427506
192.718817940995,11.7280844546221,0,-1.52522925863128,21.3686581921255,-0.00141271724381274
192.727907749191,11.5282911457481,0,-1.52588823855241,21.3686581921255,-0.00164503718265117
192.736775135244,11.3284878187874,0,-1.52644485767679,21.3826928363079,-0.00164503718265117
192.745642521298,11.1286844918266,0,-1.5264448576768,21.3967182748171,-0.00133568330774381
192.754509907352,10.9288811648659,0,-1.52644485767673,21.4107345257442,-0.0013226385453525
192.763377293405,10.7290778379051,0,-1.52693389347316,21.4190011021344,-0.00161425857283007
192.772049251784,10.5292659678945,0,-1.52759853947296,21.433002778663,-0.00165919368034708
192.78065103314,10.3294510301209,0,-1.52777414956217,21.446995316598,-0.00147536587243174
192.789252814496,10.1296360923472,0,-1.52777414956203,21.4609787314134,-0.00133301268314386
192.797854595853,9.92982115457346,0,-1.52797888316392,21.4749530409307,-0.00147443599739331
192.806374557197,9.73000274941771,0,-1.52864823562578,21.4845468901343,-0.00167094530218233
192.81470883771,9.53017647544873,0,-1.52911285435828,21.4985058800461,-0.00161976493499209
192.823043118223,9.33035020147974,0,-1.52911285435828,21.5124558122586,-0.00134145535558889
192.831377398736,9.13052392751075,0,-1.52911285435836,21.5263967043808,-0.00134145535558889
192.839711679248,8.93069765354171,0,-1.52969607331202,21.5263967043808,-0.00166762075679842
192.847812868342,8.73086181504165,0,-1.53036916253901,21.5403285725051,-0.00168026733990875
192.855878139574,8.53102450270996,0,-1.53045903274185,21.5542514370479,-0.00143574940931803
192.863943410806,8.33118719037827,0,-1.53045903274185,21.5681653139872,-0.00134794434988052
192.872008682038,8.13134987804659,0,-1.53074185823784,21.5820702207059,-0.00151747768826861
192.879960912031,7.9315080799831,0,-1.53141770241665,21.5946887853939,-0.00168711918629539
192.887756058239,7.73166004848017,0,-1.53181072094929,21.6085766245261,-0.00158475236675771
192.895551204446,7.53181201697723,0,-1.53181072094929,21.6224555436707,-0.0013524429646314
192.903346350654,7.3319639854743,0,-1.53181072094936,21.6363255599932,-0.00136285642475173
192.911141496862,7.13211595397137,0,-1.53246303070321,21.6363255599932,-0.00169147616290348
192.918675910616,6.93225792944005,0,-1.53314063363668,21.650186690147,-0.00169147616290348
192.926200214528,6.73239951743136,0,-1.53316592679402,21.6640389521026,-0.00139986667213804
192.933724518441,6.53254110542267,0,-1.53316592679395,21.6778823624038,-0.00135493156462103
192.941248822353,6.33268269341398,0,-1.53350499339852,21.6917169379977,-0.00154306027983146
192.948637592203,6.13281927086306,0,-1.53418334308371,21.7055426925974,-0.00169329870786389
192.955890741523,5.93295083457319,0,-1.53452262600823,21.7193596494043,-0.00155188593032656
192.963143890843,5.73308239828337,0,-1.53452262600823,21.7331678220219,-0.00135537662553754
192.970397040163,5.53321396199355,0,-1.53454345294147,21.746967227183,-0.00138110837952064
192.977641863985,5.33334522922713,0,-1.53522151939916,21.746967227183,-0.00169254279102523
192.984623958557,5.13346714049456,0,-1.53587875890498,21.7607578815668,-0.00169254279102523
192.991606053129,4.93358905176194,0,-1.53587875890498,21.7745398017999,-0.00136638792652783
192.998588147701,4.73371096302937,0,-1.5358787589049,21.7883130044565,-0.00135374134341749
193.005570242273,4.5338328742968,0,-1.53625501625818,21.8011537607559,-0.00155241419271619
193.01240192212,4.33394963322488,0,-1.53693175055712,21.8149101571483,-0.0016891608921425
193.019113481693,4.13406227752652,0,-1.53723222734956,21.828657887384,-0.00151961701704229
193.025825041267,3.9341749218281,0,-1.53723222734956,21.842396964721,-0.00134998605572763
193.03253660084,3.73428756612973,0,-1.5372836908519,21.8561274054773,-0.00138481118414141
193.039227586142,3.53439953350425,0,-1.53795802322084,21.8561274054773,-0.00168310178286396
193.045669558674,3.33450330795236,0,-1.53858089204421,21.8698492259195,-0.00167268832274364
193.052111531206,3.13460708240047,0,-1.53858089204414,21.8835624422637,-0.00134406858459188
193.058553503738,2.93471085684852,0,-1.53858089204414,21.8972670706747,-0.00134406858459188
193.06499547627,2.73481463129663,0,-1.53897823766687,21.9090912321792,-0.00154668805851707
193.071278589621,2.53491339293331,0,-1.53964907677783,21.9227798987616,-0.00167431156139782
193.077452360052,2.33500870424727,0,-1.53992257012018,21.9364600263932,-0.00148619338289953
193.083626130483,2.13510401556124,0,-1.53992257012011,21.9501316280688,-0.00133594441815497
193.089799900914,1.93519932687515,0,-1.53999222037107,21.9637947197097,-0.00137509788480003
193.09594582395,1.73529379673226,0,-1.54065845186067,21.9637947197097,-0.0016627333683302
193.101853223393,1.53538105918957,0,-1.54125503304381,21.9774493171875,-0.0016370016143471
193.107760622836,1.33546832164687,0,-1.54125503304366,21.9910954363248,-0.00132556720284252
193.113668022279,1.13555558410418,0,-1.54125503304374,22.0047330928949,-0.00132556720284252
193.119575421723,0.935642846561429,0,-1.54166027191846,22.0159941067102,-0.001526891291398
193.125320793213,0.735725428219056,0,-1.54232075788489,22.0296163466951,-0.00164830846055762
193.130964108491,0.535805061591067,0,-1.54257600484019,22.043230171247,-0.00144963561125893
193.136607423768,0.335884694963078,0,-1.54257600484026,22.0568355931348,-0.00131288891183261
193.142250739046,0.135964328335089,0,-1.54265431176492,22.0704326278978,-0.00135294754327902
193.14786274345,-0.0639569016505219,0,-1.54330788969562,22.0704326278978,-0.00163097600959346
193.153244726914,-0.263884474171149,0,-1.54388316064271,22.084021291028,-0.00159614034446755
193.158626710378,-0.463812046691775,0,-1.54388316064264,22.0976015979693,-0.001297849745745
193.164008693841,-0.663739619212402,0,-1.54388316064257,22.1111735641186,-0.00129786028245713
193.169390677305,-0.863667191733029,0,-1.54428580875176,22.1223218614915,-0.00149384174337178
193.174611657087,-1.06359899442048,0,-1.54493129128043,22.1358786684896,-0.00161067405649656
193.179735536653,-1.26353334829242,0,-1.54517412557361,22.1494271805411,-0.00140804404585924
193.184859416218,-1.46346770216435,0,-1.54517412557361,22.1629674102114,-0.00128042054297849
193.189983295784,-1.66340205603628,0,-1.54525422175963,22.1764993726714,-0.00131906586042432
193.195075146871,-1.86333721033924,0,-1.54589039598739,22.1764993726714,-0.0015873289174109
193.199944636203,-2.06327792173554,0,-1.54644647397246,22.1900230830456,-0.00154817545076584
193.204814125535,-2.26321863313179,0,-1.54644647397246,22.2035385564125,-0.00126053996723567
193.209683614867,-2.46315934452804,0,-1.54644647397253,22.2170458078048,-0.00126053996723567
193.214553104199,-2.66310005592429,0,-1.54683843683244,22.2284453641055,-0.00144811912758216
193.219265852507,-2.86304448657772,0,-1.54746406439239,22.2419374874384,-0.00156089822967296
193.223885161277,-3.06299113442787,0,-1.54769772897782,22.2554214337792,-0.00135957414111747
193.228504470046,-3.26293778227796,0,-1.54769772897789,22.2688972155138,-0.00123815697195785
193.233123778816,-3.46288443012805,0,-1.54777504068075,22.2823648474554,-0.00127405657569081
193.237712170717,-3.66283177325434,0,-1.54838885745637,22.2823648474554,-0.00153130777663255
193.242086014864,-3.86278394125303,0,-1.54892536247829,22.2958243443726,-0.00149125968189827
193.246459859011,-4.06273610925177,0,-1.54892536247829,22.3092757209892,-0.0012132206788717
193.250833703158,-4.26268827725045,0,-1.54892536247829,22.3227189919848,-0.00121323121558383
193.255207547305,-4.46264044524913,0,-1.54930052074427,22.334613234986,-0.00139009958126963
193.25943136209,-4.66259580489086,0,-1.54990123727941,22.3480412621525,-0.00149849450437255
193.263564974012,-4.86255308345926,0,-1.55012679544697,22.3614612280787,-0.00130251304345789
193.267698585933,-5.06251036202771,0,-1.55012679544697,22.3748731450006,-0.00118568073033312
193.271832197855,-5.2624676405961,0,-1.55019859465175,22.3882770273835,-0.00121814802580399
193.275937095882,-5.46242549590977,0,-1.55078489628667,22.3882770273835,-0.0014624066471754
193.279836234465,-5.66238748409328,0,-1.55129939867336,22.4016728896498,-0.00142375079301745
193.283735373049,-5.86234947227679,0,-1.55129939867322,22.4150607461784,-0.00115549827274299
193.287634511632,-6.06231146046036,0,-1.55129939867322,22.4284406113058,-0.00115550880945512
193.291533650215,-6.26227344864387,0,-1.55165313535771,22.4409643322146,-0.0013198625100623
193.295291319466,-6.46223811464955,0,-1.55222368301811,22.4543287601232,-0.00142297298219194
193.298962279889,-6.66220442193548,0,-1.55244049390658,22.4676852405337,-0.00123539382184545
193.302633240311,-6.86217072922141,0,-1.55244049390658,22.4810337855646,-0.00112261471975466
193.306304200734,-7.0621370365074,0,-1.55250540741814,22.4943744093428,-0.00115137243166922
193.309949199863,-7.26210380601555,0,-1.55305883819596,22.4970337436216,-0.0013801241170383
193.313398823072,-7.46207405405189,0,-1.55354735542705,22.510364885129,-0.00134422451330534
193.31684844628,-7.66204430208824,0,-1.55354735542705,22.5236881363077,-0.0010869733123636
193.320298069488,-7.86201455012458,0,-1.55354735542712,22.5370035111513,-0.0010869733123636
193.323747692697,-8.06198479816098,0,-1.55387606279039,22.5502102620896,-0.00123730103245958
193.327065851324,-8.26195724370662,0,-1.55441099114391,22.5635099836685,-0.00133385304760917
193.330301533102,-8.46193106790225,0,-1.55461721206185,22.5768018723447,-0.00115698468192337
193.333537214881,-8.66190489209788,0,-1.55461721206185,22.5900859401443,-0.00104857922210833
193.336772896659,-8.8618787162935,0,-1.5546747274818,22.6033622008565,-0.00107365339032147
193.339985575089,-9.06185290084531,0,-1.55518974629189,22.6096384742872,-0.0012846645045247
193.343015274631,-9.26182995183038,0,-1.55564724965478,22.622903260589,-0.00125220774576595
193.346044974173,-9.46180700281544,0,-1.55564724965478,22.6361602737295,-0.00100794912439455
193.349074673714,-9.66178405380051,0,-1.55564724965478,22.6494095273578,-0.00100794912439455
193.352104373256,-9.86176110478557,0,-1.55594790506424,22.6626510350834,-0.00114418721743199
193.355013823548,-10.0617399181878,0,-1.55644166454091,22.6758848089396,-0.00123366139902011
193.357846040528,-10.2617198635498,0,-1.55663476855092,22.6891108655297,-0.00106930769841293
193.360678257508,-10.4616998089118,0,-1.55663476855099,22.7023292168072,-0.000966186689571157
193.363510474488,-10.6616797542737,0,-1.55668491688194,22.7155398762235,-0.000987982147404011
193.366322634013,-10.8616599742271,0,-1.55715708745628,22.7241878184484,-0.00118204494541049
193.368966000471,-11.0616425049987,0,-1.55757910967968,22.7373857777915,-0.0011532766967838
193.371609366928,-11.2616250357701,0,-1.55757910967961,22.7505760807967,-0.000924525011414715
193.374252733386,-11.4616075665416,0,-1.55757910967968,22.763758740773,-0.000924514474702587
193.376896099844,-11.6615900973131,0,-1.55785158584175,22.7769337709911,-0.00104808431433013
193.379430484717,-11.8615740193942,0,-1.55830303146894,22.7901011833998,-0.00113100629747661
193.381893287652,-12.0615588553236,0,-1.55848200089011,22.8032609937614,-0.000980678577380633
193.384356090588,-12.2615436912529,0,-1.55848200089004,22.8164132139475,-0.000884126562231042
193.386818893524,-12.4615285271823,0,-1.55852559180699,22.8295578570764,-0.000903082536878153
193.389264261322,-12.6615135702964,0,-1.55895730833156,22.8398510779545,-0.00108175017891601
193.391554389847,-12.8615004581449,0,-1.55934543392443,22.8529822400303,-0.00105667601070287
193.393844518373,-13.0614873459934,0,-1.55934543392436,22.8661058613648,-0.000845664896499639
193.396134646898,-13.261474233842,0,-1.55934543392443,22.8792219549342,-0.000845664896499639
193.398424775423,-13.4614611216905,0,-1.55959257358615,22.8923305336775,-0.000957977700598992
193.400616054105,-13.6614491006789,0,-1.56000555723503,22.9054316094231,-0.00103491869075902
193.402740999246,-13.8614378118807,0,-1.56017140118834,22.918525197184,-0.000898680597721577
193.404865944386,-14.0614265230825,0,-1.56017140118841,22.9316113087144,-0.00080919587942133
193.406990889526,-14.2614152342843,0,-1.56020931313737,22.9446899568061,-0.000825704239668439
193.409100670679,-14.4614041006142,0,-1.56060456037888,22.9561686885315,-0.000990588851623864
193.411067525201,-14.6613944290885,0,-1.5609618956608,22.9692333536911,-0.000968793393791011
193.413034379723,-14.8613847575629,0,-1.5609618956608,22.9822905920257,-0.000774741132496662
193.415001234245,-15.0613750860373,0,-1.5609618956608,22.9953404161868,-0.00077475166920879
193.416968088768,-15.2613654145117,0,-1.56118652125495,23.0083828387898,-0.000877174789885936
193.418845097069,-15.4613565925903,0,-1.56156502884623,23.0214178715134,-0.000948771862212625
193.420660555332,-15.6613483526988,0,-1.56171891081718,23.0344455287041,-0.000825202022585078
193.422476013595,-15.8613401128073,0,-1.56171891081725,23.0474658219691,-0.000742280039438598
193.424291471858,-16.0613318729159,0,-1.56175192753716,23.0604787637819,-0.000756690943744711
193.426093723934,-16.2613237481146,0,-1.56211469241357,23.0728385394949,-0.000909415553337278
193.427764081761,-16.4613167727547,0,-1.56244444056216,23.0858371793097,-0.000890459578690166
193.429434439589,-16.6613097973949,0,-1.5624444405623,23.0988285042683,-0.000711791936652306
193.431104797416,-16.8613028220351,0,-1.56244444056237,23.1118125267059,-0.000711791936652306
193.432775155243,-17.0612958466753,0,-1.56264928679265,23.124789258923,-0.000805653626694181
193.434363577203,-17.2612895271333,0,-1.56299730610701,23.1377587124251,-0.000872552036652609
193.43589473177,-17.4612836659616,0,-1.56314047917053,23.1507209009656,-0.000760239232553256
193.437425886338,-17.6612778047899,0,-1.56314047917053,23.1636758359809,-0.000683287705681097
193.438957040905,-17.8612719436183,0,-1.56316930098112,23.1766235296344,-0.000695913822108611
193.440476667057,-18.0612661668543,0,-1.56350357201625,23.1895639938279,-0.000838171155807585
193.441874116798,-18.2612612846303,0,-1.56380902123492,23.2024972411127,-0.000821662795560476
193.443271566538,-18.4612564024062,0,-1.56380902123492,23.2154232833227,-0.000656788720317178
193.444669016279,-18.6612515201822,0,-1.56380902123492,23.2283421324863,-0.000656788720317178
193.44606646602,-18.8612466379581,0,-1.56399674460597,23.2412538005986,-0.000743371130733594
193.44738882808,-19.0612422562599,0,-1.5643182648068,23.2541582989731,-0.000806283815963634
193.448657672603,-19.2612382313034,0,-1.56445206162051,23.2670556408348,-0.000703860695286488
193.449926517126,-19.4612342063468,0,-1.56445206162051,23.2799458374306,-0.000632274159671927
193.451195361649,-19.6612301813902,0,-1.564477313853,23.2928289006231,-0.000643393768824573
193.452454105463,-19.8612262173871,0,-1.56478708075762,23.305704842057,-0.000776900832783299
193.453599045483,-20.0612229401412,0,-1.56507159542538,23.3185736738995,-0.000762489928477186
193.454743985503,-20.2612196628952,0,-1.56507159542545,23.33143540773,-0.000609754782172491
193.455888925523,-20.4612163856492,0,-1.56507159542538,23.3442900552807,-0.000609754782172491
193.457033865544,-20.6612131084032,0,-1.56524478131328,23.3571376282514,-0.00069033870001311
193.458109532228,-20.8612102070186,0,-1.56554379257971,23.3699781377503,-0.000750001403925661
193.459134869506,-21.0612075787101,0,-1.56566961794529,23.3828115965324,-0.000656139713883786
193.460160206785,-21.2612049504014,0,-1.56566961794537,23.3956380156415,-0.000589241303925359
193.461185544063,-21.4612023220928,0,-1.56569185716554,23.4084574066496,-0.000599100570366745
193.462201985757,-21.6611997368165,0,-1.56598111051656,23.4212697809449,-0.000725617335987089
193.463111623051,-21.8611976682058,0,-1.56624812464405,23.4340751503404,-0.000712991219559575
193.464021260345,-22.0611955995951,0,-1.56624812464412,23.4468735261613,-0.0005707338858606
193.464930897639,-22.2611935309844,0,-1.56624812464419,23.4596649198535,-0.0005707338858606
193.465840534933,-22.4611914623737,0,-1.56640929247589,23.4724493428318,-0.000646537379735406
193.466685705681,-22.6611896688891,0,-1.56668978572265,23.4852268059886,-0.000703717217573396
193.467483146702,-22.8611880791023,0,-1.56680911112693,23.4979973216597,-0.000617124270444852
193.468280587723,-23.0611864893156,0,-1.566809111127,23.5107609006754,-0.000554201048502684
193.469078028743,-23.2611848995288,0,-1.56682882966297,23.5235175543269,-0.000563015636485111
193.469867582404,-23.4611833390396,0,-1.56710156065918,23.5362672937477,-0.000684301185540083
193.47055593178,-23.6611821544739,0,-1.56735457311691,23.5490101304224,-0.000673181576387436
193.471244281157,-23.8611809699083,0,-1.56735457311698,23.5617460754236,-0.000539674512428711
193.471932630534,-24.0611797853426,0,-1.56735457311698,23.5744751399207,-0.000539674512428711
193.47262097991,-24.261178600777,0,-1.56750618010115,23.5871973350532,-0.000611906925988509
193.473248686799,-24.4611776087996,0,-1.56777214676545,23.5999126714896,-0.000667400987888208
193.473830650049,-24.6611767620947,0,-1.56788650643636,23.6126211611912,-0.000586827606759718
193.4744126133,-24.8611759153898,0,-1.56788650643629,23.6253228147667,-0.000527164902847166
193.47499457655,-25.061175068685,0,-1.56790413561232,23.6251367969684,-0.000535121090439666
193.475569488155,-25.2611742406644,0,-1.56816433588875,23.608212697918,-0.000652995643984894
193.476047371662,-25.461173669732,0,-1.56840690698693,23.5939492838493,-0.000643136377543508
193.476525255168,-25.6611730987995,0,-1.568406906987,23.5769896892892,-0.000516630148635292
193.477003138675,-25.8611725278671,0,-1.56840690698707,23.5600178864289,-0.000516630148635292
193.477481022182,-26.0611719569347,0,-1.56855135073707,23.543033848866,-0.000586440302069548
193.47790112832,-26.2611715092987,0,-1.56880678261631,23.526930461299,-0.000641074712501179
193.478276839311,-26.4611711564015,0,-1.56891777073745,23.510442733416,-0.000565271218626373
193.478652550301,-26.6611708035043,0,-1.56891777073745,23.4934228566656,-0.000508080844076256
193.479028261292,-26.8611704506071,0,-1.56893368311366,23.4763906408566,-0.000515336259907695
193.47939760734,-27.061170108065,0,-1.56918534459933,23.4593565233544,-0.000631648778854186
193.479672653871,-27.2611699189384,0,-1.56942109370683,23.4447704495864,-0.000622844727583886
193.479947700402,-27.4611697298119,0,-1.56942109370676,23.4277028629314,-0.000501559178528915
193.480222746933,-27.6611695406853,0,-1.56942109370676,23.410622833103,-0.000501559178528915
193.480497793464,-27.8611693515587,0,-1.56956071400886,23.3935303328463,-0.000570099132582504
193.480716991909,-28.0611692253363,0,-1.56980960313616,23.3772417693815,-0.000624728449839107
193.480892482855,-28.2611691483436,0,-1.56991887195383,23.3606190562491,-0.000552506572991437
193.481067973801,-28.4611690713509,0,-1.56991887195383,23.3434899424056,-0.000497012511091737
193.481243464746,-28.6611689943582,0,-1.56993338279358,23.3263482502519,-0.000503686033911248
193.481413151357,-28.8611689210242,0,-1.57018049760014,23.3092024875381,-0.000620282140179619
193.481489796401,-29.0611689063381,0,-1.57041310156521,23.2943848235716,-0.000612325952587119
193.481566441445,-29.2611688916519,0,-1.57041310156521,23.2772069696834,-0.000494451399041891
193.481643086489,-29.4611688769657,0,-1.57041310156514,23.2600164296906,-0.000494451399041891
193.481719731533,-29.6611688622796,0,-1.57055018147016,23.242813175463,-0.00056283457743205
193.481741544616,-29.8611688550992,0,-1.57079652001399,23.2263678632273,-0.000618341488800263
193.481719654246,-30.0611688539012,0,-1.57090577864537,23.2096240822355,-0.000548531335366007
193.481697763876,-30.2611688527032,0,-1.57090577864537,23.1923834488542,-0.000493896924934376
193.481675873506,-30.4611688515053,0,-1.57091914676114,23.1751299896826,-0.000500110954856551
193.481648635889,-30.6611688484036,0,-1.57116570709225,23.1578707797179,-0.000618906492077353
193.481528121394,-30.8611688120942,0,-1.57139889930605,23.1429031740423,-0.000611651076245913
193.4814076069,-31.0611687757849,0,-1.57139889930605,23.1256127988664,-0.00049534909401155
193.481287092405,-31.2611687394755,0,-1.57139889930605,23.1083094864833,-0.000495338557299423
193.48116657791,-31.4611687031662,0,-1.57153566565953,23.0909932078093,-0.00056465029230257
193.480991356893,-31.6611686203369,0,-1.57178344583873,23.0744156034938,-0.000621945559284314
193.480771730365,-31.8611684997474,0,-1.57189445965699,23.0575642478104,-0.000553405605230725
193.480552103836,-32.0611683791578,0,-1.57189445965706,23.0402098306831,-0.000498776287974123
193.480332477308,-32.2611682585683,0,-1.5719068877246,23.0228423319517,-0.000504593478808092
193.480107879557,-32.4611681312768,0,-1.57215688579487,23.005467741102,-0.000627490267543151
193.479788253893,-32.6611678758752,0,-1.57239445579605,22.990428048651,-0.000620806208011511
193.479468628229,-32.8611676204736,0,-1.57239445579598,22.9730229151542,-0.00050421010174314
193.479149002565,-33.0611673650721,0,-1.57239445579612,22.9556045849418,-0.00050421010174314
193.4788293769,-33.2611671096705,0,-1.57253307926295,22.9381730279506,-0.00057550739668946
193.478454301944,-33.4611667516131,0,-1.57278629326822,22.9214851898823,-0.000635530055824586
193.478033390854,-33.6611663086973,0,-1.57290088379877,22.9045400971855,-0.000567136340722299
193.477612479764,-33.8611658657814,0,-1.57290088379877,22.8870696478073,-0.000511639966066214
193.477191568674,-34.0611654228656,0,-1.5729125181735,22.8695858524718,-0.000517104970773876
193.476766003847,-34.2611649689576,0,-1.57316994612869,22.8520938505069,-0.000646064876330615
193.476242121864,-34.4611642828256,0,-1.57341573970775,22.8370612374299,-0.000639850846408441
193.47571823988,-34.6611635966936,0,-1.57341573970775,22.8195391268562,-0.000521065845899766
193.475194357897,-34.8611629105616,0,-1.57341573970775,22.8020035514891,-0.000521065845899766
193.474670475913,-35.0611622244296,0,-1.57355833429455,22.7844544802398,-0.00059537685995994
193.474089556332,-35.2611613739118,0,-1.57382097420573,22.7676773680634,-0.000659094690755077
193.473460618823,-35.4611603850033,0,-1.5739410195211,22.7506535079604,-0.000589782955751929
193.472831681314,-35.6611593960949,0,-1.5739410195211,22.7330647964596,-0.000532487688770185
193.472202743806,-35.8611584071865,0,-1.57395194953683,22.7154624659237,-0.000537616021439733
193.471569434316,-36.0611574033541,0,-1.57422079936682,22.6978509557065,-0.000674619399480316
193.470832957504,-36.2611560473543,0,-1.57447871917964,22.6829109081764,-0.000668802208646346
193.470096480691,-36.4611546913544,0,-1.57447871917971,22.6652696270807,-0.000545905419911288
193.469360003879,-36.6611533353546,0,-1.57447871917971,22.6476146043743,-0.00054589488319916
193.468623527066,-36.8611519793547,0,-1.5746273412025,22.6299458078951,-0.000624218081409825
193.46782760191,-37.0611503880304,0,-1.57490339889383,22.6131003591104,-0.000692628395364907
193.466980702889,-37.2611485949275,0,-1.5750308345519,22.5960146470513,-0.000621331100418587
193.466133803869,-37.4611468018245,0,-1.57503083455198,22.5783054707335,-0.000561308441283462
193.465286904849,-37.6611450087216,0,-1.57504109122637,22.5605823934081,-0.000566095991431935
193.4644359032,-37.8611431970797,0,-1.57532535466038,22.5428492392669,-0.000713142632770606
193.463475299969,-38.06114089017,0,-1.57559936141839,22.5280988999258,-0.000707677628062944
193.462514696738,-38.2611385832603,0,-1.57559936141831,22.5103362934639,-0.000578717722506205
193.461554093506,-38.4611362763506,0,-1.57559936141824,22.4925596596927,-0.000578717722506205
193.460593490275,-38.6611339694408,0,-1.57575600780711,22.4747689653434,-0.000662020610572238
193.459570229302,-38.8611313431931,0,-1.57604947483045,22.4578769851829,-0.000736151439433566
193.45849224079,-39.0611284380239,0,-1.57618629545235,22.4407491359725,-0.000661840425373393
193.457414252278,-39.2611255328547,0,-1.57618629545235,22.4229173343625,-0.000598122594578256
193.456336263766,-39.4611226276855,0,-1.57619584946643,22.4050713407401,-0.000602501977176478
193.45525445371,-39.6611197007576,0,-1.57649951784063,22.387214398919,-0.000761654643292335
193.45405499982,-39.8611161040012,0,-1.5767936321991,22.3727687908577,-0.000756526310622787
193.452855545929,-40.0611125072448,0,-1.57679363219903,22.3548827634854,-0.000619533469294332
193.451656092039,-40.2611089104884,0,-1.57679363219896,22.3369824141305,-0.000619533469294332
193.450456638148,-40.4611053137319,0,-1.57696023796699,22.3190677083335,-0.000708750789849926
193.449190543277,-40.6611012963205,0,-1.57727510540095,22.3021526016368,-0.000789673131501944
193.447865144928,-40.8610969045703,0,-1.57742336705139,22.285006043102,-0.000711349933291279
193.446539746578,-41.0610925128202,0,-1.57742336705139,22.2670495203359,-0.000642939619336197
193.445214348228,-41.26108812107,0,-1.57743212579917,22.2490785054368,-0.000646841341236756
193.443885446463,-41.4610837049563,0,-1.57775918988488,22.2310956607946,-0.000820164511011597
193.442429225645,-41.6610784034383,0,-1.57807749522091,22.2170957043812,-0.000815387497575252
193.440973004827,-41.8610731019204,0,-1.57807749522091,22.1990842499782,-0.000668330319524453
193.439516784009,-42.0610678004025,0,-1.57807749522098,22.1810581699413,-0.000668330319524453
193.438060563191,-42.2610624988845,0,-1.57825592985171,22.1630174285525,-0.000764361536426608
193.436532970593,-42.4610566534012,0,-1.57859618810449,22.1461047970006,-0.00085314959269234
193.434940650433,-42.661050314592,0,-1.57875801170696,22.1289676759734,-0.000769846704626307
193.433348330273,-42.8610439757828,0,-1.57875801170703,22.1108844328822,-0.000695715875764979
193.431756010113,-43.0610376369737,0,-1.57876581513733,22.0927863884181,-0.000699023321018452
193.430160568689,-43.261031272207,0,-1.57912026491419,22.0746756024645,-0.00088862805738322
193.428426473525,-43.4610237543506,0,-1.57946691125898,22.0612996164157,-0.000884259211497126
193.42669237836,-43.6610162364942,0,-1.57946691125905,22.0431608614841,-0.000725106545381269
193.424958283195,-43.8610087186378,0,-1.57946691125905,22.0250071683363,-0.000725106545381269
193.42322418803,-44.0610012007815,0,-1.57965897368098,22.0068385000042,-0.00082880187337379
193.421413271036,-44.2609929884197,0,-1.58002861223101,21.9899566247208,-0.000926599535098275
193.419531326501,-44.4609841339356,0,-1.58020618833417,21.9728629549378,-0.000837382214542681
193.417649381966,-44.6609752794515,0,-1.58020618833424,21.9546511344744,-0.00075647040960279
193.415767437432,-44.8609664249674,0,-1.58021280321091,21.9364241943959,-0.000759026447452384
193.413882847073,-45.0609575445648,0,-1.58059862756955,21.918183571512,-0.000967063566841312
193.411846580204,-45.2609471783393,0,-1.58097783704951,21.9056658536011,-0.000963161844940753
193.409810313334,-45.4609368121137,0,-1.58097783704958,21.8873981206145,-0.000789838675165912
193.407774046465,-45.6609264458881,0,-1.58097783704958,21.8691151281957,-0.000789838675165912
193.405737779595,-45.8609160796626,0,-1.58118524876296,21.8508168380561,-0.000902036585703859
193.403618552686,-46.0609048353123,0,-1.58158825581798,21.8339970675283,-0.00101001969957128
193.401421092036,-46.2608927628647,0,-1.58178385112693,21.8169880973018,-0.000913988482669127
193.399223631385,-46.460880690417,0,-1.58178385112693,21.7986460505649,-0.000825200426403395
193.397026170734,-46.6608686179694,0,-1.58178896322817,21.7802885572668,-0.000826802249254787
193.394826665376,-46.8608565221932,0,-1.5822101495805,21.7619164402741,-0.00105546730800442
193.392460741153,-47.0608425277101,0,-1.58262622382986,21.75058185267,-0.00105215986275095
193.390094816931,-47.2608285332269,0,-1.58262622382986,21.7321837588793,-0.000862565663098304
193.387728892709,-47.4608145387437,0,-1.58262622382986,21.7137700763754,-0.000862555126386177
193.385362968486,-47.6608005442605,0,-1.58285061963077,21.6953407654661,-0.00098401156136021
193.382907292699,-47.8607854484471,0,-1.58329098168327,21.6786178345561,-0.00110340301587168
193.38036523693,-48.0607692926758,0,-1.5835069478924,21.6617437613609,-0.00099970768787916
193.377823181161,-48.2607531369044,0,-1.58350694789247,21.6432701499301,-0.000901910026154675
193.375281125392,-48.4607369811331,0,-1.58351015153278,21.6247807568738,-0.000902301731174102
193.372737788278,-48.6607208084839,0,-1.58397068530646,21.6062758730013,-0.00115363888421996
193.370011534984,-48.8607022264781,0,-1.58442801543841,21.5966181807577,-0.00115108284637036
193.367285281691,-49.0606836444724,0,-1.58442801543848,21.5780888135496,-0.000943045726981436
193.364559028397,-49.2606650624666,0,-1.58442801543848,21.5595435212819,-0.000943045726981436
193.361832775104,-49.4606464804608,0,-1.58467092828241,21.540982262795,-0.00107389056931413
193.359009366348,-49.6606265271716,0,-1.58515262406689,21.5243945536074,-0.00120538363213451
193.356090453948,-49.8606052259132,0,-1.58539140695157,21.5077167667275,-0.00109318572159657
193.353171541549,-50.0605839246549,0,-1.58539140695164,21.4891107428478,-0.000985202607729144
193.350252629149,-50.2605626233966,0,-1.5853921904825,21.4704885952411,-0.000985202607729144
193.347333403373,-50.4605413174063,0,-1.58589564834082,21.4518503013331,-0.0012565930443451
193.344213130793,-50.6605169756726,0,-1.58639832266789,21.4447493214775,-0.00125609792743513
193.341092858213,-50.8604926339388,0,-1.58639832266781,21.4260886178745,-0.00102744340539762
193.337972585632,-51.0604682922051,0,-1.58639832266781,21.4074116478618,-0.00102744340539762
193.334852313052,-51.2604439504714,0,-1.58666001231956,21.3887183688273,-0.00116660357582269
193.33162737822,-51.4604179207375,0,-1.58718468813631,21.3722868111268,-0.00130964619802447
193.328297262626,-51.660390194641,0,-1.58744767422917,21.3558592691909,-0.00118818976305044
193.324967147033,-51.8603624685445,0,-1.58744767422917,21.337120825582,-0.00106879830853897
193.32163703144,-52.060334742448,0,-1.58744767422917,21.3183659112392,-0.00106877723511471
193.318306915847,-52.2603070163515,0,-1.58799045512779,21.2995944826536,-0.00135749350003982
193.314759720006,-52.4602755569009,0,-1.58853544937679,21.2963192338007,-0.00135988162051979
193.311211638956,-52.6602440822264,0,-1.58853766272588,21.2775285062596,-0.00110853393076181
193.307663557906,-52.8602126075519,0,-1.58853766272587,21.258721018332,-0.00110853393076181
193.304115476856,-53.0601811328775,0,-1.58881600409904,21.239896876757,-0.00125511909930467
193.300456077908,-53.2601476202163,0,-1.589380430766,21.2235976203005,-0.00140888971208597
193.296682264048,-53.4601120128689,0,-1.58966651596989,21.2074323491682,-0.00127804486975328
193.292908450188,-53.6600764055216,0,-1.58966651596996,21.1885626422498,-0.0011465518069329
193.289134636328,-53.8600407981743,0,-1.58966651596996,21.1696761157214,-0.0011465518069329
193.285360822468,-54.060005190827,0,-1.59024394852798,21.1507727245392,-0.00145104023485849
193.281356079299,-54.2599650906032,0,-1.59082694073021,21.1507727245392,-0.00145535490590157
193.277349112695,-54.459924947121,0,-1.59083250037053,21.1318533568194,-0.00118396446928561
193.273342146091,-54.6598848036388,0,-1.59083250037046,21.1129161011615,-0.0011828577633442
193.269335179487,-54.8598446601566,0,-1.59112567065846,21.0939618444399,-0.00133640163348964
193.265210969734,-55.0598020967976,0,-1.59172638222967,21.0777697150094,-0.00149969673713592
193.260963769701,-55.2597569949418,0,-1.59203392340449,21.06186111303,-0.00136052602999872
193.256716569669,-55.4597118930861,0,-1.59203392340449,21.0428608688212,-0.00121748340779695
193.252469369637,-55.6596667912304,0,-1.59203392340449,21.0238434531978,-0.00121748340779695
193.248222169605,-55.8596216893746,0,-1.59264290029125,21.0048088195196,-0.00153682160244202
193.243731437007,-56.0595712642177,0,-1.59326050651606,21.0048088195196,-0.00154200057635778
193.239237253499,-56.2595207636285,0,-1.59326913584755,20.9857591233771,-0.0012532948481448
193.234743069992,-56.4594702630392,0,-1.59326913584754,20.9666899148245,-0.0012505150226454
193.230248886484,-56.6594197624499,0,-1.59357624460382,20.9476033470277,-0.00141131791996668
193.225631892262,-56.8593664236287,0,-1.59420994363428,20.9315034902526,-0.00158231237895236
193.220884296849,-57.0593100665329,0,-1.59453653378149,20.9158158858303,-0.00143571667369736
193.216136701437,-57.2592537094371,0,-1.59453653378149,20.8966828508726,-0.00128194606091606
193.211389106024,-57.4591973523413,0,-1.59453653378142,20.8775322816168,-0.00128194606091606
193.206641510612,-57.6591409952455,0,-1.59517521020561,20.858364129767,-0.00161610516394573
193.201638520624,-57.8590784080398,0,-1.59582422351305,20.858364129767,-0.00162064845444029
193.196631397116,-58.0590157200008,0,-1.5958345603878,20.8391814414119,-0.00131614948980257
193.191624273607,-58.2589530319617,0,-1.59583456038773,20.8199779814633,-0.00131183481875949
193.186617150099,-58.4588903439227,0,-1.59615614504336,20.8007567926895,-0.00148111500984655
193.181481435208,-58.6588243501247,0,-1.59681971869426,20.7847631815977,-0.00165710124104283
193.176208969952,-58.8587548408212,0,-1.5971617075435,20.7692201560445,-0.00150354683418526
193.170936504696,-59.0586853315177,0,-1.59716170754342,20.7499519491196,-0.00134025173053898
193.16566403944,-59.2586158222141,0,-1.59716170754343,20.7306658332715,-0.00134025173053898
193.160391574184,-59.4585463129106,0,-1.59783002579129,20.7113617584835,-0.00169037294462197
193.154851879393,-59.6584695752138,0,-1.59850743063966,20.7113617584835,-0.00169174350722416
193.149308551293,-59.8583927392384,0,-1.59851651723194,20.6920420154167,-0.00137240531257909
193.143765223193,-60.0583159032629,0,-1.59851651723187,20.6727018739276,-0.00136723687537546
193.138221895093,-60.2582390672874,0,-1.59885507753981,20.6533436219971,-0.00154750373008031
193.132543197516,-60.4581583843321,0,-1.59954561039814,20.6375164180225,-0.00172461836368811
193.126723767795,-60.6580737019986,0,-1.59989758278402,20.6219863749671,-0.00156382600307895
193.120904338075,-60.8579890196652,0,-1.59989758278408,20.6025804706432,-0.00139283154409328
193.115084908354,-61.0579043373318,0,-1.59989758278408,20.5831562703422,-0.00139853979762956
193.109265478634,-61.2578196549984,0,-1.6005978252668,20.5637137222178,-0.00175582255716898
193.103166076338,-61.4577266258236,0,-1.60130080885749,20.5637137222178,-0.0017558330938811
193.097065578086,-61.657633563975,0,-1.60130354996278,20.5442529826662,-0.00142167399085144
193.090965079835,-61.8575405021265,0,-1.60130354996278,20.5247735825706,-0.001417141237069
193.084864581584,-62.0574474402779,0,-1.60166410466055,20.5052756776345,-0.00161247848254073
193.078619931736,-62.2573498762642,0,-1.60237888872507,20.489744903846,-0.00178542291463808
193.072233659265,-62.4572478890705,0,-1.60273311790925,20.4740334511848,-0.00161614272355102
193.065847386794,-62.6571459018768,0,-1.60273311790925,20.4544871791066,-0.00144015649235474
193.059461114322,-62.8570439146832,0,-1.60274451336057,20.4349222107703,-0.00145844840157128
193.0530702861,-63.0569417786333,0,-1.60347047439199,20.4153420288131,-0.00181343409885673
193.04639378413,-63.2568303083728,0,-1.60418503996042,20.4153420288131,-0.00181343409885673
193.039717282159,-63.4567188381123,0,-1.60418503996042,20.3957395098563,-0.00146331288477373
193.033040780188,-63.6566073678518,0,-1.60418503996034,20.376118132606,-0.00146194232217155
193.026364278217,-63.8564958975914,0,-1.60457569328234,20.3564778425542,-0.00167819742892302
193.019531605889,-64.0563790959079,0,-1.60531223558114,20.3414824403573,-0.00183995647408138
193.012560658594,-64.2562575737234,0,-1.60565812435896,20.32534052067,-0.0016596790826644
193.005589711299,-64.4561360515388,0,-1.60565812435903,20.3056511168982,-0.0014825644490566
192.998618764004,-64.6560145293542,0,-1.60569470817653,20.2859426027284,-0.00152088948358982
192.991633192455,-64.8558924862038,0,-1.6064412634498,20.2662506047898,-0.00186505911581273
192.984363812385,-65.0557603328261,0,-1.60715123486694,20.2662506047898,-0.00185936139898858
192.977094432316,-65.2556281794483,0,-1.60715123486694,20.2465037370936,-0.00150207863944916
192.969825052247,-65.4554960260705,0,-1.60715123486687,20.226737591024,-0.00150206810273703
192.962555672178,-65.6553638726927,0,-1.60758374497217,20.2069521100077,-0.00174724110013058
192.955113407182,-65.8552253004464,0,-1.60833977329413,20.1929168464225,-0.00188879116787362
192.947541824075,-66.0550819268797,0,-1.60866329129922,20.1760722380928,-0.00169346445911402
192.939970240967,-66.2549385533129,0,-1.60866329129916,20.1562370237289,-0.00152052002701667
192.93239865786,-66.454795179746,0,-1.60873994136043,20.1363822708236,-0.00158851234732871
192.924796437598,-66.6546506220169,0,-1.60950493074849,20.1166615711591,-0.00191126513997773
192.916919087091,-66.8544954301781,0,-1.61019326999454,20.1166615711591,-0.00189297323076119
192.909041736585,-67.0543402383394,0,-1.61019326999461,20.0967677194257,-0.00153798753347574
192.901164386078,-67.2541850465006,0,-1.61019326999461,20.0768541551845,-0.00153798753347574
192.893287035572,-67.4540298546618,0,-1.61068361587296,20.0569208197208,-0.00182246158033368
192.885213704943,-67.6538667859838,0,-1.61145708310086,20.0446400291661,-0.00193253128892964
192.877027217209,-67.8536991692918,0,-1.61174020423566,20.0268539385579,-0.00171627618217817
192.868840729474,-68.0535315525999,0,-1.61174020423565,20.0068707867155,-0.00155450660030768
192.860654241739,-68.253363935908,0,-1.61187618885239,19.9868676554464,-0.00166427889263239
192.85241340749,-68.4531940502708,0,-1.6126576791233,19.9673212407058,-0.00195265057783504
192.843914595783,-68.6530133941781,0,-1.61330318464014,19.9673212407058,-0.00191432554330182
192.835415784076,-68.8528327380855,0,-1.61330318464013,19.9472784491905,-0.00157015591107891
192.826916972368,-69.0526520819928,0,-1.61330318464027,19.9272154986476,-0.00157014537436678
192.818418160661,-69.2524714259002,0,-1.61387213262194,19.9071323281265,-0.00190698326329913
192.809691983038,-69.4522809196296,0,-1.61466122016582,19.898417455868,-0.00197170576509437
192.800877832174,-69.6520866020927,0,-1.61488135953038,19.8795628666786,-0.00172653276770082
192.79206368131,-69.8518922845558,0,-1.61488135953037,19.8594315067231,-0.00158497216324566
192.783249530446,-70.051697967019,0,-1.61510090406139,19.8392797190489,-0.00175140408729705
192.774347650189,-70.2514997094251,0,-1.61589719205049,19.8203464795231,-0.00198977997561987
192.765215304947,-70.4512911013077,0,-1.61647393530684,19.8117808830596,-0.00192178765530783
192.756082959706,-70.6510824931904,0,-1.61647393530691,19.791580577568,-0.00159903486265881
192.746950614464,-70.850873885073,0,-1.61647393530697,19.7713596335296,-0.00159904539937094
192.737818269223,-71.0506652769556,0,-1.61714761101849,19.7511179875671,-0.00200428366399638
192.728416744752,-71.2504441481732,0,-1.61795073185385,19.7511179875671,-0.00200694628510504
192.718963498198,-71.4502206135779,0,-1.61808017683755,19.7312717463224,-0.0017224722382471
192.709510251644,-71.6499970789826,0,-1.61808017683755,19.7109889332632,-0.00161240252965114
192.70005700509,-71.8497735443873,0,-1.61841304058577,19.6906852274679,-0.00185344092082531
192.690470766976,-72.0495436088312,0,-1.61922265623456,19.6732683656922,-0.00202326795227982
192.680694048703,-72.2493045053545,0,-1.61969940787825,19.6595223623836,-0.00191349565995511
192.670917330429,-72.4490654018778,0,-1.6196994078781,19.6391654485892,-0.00162512397475247
192.661140612155,-72.6488262984011,0,-1.61969940787803,19.6187874119952,-0.00170439886560571
192.651363893882,-72.8485871949244,0,-1.62050988448899,19.5983881867229,-0.00203880863112664
192.641263385611,-73.0483319796927,0,-1.62132568632738,19.5983881867229,-0.00203881916783877
192.631160749883,-73.2480766585989,0,-1.62133101154805,19.5779683875054,-0.00170198127890642
192.621058114156,-73.4478213375051,0,-1.62133101154805,19.557526586513,-0.00163725877711118
192.610955478428,-73.6475660164114,0,-1.62181308819126,19.5370633970964,-0.00197423915189818
192.600660266277,-73.8473007965827,0,-1.62263479798896,19.5231753994279,-0.00205366445399387
192.590229380075,-74.0470286028919,0,-1.62297443087431,19.5056281978938,-0.0018872430666546
192.579798493872,-74.2467564092009,0,-1.62297443087439,19.4851105050618,-0.00164886717833178
192.56936760767,-74.4464842155099,0,-1.62313298062249,19.4645711844487,-0.00183345765996716
192.558873390625,-74.6462086617904,0,-1.62396034998571,19.4446103323549,-0.00206790067054279
192.548112021553,-74.8459189342745,0,-1.62462916942527,19.4446103323549,-0.00206789013383067
192.537350652481,-75.0456292067587,0,-1.62462916942513,19.4240281861699,-0.00166265186920522
192.526589283409,-75.2453394792429,0,-1.62462916942521,19.4034242075238,-0.00169640791342033
192.515827914337,-75.445049751727,0,-1.62530313008165,19.3827983267928,-0.00208157299727774
192.504797363723,-75.6447452945508,0,-1.62613594148619,19.3827983267928,-0.00208157299727774
192.493703367783,-75.8444373656355,0,-1.62629479205625,19.3627452208315,-0.00184053460610357
192.482609371843,-76.0441294367202,0,-1.62629479205639,19.3420759611586,-0.00167071811136119
192.471515375903,-76.2438215078049,0,-1.62666397290093,19.3213845903245,-0.00198788000489393
192.460273941892,-76.4435052639414,0,-1.62750203991163,19.3040909679614,-0.00209479089862186
192.448845251077,-76.6431784595041,0,-1.62797092578766,19.2892438275399,-0.00201551600776862
192.437416560261,-76.8428516550669,0,-1.62797092578765,19.2684957232859,-0.00168110624224769
192.425987869445,-77.0425248506297,0,-1.62804376310848,19.2477252536056,-0.00186284589885755
192.414530092714,-77.2421963567966,0,-1.62888693068136,19.2270533698599,-0.00210762316535925
192.4027647024,-77.4418499958587,0,-1.62965726083878,19.2270533698599,-0.00210762316535925
192.390999312085,-77.6415036349208,0,-1.62965726083878,19.2062380826501,-0.00177065332728438
192.379233921771,-77.8411572739829,0,-1.62965726083877,19.1854002118132,-0.00174360053869091
192.367468531456,-78.0408109130451,0,-1.63029158449608,19.1645396836825,-0.00212015045545359
192.355449863851,-78.2404494111556,0,-1.63113973011469,19.1569278779895,-0.00212015045545359
192.343345819953,-78.4400828054596,0,-1.63135355184591,19.1370881783236,-0.00193555997381821
192.331241776056,-78.6397161997635,0,-1.63135355184591,19.1161749297535,-0.0017011274999547
192.319137732158,-78.8393495940675,0,-1.63171703103805,19.0952387768505,-0.00206216474166098
192.306888570635,-79.038974065441,0,-1.63257006491195,19.0774558744871,-0.0021324659540639
192.294443956483,-79.2385865189067,0,-1.63305961928999,19.0627187959096,-0.00209604728874014
192.281999342332,-79.4381989723724,0,-1.63305961928999,19.0417238687028,-0.00171088220488272
192.26955472818,-79.6378114258382,0,-1.63316436430159,19.0207057674603,-0.00195899423052415
192.257068299451,-79.8374212364084,0,-1.63402223030774,18.9999066214483,-0.00214463348031982
192.244281222334,-80.0370120444604,0,-1.63477535116708,18.9999066214483,-0.00214462294360769
192.231494145218,-80.2366028525123,0,-1.63477535116709,18.9788422097807,-0.00182746105007494
192.218707068102,-80.4361936605642,0,-1.6347753511671,18.957754392959,-0.00186374812411045
192.205919990985,-80.6357844686161,0,-1.63549742556678,18.9366430928008,-0.0021567400690671
192.192844691103,-80.8353565615773,0,-1.63636010253814,18.9366430928008,-0.0021567400690671
192.179713268438,-81.0349250103331,0,-1.6365007049346,18.9159408337034,-0.00197498987574511
192.166581845772,-81.2344934590888,0,-1.63650070493461,18.894782814951,-0.00177718739232993
192.153450423106,-81.4340619078446,0,-1.6369969288231,18.8736010772764,-0.00216888633097081
192.140120950552,-81.633617152535,0,-1.63786443140219,18.8585838594126,-0.00216887579425869
192.1266432956,-81.8331625178458,0,-1.63823570977321,18.840551347845,-0.00211650328075647
192.113165640649,-82.0327078831565,0,-1.63823570977321,18.8193085710167,-0.00173994282728166
192.099687985697,-82.2322532484673,0,-1.63852210561669,18.798041788738,-0.00214130364639778
192.086096039579,-82.4317907941798,0,-1.63939448547975,18.7785664629627,-0.00218116585266157
192.072270246659,-82.6313123405104,0,-1.6399804692066,18.7665401732193,-0.00218115531594945
192.05844445374,-82.830833886841,0,-1.63998046920666,18.7452135243388,-0.00182011807424316
192.044618660821,-83.0303554331717,0,-1.64007441876048,18.7238625842373,-0.00207707861226742
192.030755380263,-83.2298743487566,0,-1.64095176628567,18.7026728570523,-0.00219367591115468
192.016579509364,-83.4293713278922,0,-1.64173516412788,18.7026728570523,-0.00219367591115468
192.002403638465,-83.6288683070279,0,-1.64173516412788,18.6812732970192,-0.00194556388551325
191.988227767565,-83.8283652861635,0,-1.64173516412787,18.6598491954764,-0.00202404008532781
191.974051896666,-84.0278622652992,0,-1.64253788574987,18.6384004677955,-0.0022065392403272
191.959555764931,-84.2273362032592,0,-1.64342033188656,18.6384004677955,-0.00220654977703933
191.945027825638,-84.4268078528234,0,-1.64350005628829,18.6170586724998,-0.00206335180927589
191.930499886345,-84.6262795023877,0,-1.64350005628829,18.5955605888959,-0.00198307990922094
191.915971947051,-84.825751151952,0,-1.64415457963592,18.5740376228568,-0.00221984165019342
191.901182907051,-85.0252035519749,0,-1.64504229778268,18.5647523710309,-0.00221985218690555
191.886300841689,-85.2246490937414,0,-1.64527549231083,18.5443335372877,-0.00217286686710689
191.871418776328,-85.424094635508,0,-1.64527549231083,18.522751046812,-0.00195508313839627
191.856536710966,-85.6235401772746,0,-1.64580372303085,18.5011433793205,-0.00223368535360669
191.841443953203,-85.8229698085142,0,-1.64669693119914,18.4861799447349,-0.00223368535360669
191.826205619071,-86.022388446492,0,-1.64706190830309,18.4674053123455,-0.00223368535360669
191.81096728494,-86.2218070844697,0,-1.6470619083031,18.4457328119751,-0.00198091563457482
191.795728950808,-86.4212257224474,0,-1.64748734823463,18.4240348178887,-0.00224820027204145
191.780320947084,-86.6206312419004,0,-1.64838631183757,18.4062871079607,-0.00224820027204145
191.764724097653,-86.8200221601685,0,-1.6488598351467,18.3895912045761,-0.00224820027204145
191.749127248222,-87.0194130784367,0,-1.64885983514656,18.3678268902835,-0.00205864439393592
191.73353039879,-87.2188039967049,0,-1.6492076654385,18.3460367565244,-0.00226353724898301
191.717794850814,-87.4181839393267,0,-1.65011270032448,18.3267505883935,-0.00226353724898301
191.701837115727,-87.6175462995928,0,-1.65066990456751,18.3122443958166,-0.00226353724898301
191.685879380639,-87.8169086598589,0,-1.65066990456743,18.2903880443286,-0.00214176336964323
191.669921645551,-88.016271020125,0,-1.6509670866632,18.2685055440262,-0.00228005240497197
191.653845425289,-88.2156237876828,0,-1.65187856259361,18.248387416023,-0.00228005240497197
191.637524288998,-88.4149567265318,0,-1.65249285609559,18.2357468578713,-0.00228005240497197
191.621203152707,-88.6142896653808,0,-1.65249285609559,18.2137987104383,-0.00223099052254382
191.604882016417,-88.8136226042297,0,-1.65276826774597,18.1918240829325,-0.00229825160788997
191.58845109118,-89.0129464521818,0,-1.65368665984609,18.1713309864922,-0.00229825160788997
191.571763851099,-89.2122490763955,0,-1.6543296399705,18.1596659294591,-0.0022982621446021
191.555076611018,-89.4115517006093,0,-1.65432963997057,18.1376257175397,-0.00232723837194497
191.538389370937,-89.610854324823,0,-1.65461432301168,18.1155586905167,-0.00231863767680249
191.521588663529,-89.8101473427845,0,-1.65554056150829,18.0950588761708,-0.00231863767680249
191.504532248834,-90.009418712323,0,-1.65618211662556,18.0830315064169,-0.00231863767680249
191.487475834138,-90.2086900818614,0,-1.65618211662565,18.0608977756469,-0.00243145685248998
191.470419419442,-90.4079614513998,0,-1.65650943282629,18.0387368865552,-0.00234165601522607
191.45323256573,-90.6072215332421,0,-1.657444794847,18.0186543544862,-0.00234165601522607
191.43580339943,-90.8064606462748,0,-1.6580528402948,18.0049948794042,-0.00234165601522607
191.418374233129,-91.0056997593076,0,-1.65805284029479,17.9827650990433,-0.00254467808925173
191.400945066829,-91.2049388723403,0,-1.65845862300317,17.9605078048303,-0.00236773334257781
191.383354218385,-91.4041636875397,0,-1.65940440895598,17.9415083205399,-0.00236773334257781
191.365548208465,-91.6033694756351,0,-1.65994441178594,17.925450797424,-0.00236773334257781
191.347742198544,-91.8025752637305,0,-1.65994441178593,17.9031222497884,-0.00266790156350835
191.329936188623,-92.0017810518259,0,-1.66046723212365,17.880765819474,-0.00239706176018034
191.31192189894,-92.200968021793,0,-1.66142474472558,17.8640984802377,-0.00239705122346821
191.293734437884,-92.4001393456837,0,-1.6618594365545,17.8454435734634,-0.00246534851158139
191.275546976829,-92.5993106695743,0,-1.6618594365545,17.8230147936219,-0.00273367679513
191.257359515773,-92.7984819934649,0,-1.66254089223165,17.8005577534432,-0.00242965396881136
191.238900626054,-92.9976282660134,0,-1.66351143899513,17.7891862785824,-0.00242965396881136
191.220326589413,-93.1967639111472,0,-1.66380052969914,17.7682403809999,-0.00264180107250257
191.201752552773,-93.395899556281,0,-1.66380052969921,17.745714024434,-0.00273554931380023
191.183178516132,-93.5950352014148,0,-1.66468554924051,17.7231590366107,-0.00246554779373229
191.164252034212,-93.7941376226443,0,-1.66567044464019,17.7231590366107,-0.00246554779373229
191.145285778332,-93.9932362945081,0,-1.66577032032453,17.7007530370607,-0.00284931963364889
191.126319522453,-94.1923349663718,0,-1.66590691486761,17.6781406850102,-0.00272209982864569
191.10729888018,-94.3914284024397,0,-1.66690748244246,17.6558304093272,-0.00250475382217917
191.087934239239,-94.5904887216427,0,-1.66777145523809,17.6558304093272,-0.00256244898135099
191.068569598297,-94.7895490408456,0,-1.66777145523808,17.633160449645,-0.00303257033073712
191.049204957355,-94.9886093600487,0,-1.66819574924482,17.6104613069313,-0.00269184238438981
191.029671412997,-95.1876530747669,0,-1.66921332285722,17.5911215793395,-0.00254729697712937
191.009901695483,-95.3866735718757,0,-1.66980660195057,17.575648801264,-0.002828834272867
190.99013197797,-95.5856940689845,0,-1.66980660195049,17.5528752854161,-0.00308565284930804
190.970362260456,-95.7847145660932,0,-1.6705741453895,17.5300721842602,-0.00264314305810706
190.95028706081,-95.9837043984972,0,-1.67161007008971,17.5224546492266,-0.00259319467110694
190.93010504561,-96.1826835086129,0,-1.67187845092421,17.500882755551,-0.00313324068899183
190.90992303041,-96.3816626187287,0,-1.67199384121866,17.478011821244,-0.00307448331292294
190.889695099615,-96.5806370227524,0,-1.6730494743752,17.4553386650126,-0.00264250740361292
190.869093031861,-96.7795730798266,0,-1.67398971700814,17.4553386650126,-0.0029171209145814
190.848490964106,-96.9785091369009,0,-1.67398971700807,17.4324079779669,-0.00320402066318983
190.827888896352,-97.1774451939751,0,-1.67455279130377,17.4094470880118,-0.00299188409621075
190.80706282213,-97.376357808854,0,-1.6756295031004,17.3926210031698,-0.002719839844256
190.786032409,-97.5752490397405,0,-1.67614313997874,17.3745711308938,-0.00326938637095851
190.765001995869,-97.7741402706271,0,-1.6761431399788,17.3515337069231,-0.00326938637095851
190.743971582739,-97.9730315015137,0,-1.67722323218002,17.3284656557568,-0.0028856145310419
190.722511578152,-98.1718768306161,0,-1.67832240425964,17.3284656557568,-0.00313007250856883
190.701043984825,-98.3707213488627,0,-1.67834148409272,17.3053728929757,-0.00333890099777512
190.679576391497,-98.5695658671092,0,-1.67889071079624,17.2822432272316,-0.00328121637531543
190.657890403325,-98.768386558924,0,-1.68001373737436,17.2647419338662,-0.00298831892576304
190.635976249305,-98.9671823583102,0,-1.68058753654129,17.2478063289814,-0.0034126151258185
190.614062095285,-99.1659781576963,0,-1.68063672738987,17.2245993614453,-0.0034126151258185
190.592128385874,-99.364771778673,0,-1.68178501151834,17.2014005309278,-0.00313107783008087
190.569757741948,-99.5635167265089,0,-1.68288410467409,17.2014005309278,-0.0034865444442852
190.547387098021,-99.7622616743448,0,-1.68288410467407,17.1781308711222,-0.00349053141001249
190.525016454095,-99.9610066221808,0,-1.68364140116411,17.1548296472277,-0.00349054194672462
190.502344832486,-100.159717333938,0,-1.68481635512374,17.1442106952412,-0.00341897842905687
190.479507218576,-100.358409164145,0,-1.68523401185029,17.1238583577009,-0.00357268827640658
190.456669604667,-100.557100994352,0,-1.68558845944414,17.1004831819117,-0.00357267773969446
190.433691158605,-100.75577646564,0,-1.68679149975289,17.0791728888198,-0.00364731498677963
190.410375542845,-100.954412771641,0,-1.68764009174433,17.0758268108331,-0.00365905970572233
190.387059927085,-101.153049077642,0,-1.68764009174442,17.0523857941805,-0.0036590491690102
190.363744311325,-101.351685383643,0,-1.68886466240791,17.0289125100098,-0.00389113988032052
190.339942278052,-101.550263986845,0,-1.69009720700845,17.0289125100098,-0.003749660328992
190.31613707742,-101.74884221431,0,-1.69010518092154,17.0054078253117,-0.00374964979227987
190.292331876788,-101.947420441774,0,-1.69104214548592,16.9818696057051,-0.00394270969886897
190.268154611325,-102.145953589857,0,-1.69230561014815,16.9818696057051,-0.00405329516788416
190.243847694237,-102.344471029347,0,-1.69263210947308,16.9600262215619,-0.00384446667867787
190.219540777148,-102.542988468837,0,-1.69333061046302,16.9364249307835,-0.00400526636093304
190.194956575011,-102.741471592181,0,-1.69462640100636,16.922251483503,-0.00436773257829565
190.170135266298,-102.939925371771,0,-1.69522368947855,16.9049722668844,-0.00394343637824019
190.145313957585,-103.138379151362,0,-1.69573706134712,16.8812940068032,-0.00410596642473237
190.1202889217,-103.336807174942,0,-1.69706656768722,16.8620463668906,-0.0046627862511481
190.094940010461,-103.535194252896,0,-1.69788270104468,16.8531599294171,-0.00405050106050273
190.069591099222,-103.73358133085,0,-1.69826882057592,16.8294087717524,-0.0042474645475118
190.044089012518,-103.931948624335,0,-1.69963340838956,16.8080091208251,-0.00478532707934228
190.018198763382,-104.130265781938,0,-1.70061187564087,16.8080091208251,-0.00431684457912514
189.992308514246,-104.328582939541,0,-1.70093349586106,16.784194070784,-0.00443251316054644
189.966290722879,-104.526883264776,0,-1.70233449674842,16.7619586922898,-0.00491244735997906
189.93984489127,-104.725127099461,0,-1.70341387644298,16.7619586922898,-0.00456319660192541
189.913399059661,-104.923370934146,0,-1.70373893630682,16.7380781215177,-0.0046639198611953
189.886824370616,-105.121597390458,0,-1.70517763628893,16.7157986718438,-0.00504397477319638
189.859808222676,-105.319764309369,0,-1.70629127536586,16.7157986718438,-0.00478728863527003
189.832792074736,-105.517931228279,0,-1.70669317593464,16.6918520613387,-0.0049445051567792
189.805616672175,-105.716076196225,0,-1.70817080212178,16.6703989579259,-0.00517969962375807
189.778015010056,-105.914162410405,0,-1.70924652646264,16.6703989579259,-0.00498663971716897
189.750413347937,-106.112248624585,0,-1.70980436257592,16.6463870379256,-0.00527706236300196
189.722590733431,-106.310303708969,0,-1.7113220678329,16.6274644105933,-0.0053193256420095
189.694387926737,-106.508305228394,0,-1.71228193535138,16.6274644105933,-0.00536024526216824
189.666185120042,-106.706306747819,0,-1.71308066992015,16.6033903985164,-0.00546252729964582
189.637666082589,-106.904262721112,0,-1.71463951535592,16.5919232057961,-0.00546252729964582
189.608846106805,-107.102175350815,0,-1.71539962433033,16.5786770624493,-0.00579971730618928
189.580026131021,-107.300087980518,0,-1.71653019036265,16.55453210275,-0.00560889709438118
189.550758753589,-107.497934728111,0,-1.71813112547501,16.55453210275,-0.00560889709438118
189.521305236399,-107.695754065702,0,-1.71860149285256,16.5337975016309,-0.00626240239991098
189.49185171921,-107.893573403294,0,-1.72016080619981,16.5095869065503,-0.0057579478361184
189.461781429428,-108.091299872397,0,-1.72180464651288,16.5095869065503,-0.00611636336870329
189.431677705871,-108.28902130732,0,-1.72229263231676,16.4854434055641,-0.00638904162937889
189.401414478311,-108.486718181788,0,-1.72398003666818,16.4636096805337,-0.00590910742994626
189.370643655777,-108.684336896693,0,-1.72526398000006,16.4636096805337,-0.00672084641933602
189.339872833243,-108.881955611598,0,-1.72626341881042,16.439295718277,-0.00644175856993263
189.308707102131,-109.079512135535,0,-1.72799485837745,16.439295718277,-0.00643635198959559
189.277252136235,-109.277023110218,0,-1.72872685660079,16.4243663416765,-0.00701542811078416
189.245797170339,-109.474534084902,0,-1.73043576855891,16.3999941989501,-0.006450144613901
189.213667339006,-109.671936353555,0,-1.73221149684029,16.3999941989501,-0.0071495548471563
189.181511121386,-109.869334371955,0,-1.73299514275093,16.3756485979404,-0.00718990394632132
189.149071986351,-110.066685774256,0,-1.73481516730429,16.3599806762574,-0.00697503291164174
189.116197445439,-110.263965435042,0,-1.73591835898619,16.3599806762574,-0.0073634591426648
189.083322904527,-110.461245095828,0,-1.73754183640986,16.3355124721422,-0.00738303514648915
189.049808005811,-110.658416820669,0,-1.73940587485929,16.3355124721422,-0.00753484651409289
189.016198221597,-110.855572552022,0,-1.74039572986202,16.3118249227368,-0.00753485705080502
188.982293078046,-111.052677352555,0,-1.74230317909691,16.2969759260972,-0.00797514681690691
188.94793141178,-111.249703431772,0,-1.7434613295882,16.2969759260972,-0.00770267581889139
188.913569745514,-111.446729510988,0,-1.74533051843974,16.2724129844283,-0.00837571516626428
188.87847177365,-111.643625697433,0,-1.74728040605552,16.2724129844283,-0.00789877202892914
188.843342013314,-111.840516276026,0,-1.74849067333053,16.2479024584299,-0.00830258555739755
188.80776760877,-112.037326606201,0,-1.75048162375422,16.2479024584299,-0.0085727818419034
188.771854131007,-112.23407574118,0,-1.75178561228297,16.2376085048037,-0.00825521671302451
188.735766551237,-112.430792731189,0,-1.75381579169484,16.2157920086664,-0.00910025286319445
188.699054500187,-112.627394423216,0,-1.75540335717522,16.2157920086664,-0.00835311722547634
188.662342449137,-112.823996115243,0,-1.75728337659869,16.1911059062846,-0.00925815507889025
188.624891455425,-113.020458240861,0,-1.75935045457909,16.1911059062846,-0.0088835067472262
188.587366938646,-113.216906479948,0,-1.76088358804736,16.1668598526537,-0.00933212849667526
188.549313766637,-113.413252586324,0,-1.76298469246232,16.1668598526537,-0.00940247540840875
188.510964067914,-113.609541405689,0,-1.76461415742301,16.1516154626653,-0.00940037436401969
188.472271226659,-113.80576242428,0,-1.76674582449273,16.1414168606679,-0.00953062607447224
188.433085035088,-114.001885962873,0,-1.76847110791556,16.1414168606679,-0.00983453642853828
188.393715326818,-114.197972422123,0,-1.77062924398283,16.1197516720086,-0.00964048972277585
188.353682981002,-114.393924996203,0,-1.77244852105064,16.1197516720086,-0.0102552368883822
188.313600021005,-114.589867115016,0,-1.77462836465465,16.0951420303911,-0.0097312877219476
188.272713766636,-114.78564329897,0,-1.77667900046672,16.0951420303911,-0.0105644661837445
188.231827512267,-114.981419482924,0,-1.77873439646634,16.0702705944381,-0.0098962722457158
188.190136834334,-115.177025825113,0,-1.78093048747769,16.0702705944381,-0.0106610542185494
188.148391092715,-115.372620541444,0,-1.7829361661652,16.0456236758428,-0.0102324020010847
188.105916134375,-115.568057938327,0,-1.78514235511015,16.0456236758428,-0.0107643472615051
188.063307764679,-115.763466553367,0,-1.78722094608325,16.0222578939463,-0.0105166505768125
188.020020722346,-115.958725613083,0,-1.78943162434858,16.0222578939463,-0.0108725710878894
187.97654880148,-116.153943932142,0,-1.7915770129751,16.0004059302546,-0.0107478955292919
187.932424353387,-116.34901542852,0,-1.79378878850943,16.0004059302546,-0.0109841859705072
187.888089303237,-116.544039538128,0,-1.79599483202237,15.9795336472673,-0.0110435344372474
187.84310461453,-116.738914454007,0,-1.79820484257928,15.9795336472673,-0.010980127343568
187.797907990361,-116.933740697526,0,-1.80046509252442,15.9586772521181,-0.0112402372024782
187.752042825362,-117.128410295546,0,-1.80267048882543,15.9586772521181,-0.0110232194971037
187.705987306197,-117.323035291769,0,-1.80497817654179,15.9369062284671,-0.0113711924547368
187.659224144973,-117.517491190211,0,-1.80717614294028,15.9369062284671,-0.0110810735726049
187.612313515742,-117.711911849774,0,-1.80952425628313,15.9137143443645,-0.011500531348582
187.564637639456,-117.906146094734,0,-1.81171203404202,15.9137143443645,-0.0110913071736551
187.516876763979,-118.100359633844,0,-1.81409340043779,15.8891806426109,-0.0116276435314673
187.468276306769,-118.29436476604,0,-1.81650395872124,15.8891806426109,-0.0110560026695969
187.419579707998,-118.488345612344,0,-1.81867568480874,15.8647842412465,-0.0117509840926203
187.37013705762,-118.682137831805,0,-1.82111972438874,15.8647842412465,-0.011130172697628
187.320492888879,-118.875878177516,0,-1.82326130517057,15.8432692451558,-0.011716143006527
187.270220651876,-119.069456849344,0,-1.8257193015142,15.8432692451558,-0.0112284242427733
187.219624683262,-119.262950714831,0,-1.82784069017799,15.8295082668491,-0.011609619167942
187.168531590883,-119.456314351307,0,-1.83030555112893,15.8295082668491,-0.0112919568587438
187.116982369941,-119.649556438614,0,-1.83240461211839,15.839346108814,-0.0114918512880218
187.065077966931,-119.842703876983,0,-1.83486951008192,15.839346108814,-0.0113219525233176
187.012576703289,-120.035689592801,0,-1.83694429333992,15.8582749431883,-0.0114511230580938
186.959871271959,-120.228619988302,0,-1.83940274866142,15.8582749431883,-0.0112326826711394
186.906421690095,-120.421345454756,0,-1.84175713619105,15.8771812327602,-0.0114333797646257
186.852808436939,-120.614025332255,0,-1.8438974644372,15.8771812327602,-0.0110812165698651
186.798534331223,-120.806520322966,0,-1.8463542182041,15.8939112572136,-0.0113806086436349
186.743975038391,-120.998934291251,0,-1.84834656635966,15.8809324551515,-0.010928992762822
186.688934332212,-121.191211488712,0,-1.85078131771409,15.8809324551515,-0.0113014750402458
186.633438728121,-121.383357502032,0,-1.85274374769562,15.8809324551515,-0.0109015136636982
186.577643787437,-121.575417192217,0,-1.85515185106292,15.8652944134641,-0.0110684025560414
186.521223366631,-121.767293864271,0,-1.85725817153851,15.8652944134641,-0.0109763653437967
186.464619879361,-121.959116691408,0,-1.85946099724935,15.8652944134641,-0.0107081177372545
186.40735461084,-122.150743122312,0,-1.86183606631582,15.8841923567393,-0.0110423157694342
186.349840636685,-122.342294723941,0,-1.86370485937231,15.8841923567393,-0.0103363563177261
186.291859550095,-122.533705783177,0,-1.86604335492888,15.8841923567393,-0.0109475778525674
186.233450323766,-122.7249862937,0,-1.86788048765859,15.9015335587027,-0.0103219288789761
186.174766335658,-122.91618302364,0,-1.87018021896712,15.9015335587027,-0.010568845176398
186.115477888997,-123.107193032255,0,-1.8722466492771,15.9203884718084,-0.0103807964474347
186.056004262042,-123.298145446575,0,-1.87424537020733,15.9203884718084,-0.0101687153340966
185.995952697384,-123.488917062866,0,-1.87649413251304,15.937138655819,-0.0104351236833556
185.93562090309,-123.679599930229,0,-1.87823846485301,15.937138655819,-0.00984305520337336
185.874904167512,-123.870160886411,0,-1.88044514579791,15.937138655819,-0.0103262822801702
185.813731395519,-124.060575677843,0,-1.8821600791193,15.9559514849796,-0.00975174838353366
185.752361420095,-124.25092726338,0,-1.88432498996227,15.9559514849796,-0.00992367185813737
185.690364693046,-124.441075614487,0,-1.88643646294618,15.9747421798592,-0.00981107877593177
185.628191487959,-124.631166141947,0,-1.88813575389549,15.9747421798592,-0.00953073057576269
185.56554887763,-124.82110271918,0,-1.89024583476091,15.9859954213072,-0.00987159932129334
185.502574032956,-125.010929120427,0,-1.89188033051567,16.0017606937073,-0.00928440255619268
185.439310857796,-125.200659905142,0,-1.89395141302396,16.0017606937073,-0.00967008666051409
185.375550228267,-125.390223929448,0,-1.89570819857493,16.0204976460655,-0.00924551588694984
185.311620839516,-125.579731184115,0,-1.8975968359595,16.0204976460655,-0.00930362147609535
185.247144580607,-125.769053163919,0,-1.89961704689124,16.0392127246817,-0.00932389676814791
185.182450073136,-125.958300433551,0,-1.9011868964752,16.0392127246817,-0.00895474592938144
185.117379719276,-126.147419044609,0,-1.90317434805402,16.0392127246817,-0.00940924341331132
185.051933482567,-126.336407671992,0,-1.90472696443196,16.0579059706251,-0.00877111733186673
184.986276186389,-126.525323313109,0,-1.90668513728242,16.0579059706251,-0.00914446739861564
184.920090260528,-126.714054318317,0,-1.90849221429879,16.0765774942851,-0.008854741637023
184.853750669384,-126.902731302927,0,-1.9101556191762,16.0765774942851,-0.0088422426394677
184.786937213176,-127.091241149009,0,-1.91207656529174,16.0946416263643,-0.00896845201799012
184.719873266973,-127.279661786409,0,-1.91359239902146,16.1063564362821,-0.0085619946984513
184.652488619839,-127.467968210438,0,-1.91549349120637,16.1063564362821,-0.00902106366317887
184.584708738374,-127.656132528441,0,-1.91700242379092,16.1249718472412,-0.0084677541112248
184.516756115831,-127.844234737597,0,-1.9188880498332,16.1249718472412,-0.00885364229441334
184.448267052093,-128.032142242249,0,-1.920685703798,16.1435658062428,-0.00861378712416977
184.379638633518,-128.219998792405,0,-1.92226762469919,16.1435658062428,-0.00863215732017037
184.310555388724,-128.407688710325,0,-1.9241341627423,16.1616444956577,-0.00877395882802502
184.241226194991,-128.595287680825,0,-1.92563979627199,16.1730145368542,-0.00843421951761502
184.171578080113,-128.782768720116,0,-1.92750171091002,16.1730145368542,-0.00881475771902499
184.101550774407,-128.970108240004,0,-1.92901229931955,16.191553310406,-0.00839424089951361
184.031336565162,-129.157378004836,0,-1.9308743073194,16.191553310406,-0.00880857703431587
183.960612049663,-129.344455552952,0,-1.93257446362697,16.2100708927962,-0.00853181168809129
183.889761506595,-129.531485393864,0,-1.93425983282878,16.2100708927962,-0.00873098080362937
183.818406774487,-129.718323565033,0,-1.93612174747079,16.2285673535738,-0.00873974215188754
183.746860297576,-129.905088168054,0,-1.93766623122063,16.2285673535738,-0.00861561212835583
183.674928770076,-130.091705035865,0,-1.93953918898303,16.2399486168253,-0.00881185419268091
183.60268320309,-130.278200293206,0,-1.94110148706467,16.2559496383355,-0.00866298588803538
183.53016892568,-130.464591493567,0,-1.9429901599909,16.2559496383355,-0.00885676935918725
183.457219400598,-130.650812569672,0,-1.94457360772578,16.2743939383951,-0.00875877213940122
183.384115206643,-130.836973190713,0,-1.94648219335046,16.2743939383951,-0.00891001334580801
183.310455330489,-131.022914566923,0,-1.9482731689066,16.2928173701675,-0.00886175068346668
183.236684827984,-131.208812039855,0,-1.95001907071874,16.2928173701675,-0.0089680673884848
183.162376106268,-131.394495140532,0,-1.95194386324193,16.3112199990569,-0.00891654135798943
183.087890567824,-131.580107141031,0,-1.95359875248506,16.3112199990569,-0.00908070000217232
183.012967684655,-131.765543279843,0,-1.95554062826171,16.3255110449259,-0.00897313404380083
182.937761858853,-131.950864547416,0,-1.95721729666221,16.3311035351167,-0.00919236616585819
182.862217568703,-132.136048402613,0,-1.95917366390384,16.3311035351167,-0.00902648713271713
182.786287204755,-132.321073997235,0,-1.96087087002265,16.3486388466809,-0.00930261948515336
182.710114761107,-132.506000357791,0,-1.96283927247048,16.3486388466809,-0.00907334315251791
182.633456553796,-132.690725652943,0,-1.96455581816435,16.3669786920137,-0.00940930367127936
182.556649691523,-132.875389417412,0,-1.96653393433706,16.3669786920137,-0.00911074418338246
182.479261226543,-133.05981009261,0,-1.96834367232484,16.3852980200078,-0.00941876307244607
182.401786502422,-133.244194601175,0,-1.97025430715177,16.3852980200078,-0.00922918926528726
182.323693844019,-133.428318300637,0,-1.97222940804456,16.4035968983779,-0.00936740793662896
182.245491419002,-133.612395215496,0,-1.97399722444976,16.4035968983779,-0.00939210261854745
182.166748256553,-133.796241657853,0,-1.97597688882066,16.4218753863398,-0.00931318247022062
182.087817658314,-133.980007423932,0,-1.97775969374465,16.4218753863398,-0.00954240615496862
182.008419473546,-134.163571931001,0,-1.97974207804533,16.437537698423,-0.00925698217037592
181.928760927826,-134.347023266912,0,-1.98153889414841,16.437537698423,-0.00968009409273397
181.848703594342,-134.530301261651,0,-1.98352227936793,16.4435770777178,-0.00919965629987116
181.768317974948,-134.713435150318,0,-1.98533217357225,16.4473176250055,-0.00980519279762264
181.687597740385,-134.896422154589,0,-1.98731496225185,16.4473176250055,-0.00914200802789813
181.606486520517,-135.079235833549,0,-1.98913704555777,16.4614157949657,-0.00988025503557273
181.525099988814,-135.261927465698,0,-1.99111775855758,16.4614157949657,-0.00912229797602477
181.443265193806,-135.444418417134,0,-1.9929511857876,16.4796301257785,-0.00986872414984501
181.361209307629,-135.62681038939,0,-1.99492845884909,16.4796301257785,-0.00917787795802463
181.278653469206,-135.808976329924,0,-1.9967724283197,16.4978243506554,-0.00985057623878687
181.195925492548,-135.991064445621,0,-1.99874500845574,16.4978243506554,-0.00923483995997264
181.112651604642,-136.172903315908,0,-2.00059876158949,16.5159985368349,-0.00982106521934389
181.02924910563,-136.354683466525,0,-2.00256550333657,16.5159985368349,-0.00929530543031609
180.945260581834,-136.536193420687,0,-2.00442832421879,16.5341527507657,-0.00977880962438374
180.861181415769,-136.717661582726,0,-2.006388185782,16.5341527507657,-0.00934413110487483
180.77648204845,-136.898840977662,0,-2.00825940066984,16.5522870581517,-0.00973967140181805
180.691724341101,-137.079993209348,0,-2.01021143999136,16.5522870581517,-0.00938149053568683
180.606318262207,-137.260840593957,0,-2.01209041678443,16.5704015240034,-0.00970417377289612
180.520880393371,-137.441673031779,0,-2.0140337875588,16.5704015240034,-0.0094075736164177
180.434772036952,-137.622187136134,0,-2.01593051718339,16.588496212694,-0.00967280144279742
180.348648807486,-137.802694161369,0,-2.01785388289507,16.588496212694,-0.00943665959473698
180.261846690745,-137.982875715723,0,-2.01977163070007,16.606571187291,-0.00963192744949235
180.175031770585,-138.163051072073,0,-2.02167050862277,16.606571187291,-0.00946927498232973
180.087545995954,-138.342901674621,0,-2.02357805475855,16.6246265100472,-0.00958165511164932
180.000044326402,-138.522744507841,0,-2.02548257095837,16.6246265100472,-0.00949942250247507
179.911874131364,-138.702260570373,0,-2.02737937361774,16.6426622449223,-0.00952858885857091
179.823690837853,-138.881770168448,0,-2.02928909511837,16.6426622449223,-0.00952729652613104
179.734835636279,-139.060948161386,0,-2.03117468900319,16.6606784555301,-0.0094731188912037
179.645975999022,-139.240123944057,0,-2.03308922076242,16.6606784555301,-0.00955308827379201
179.556435366609,-139.418960392096,0,-2.03499136279916,16.6786752051404,-0.00941561626461506
179.466894734197,-139.597796840135,0,-2.03688219749631,16.6786752051404,-0.00957169481142343
179.376678452903,-139.776293378122,0,-2.03880118196013,16.6966525547695,-0.0093617241436547
179.286452112947,-139.954784855728,0,-2.04066738045379,16.6966525547695,-0.00958139299825944
179.195570260292,-140.132943391423,0,-2.04259049670685,16.714610565223,-0.00931368423534688
179.104658069795,-140.311086518203,0,-2.04444422597265,16.714610565223,-0.0095977190406427
179.013116350318,-140.488906845497,0,-2.04637118899545,16.7325492980325,-0.00925645793720558
178.921518286423,-140.666698281428,0,-2.04821228737837,16.7325492980325,-0.00962088677762818
178.829322444567,-140.844180280616,0,-2.05014284750633,16.7504688146563,-0.00919030861990327
178.737038591331,-141.021616721157,0,-2.05197121089008,16.7504688146563,-0.00965108801841325
178.644194390085,-141.198760349147,0,-2.05390515319309,16.7683691765356,-0.00911550173059042
178.551224925572,-141.375838520213,0,-2.05572073166018,16.7683691765356,-0.00967441944530949
178.457738126502,-141.55264380094,0,-2.05765787534237,16.7862504451497,-0.00904637841801985
178.3640833102,-141.729360453758,0,-2.05946066995554,16.7843353292753,-0.00969072466342837
178.269959654811,-141.905827468821,0,-2.06140086777501,16.7843353292753,-0.00898351419789776
178.175619815359,-142.082179374657,0,-2.06319092749132,16.7670439654046,-0.00970636526349786
178.080865007727,-142.258308254181,0,-2.06513406520505,16.7670439654046,-0.00892094886849487
177.985840530952,-142.434292198942,0,-2.06691148392531,16.7548432413837,-0.00972150543308973
177.890460221576,-142.610083112677,0,-2.06885747976173,16.7548432413837,-0.00888010563631002
177.794751538823,-142.785695891385,0,-2.0706223935176,16.763426821545,-0.00971510414557318
177.698751309623,-142.961149040038,0,-2.07257119767919,16.763426821545,-0.00894600461196249
177.602358886381,-143.136387451186,0,-2.07432378196363,16.7801373356028,-0.00960250821837806
177.505744236793,-143.31150305799,0,-2.0762753761624,16.7801373356028,-0.00901980893988251
177.408668561588,-143.486363897756,0,-2.07801584340314,16.7980061019661,-0.00948290627720023
177.311444895694,-143.661142200282,0,-2.07997024043363,16.7980061019661,-0.00910158495046878
177.213686469252,-143.83562225662,0,-2.08169883761334,16.8158558807362,-0.00935656862826708
177.11585908387,-144.010063498816,0,-2.08365608096151,16.8158558807362,-0.00919138981967052
177.017418408535,-144.18415954541,0,-2.0854154932599,16.8336867323142,-0.00922376142565139
176.918977733201,-144.358255592004,0,-2.08733325088003,16.8336867323142,-0.00928927296435695
176.819870051617,-144.531972759951,0,-2.08929341470083,16.851498713886,-0.00908474621866343
176.720747621007,-144.705681550028,0,-2.09100216359828,16.851498713886,-0.0093952773926615
176.621046923424,-144.879058860418,0,-2.09296535339365,16.8692918734168,-0.00893978031734141
176.521243212312,-145.052377120415,0,-2.09466329060428,16.8692918734168,-0.00950944823317925
176.420954382362,-145.225414757567,0,-2.09662964013823,16.8870662745237,-0.00885102720405177
176.320469836773,-145.398339180648,0,-2.0983171594676,16.8870662745237,-0.00957004502773081
176.219597601967,-145.571037299003,0,-2.10028683206831,16.8931333270239,-0.00886657799660301
176.118432629472,-145.743564538417,0,-2.10196435203937,16.9006966208268,-0.00952960154772961
176.016981553409,-145.915923255472,0,-2.10393754043879,16.9006966208268,-0.00888347351886524
175.915136513596,-146.088049917746,0,-2.10560550285653,16.9184380564291,-0.00947060594520837
175.813110988757,-146.260069307163,0,-2.10758242908126,16.9184380564291,-0.00892337891502188
175.710586183877,-146.431791945112,0,-2.10924129925812,16.9361609070423,-0.0093084742764775
175.607990424433,-146.603472029663,0,-2.11122222901786,16.9361609070423,-0.009071541100816
175.504786085245,-146.774787132245,0,-2.11299631619553,16.9538652309504,-0.00914243124284495
175.401581746056,-146.946102234827,0,-2.11485797959988,16.9393755143976,-0.00922933553840149
175.297740309328,-147.11703180843,0,-2.1168434786786,16.9393755143976,-0.0089727531194068
175.193856493832,-147.287935737226,0,-2.11849118878375,16.9159841529614,-0.00939702706383444
175.08945243733,-147.458522017694,0,-2.12048222287465,16.9159841529614,-0.00897332452295491
174.984888896653,-147.629010920445,0,-2.12212364163659,16.8959714582617,-0.00940121621800083
174.879925449704,-147.799253453676,0,-2.12412120954839,16.8959714582617,-0.00900332340948277
174.774681619647,-147.969323251803,0,-2.1257571058737,16.8878418156828,-0.00938315508039366
174.669161737151,-148.13922145473,0,-2.12776218040087,16.8788990817045,-0.00903703246015561
174.563236750569,-148.308867843485,0,-2.1293932807339,16.8788990817045,-0.00936893642029721
174.457163128978,-148.478421010002,0,-2.13140680953555,16.8583446989941,-0.00907474601291407
174.350555827835,-148.647639458592,0,-2.13303380079304,16.8583446989941,-0.00929667131151425
174.243930919964,-148.816846765159,0,-2.13505670720764,16.834642323238,-0.00917851454344222
174.136639867094,-148.985632516851,0,-2.13702752314964,16.834642323238,-0.00911851383182847
174.029348814224,-149.154418268542,0,-2.13871342324428,16.8108650030674,-0.00939608623114974
173.921489386468,-149.322841100029,0,-2.14074660987752,16.8108650030674,-0.00916250795224144
173.81351287707,-149.491189172244,0,-2.1423784501615,16.7889564421437,-0.00939915886618849
173.705104430583,-149.659258957073,0,-2.14442279437924,16.7889564421437,-0.00921237673126868
173.596440503498,-149.827164141479,0,-2.14605322599191,16.7766104594389,-0.0094037380456218
173.487484593495,-149.994879508999,0,-2.14810958231304,16.7718223322474,-0.00926610146018163
173.378131042284,-150.162336371616,0,-2.1497391368483,16.7718223322474,-0.00941158182489391
173.268629040617,-150.329695853585,0,-2.15180833782688,16.7511302835271,-0.00932358221180159
173.158583424488,-150.49669873491,0,-2.15343751923008,16.7511302835271,-0.00942254050802265
173.048536529745,-150.663700769875,0,-2.15552037583407,16.7272344740933,-0.00938472080650361
172.937796184344,-150.83024378504,0,-2.15759939902335,16.7272344740933,-0.0093847208065036
172.827055838943,-150.996786800206,0,-2.15924696400776,16.7033042584781,-0.00950117212204396
172.715767479375,-151.162963761512,0,-2.16134426987515,16.7033042584781,-0.00944942003146128
172.604329527476,-151.329040800493,0,-2.16298932455549,16.6825615330717,-0.00952140880086854
172.492495109798,-151.494850593952,0,-2.1651018485813,16.6825615330717,-0.00951758566318337
172.380356471924,-151.660455321831,0,-2.1667486357856,16.6825615330717,-0.00954426196482431
172.267976537309,-151.825895906323,0,-2.16887712594581,16.6685223357971,-0.00958912281921118
172.155133942295,-151.991021763627,0,-2.17052603347634,16.6685223357971,-0.00956961053019287
172.042208903307,-152.156091021094,0,-2.17267121694675,16.6454486188951,-0.00966393705055728
171.928658898841,-152.320731224221,0,-2.1745663919531,16.6454486188951,-0.00966202035337056
171.815108894375,-152.485371427347,0,-2.17648519523644,16.6214006547065,-0.00967725305012801
171.700928009797,-152.649574505133,0,-2.1786477806945,16.6214006547065,-0.00974193500572752
171.586666972959,-152.813722046878,0,-2.18032009408133,16.5982037768393,-0.00970842109311036
171.471937668708,-152.977542115347,0,-2.18250076969314,16.5982037768393,-0.00982302250640129
171.356961816524,-153.141189765543,0,-2.18417690713965,16.5846677551093,-0.0097435711003303
171.241684011415,-153.304624275639,0,-2.18637633786245,16.5846677551093,-0.00990710470565031
171.125989411448,-153.467764581935,0,-2.18805658908086,16.5846677551093,-0.00978068163502259
171.010162932744,-153.630810922999,0,-2.19027541879804,16.5630454852937,-0.00999408607968752
170.893745513738,-153.793436211782,0,-2.19208941982071,16.5630454852937,-0.00986908274675853
170.777328094732,-153.956061500566,0,-2.1941989073521,16.5388777052105,-0.0100344388209977
170.660225665549,-154.118194092653,0,-2.19643775994581,16.5388777052105,-0.0100838709375498
170.543081228149,-154.280296470138,0,-2.19814765990745,16.5149169884046,-0.00995286945773191
170.425425211515,-154.442027388812,0,-2.20040714072623,16.5149169884046,-0.0101763639605731
170.307549439069,-154.603598742307,0,-2.2021224945167,16.4985978397748,-0.00999786447326082
170.189339314941,-154.764924996281,0,-2.20440318303415,16.4985978397748,-0.0102714643601117
170.070727784405,-154.92595699566,0,-2.20612419091435,16.4985978397748,-0.0100443228688117
169.95196297389,-155.086875548105,0,-2.20842664433383,16.4778432788178,-0.0103690713775532
169.832611166849,-155.247359647492,0,-2.2102523545582,16.4778432788178,-0.0101666583679714
169.713259359808,-155.407843746879,0,-2.21247824323284,16.4535503500394,-0.0103945726087656
169.59319435101,-155.567794859574,0,-2.21480299711952,16.4535503500394,-0.010469083641672
169.47309766482,-155.727722299266,0,-2.2165586592157,16.4293606031689,-0.010243554837844
169.35247197953,-155.887250544207,0,-2.21890623035276,16.4293606031689,-0.0105713997807514
169.231625738598,-156.046612352846,0,-2.22066853227506,16.4130939547104,-0.010296014656203
169.110438589202,-156.205714370607,0,-2.22303940869985,16.4130939547104,-0.0106759097824553
168.988838056403,-156.364501367629,0,-2.22480846244472,16.4130939547104,-0.0103494412076099
168.867088627099,-156.523173771646,0,-2.22720310793105,16.3920434881094,-0.0107825040913425
168.744729015353,-156.68137657002,0,-2.22912803109925,16.3920434881094,-0.0105441340916579
168.622369403607,-156.839579368394,0,-2.23139786268631,16.3676232152402,-0.0107506735160965
168.499292950755,-156.997224960253,0,-2.23381671787543,16.3676232152402,-0.0108910731095039
168.376169434748,-157.154833969533,0,-2.23562416579349,16.3434786782657,-0.0105692236667487
168.252524152511,-157.312033320257,0,-2.23806764994206,16.3434786782657,-0.0110015048886738
168.128631880581,-157.469038749959,0,-2.23988246751242,16.3300959008771,-0.0106266895396614
168.004416881596,-157.625788221979,0,-2.24235096830231,16.3300959008771,-0.011113677569343
167.879750987774,-157.782180085315,0,-2.24417317470982,16.3300959008771,-0.0106845972936352
167.754965386623,-157.938476036185,0,-2.24666705291463,16.3077166890466,-0.0112274698824419
167.629521002844,-158.094244154163,0,-2.24877744841396,16.3077166890466,-0.0109926104725604
167.504076619065,-158.250012272141,0,-2.25101623870628,16.2831699496814,-0.0110929900774038
167.377936188974,-158.40521694769,0,-2.25353583100334,16.2831699496814,-0.0113427623855511
167.251708457434,-158.560350953601,0,-2.2553988146074,16.2596958377016,-0.0109179689805416
167.124990842934,-158.715084279957,0,-2.25794443102443,16.2596958377016,-0.0114594283753351
166.997974928609,-158.869573624276,0,-2.25981502254116,16.2596958377016,-0.0109777899028486
166.870679312093,-159.023831798723,0,-2.26238693912001,16.2526821012537,-0.0115773323334567
166.74287041541,-159.17766575443,0,-2.26426505637995,16.2526821012537,-0.0110624480303321
166.614996011518,-159.331444996859,0,-2.26686351912252,16.2286829435617,-0.0116713711944243
166.486389381164,-159.484612665213,0,-2.26924860314338,16.2286829435617,-0.0115046000306858
166.357782750809,-159.637780333566,0,-2.2713742848999,16.2040164799549,-0.0114086353596112
166.228526387021,-159.790399541141,0,-2.27399951580786,16.2040164799549,-0.0118163195472272
166.099117332886,-159.942889857908,0,-2.27591929925516,16.182967316759,-0.0112767910259735
165.969276109333,-160.095011443236,0,-2.27857148526325,16.182967316759,-0.0119371271907609
165.839060015576,-160.246813185409,0,-2.28049857282316,16.182967316759,-0.0113360488663383
165.70863335706,-160.398433322806,0,-2.28317786540461,16.1659782589512,-0.0120586126632151
165.577605695286,-160.549535115813,0,-2.28516199989141,16.1659782589512,-0.0116050275414875
165.446578033512,-160.700636908821,0,-2.28781858014503,16.1412159724378,-0.01197014535398
165.314749431737,-160.851040361335,0,-2.29052509805218,16.1412159724378,-0.01207394259234
165.182905774261,-161.001430686766,0,-2.29249349816908,16.1164490664423,-0.0116812282750741
165.050486465473,-161.151313562305,0,-2.29522733581803,16.1164490664423,-0.0123030317312924
164.917822498667,-161.300980766165,0,-2.29720243187927,16.1032002322756,-0.0116313100506181
164.784812235325,-161.450339303525,0,-2.29996363853473,16.1032002322756,-0.0124255601731985
164.651323773013,-161.599271605023,0,-2.30194513638199,16.1032002322756,-0.0117154274547192
164.517722395784,-161.748102131295,0,-2.3047337252721,16.0803436719751,-0.0125188996961902
164.38340539268,-161.896287632195,0,-2.30714227746222,16.0803436719751,-0.0122000263368446
164.249088389576,-162.044473133095,0,-2.3095372559896,16.0554493119573,-0.0122090946550301
164.114063399418,-162.192013265664,0,-2.31235321012871,16.0554493119573,-0.0126684586857462
163.978913964567,-162.339439960192,0,-2.31437382993247,16.0329747984008,-0.0119118769059017
163.843294098651,-162.486432931711,0,-2.31721709340019,16.0329747984008,-0.0127874032227905
163.707308509238,-162.633088717386,0,-2.31924293451851,16.0329747984008,-0.0119597003800509
163.571094091235,-162.77953109852,0,-2.32211322228584,16.0180933202105,-0.0129037353148005
163.434268859841,-162.925403837762,0,-2.3242012618435,16.0180933202105,-0.0123238682175667
163.297443628447,-163.071276577004,0,-2.32704015006972,15.993102063551,-0.0126977806622501
163.159792418852,-163.216370058671,0,-2.32993644506936,15.993102063551,-0.0128267759536344
163.022124506867,-163.361447782701,0,-2.33199612016464,15.9681146667746,-0.0123463824254668
162.883877238502,-163.505972515752,0,-2.33491712498777,15.9681146667746,-0.0131259291089295
162.745364136658,-163.650243512898,0,-2.33697925961216,15.959294443344,-0.0121913134093568
162.606522046684,-163.794196785071,0,-2.33992366469515,15.959294443344,-0.0132305171429955
162.467161768653,-163.937649609746,0,-2.34198770978782,15.959294443344,-0.0124306788299919
162.327726234226,-164.081028889809,0,-2.34495421364989,15.9351236707774,-0.013121961714787
162.187517307847,-164.223652369516,0,-2.34765765134251,15.9351236707774,-0.0129388267098008
162.047308381469,-164.366275849223,0,-2.35000694286665,15.9100020868311,-0.0127354529193118
161.906431298286,-164.508238547175,0,-2.35299426434116,15.9100020868311,-0.0134237772134394
161.765372756346,-164.650021789294,0,-2.35508004652062,15.8907660581005,-0.0123628549787212
161.623904907471,-164.791395360319,0,-2.35808690823929,15.8907660581005,-0.0135118659637361
161.481996278051,-164.932327758639,0,-2.36017174350977,15.8907660581005,-0.0125107283164356
161.339939910312,-165.073110492444,0,-2.36319687404128,15.8694000207867,-0.0134613711317819
161.197181206727,-165.213181733428,0,-2.36569624831205,15.8694000207867,-0.0130225555571943
161.054422503142,-165.353252974412,0,-2.36832241827492,15.8441742296633,-0.0130378391870024
160.910930383018,-165.492572164319,0,-2.37136456528621,15.8441742296633,-0.0135394982204239
160.767322093361,-165.631772233075,0,-2.37346182597782,15.8212055183003,-0.0126002527275019
160.623247210871,-165.770487978089,0,-2.37651975200007,15.8212055183003,-0.0137422214427211
160.478790287182,-165.908807164026,0,-2.37861341208549,15.8212055183003,-0.012567573239843
160.33413564003,-166.046918578574,0,-2.38168588301066,15.8035545700255,-0.0137084061016692
160.188831487122,-166.18434748073,0,-2.3840413050493,15.8035545700255,-0.013084008597702
160.043527334215,-166.321776382886,0,-2.38686131825194,15.7782235073462,-0.0132484227153034
159.897450612224,-166.458383378938,0,-2.38994711880966,15.7782235073462,-0.0136052375979144
159.751301076178,-166.594912910958,0,-2.39204445091293,15.7537514846293,-0.0127752298260555
159.604653079759,-166.730905535894,0,-2.39514238950962,15.7537514846293,-0.013922958341167
159.457660436111,-166.866526930642,0,-2.39723370860518,15.7537514846293,-0.0126098720001537
159.310444786779,-167.001905108842,0,-2.40034259537354,15.7391187039966,-0.0138599174916498
159.162611728434,-167.13660992264,0,-2.40262652618312,15.7391187039966,-0.0131318267819894
159.014778670089,-167.271314736438,0,-2.40554621552709,15.713683768566,-0.0133644185122653
158.86616171644,-167.405153849324,0,-2.4086648804717,15.713683768566,-0.013658230971146
158.717491341327,-167.538933965797,0,-2.41075176633745,15.6887016001249,-0.012856650922013
158.568317593432,-167.672151151495,0,-2.41387906881168,15.6887016001249,-0.014055861458154
158.418813391929,-167.80499878502,0,-2.41595780231998,15.6887016001249,-0.0126458440753795
158.269086963856,-167.937594744481,0,-2.41909260308455,15.6742814957193,-0.0139140408129979
158.118752806015,-168.069502443219,0,-2.42138803221187,15.6742814957193,-0.0131740962616908
157.968418648175,-168.201410141957,0,-2.42430409479788,15.6487411764349,-0.0133843320225295
157.817317947067,-168.332438662105,0,-2.42744527707512,15.6487411764349,-0.0137064204469684
157.666158069659,-168.46339931063,0,-2.42951219580751,15.623785246827,-0.0128433896001152
157.514517539022,-168.593801630392,0,-2.43265867398105,15.623785246827,-0.0141429927473838
157.362536532429,-168.723808451886,0,-2.43471559894293,15.623785246827,-0.0126831589899872
157.210360647517,-168.8535859976,0,-2.43786629010438,15.6063571947937,-0.0138703584994811
157.057563442502,-168.982632555631,0,-2.44026470482127,15.6063571947937,-0.0132183125654237
156.904766237488,-169.111679113663,0,-2.44306687956557,15.5807055325379,-0.0133081136932493
156.751248515681,-169.23986706716,0,-2.44622072758335,15.5807055325379,-0.0137571184670029
156.597640370062,-169.367947267032,0,-2.4482592389898,15.5565473993589,-0.0127357593588029
156.443601759114,-169.495507879405,0,-2.4514152163356,15.5565473993589,-0.0141866735747931
156.289188244355,-169.622615969076,0,-2.45344220783764,15.5565473993589,-0.0127286529706472
156.134633453121,-169.749551324678,0,-2.45659929282409,15.5348667693255,-0.0137297661567576
155.979420440894,-169.875681895259,0,-2.45919849450753,15.5348667693255,-0.0132711033238319
155.824207428666,-170.001812465841,0,-2.46177186084069,15.5348667693255,-0.0131370146770574
155.668347782042,-170.127142151746,0,-2.46492906467376,15.554166121583,-0.0138167369868808
155.512341430748,-170.252290137571,0,-2.46693186785569,15.554166121583,-0.0126175264507398
155.355981314474,-170.376994265786,0,-2.47008822313567,15.554166121583,-0.0141072124441088
155.199188055789,-170.501154944066,0,-2.47207830505687,15.5734416150638,-0.0127882918135744
155.042332292027,-170.625236175682,0,-2.47523285530472,15.5734416150638,-0.0134945274232469
154.88475881746,-170.748405165744,0,-2.47813468355321,15.5926932804375,-0.0133381984657795
154.727185342893,-170.871574155806,0,-2.48036201845545,15.5919515609782,-0.0128736320343424
154.569065406468,-170.994039482506,0,-2.48351384797189,15.5919515609782,-0.0138907652716088
154.410718653981,-171.116212744624,0,-2.48547481374739,15.5806439637711,-0.0125911621243402
154.252119674321,-171.238056962584,0,-2.4886230163338,15.5806439637711,-0.0138076594914964
154.093006815022,-171.359230796417,0,-2.49073472099751,15.5806439637711,-0.012867031755122
153.933893955723,-171.48040463025,0,-2.4937140734011,15.5549498978878,-0.0131681682148785
153.774062042488,-171.600628093739,0,-2.49685776406129,15.5549498978878,-0.0134242992660273
153.614190467427,-171.720799136373,0,-2.49878623056383,15.5295390414163,-0.0125556131455861
153.453896669504,-171.840404782004,0,-2.50192456486886,15.5295390414163,-0.0139498296427311
153.293273976583,-171.959570005619,0,-2.50383874239247,15.5295390414163,-0.0125327340281581
153.132523131197,-172.078561357197,0,-2.50697087877736,15.5075135559162,-0.0134188579812051
152.971157112226,-172.196718066365,0,-2.50956301663476,15.5075135559162,-0.0129688085150647
152.809791093254,-172.314874775533,0,-2.51199602664884,15.5075135559162,-0.0127554421321724
152.647852578484,-172.432244482044,0,-2.51512116066501,15.5267479390798,-0.0135330759835063
152.485751206392,-172.549390310676,0,-2.51699937163999,15.5267479390798,-0.0124772198143501
152.323373141179,-172.6661507382,0,-2.5201167195635,15.5267479390798,-0.0136259275334367
152.160544557412,-172.782283646148,0,-2.52204795570755,15.5460574282909,-0.0125269560711113
151.997715973646,-172.898416554096,0,-2.52508910987871,15.5460574282909,-0.0129463922772407
151.834184117081,-173.013556898793,0,-2.52819790250722,15.5653429553249,-0.0130964548391292
151.67063661919,-173.128675168125,0,-2.5300378012554,15.5653429553249,-0.0124093578417827
151.50668288052,-173.243212477424,0,-2.53313731485352,15.5653429553249,-0.013519910732411
151.342424909968,-173.357314708385,0,-2.5349623035805,15.5846046249779,-0.012371026989331
151.178053855713,-173.471253069418,0,-2.53805181524229,15.5846046249779,-0.0130952718939896
151.013093985905,-173.584338176098,0,-2.54064356765263,15.6038425176904,-0.012675952305567
150.848134116096,-173.697423282778,0,-2.54294097686317,15.6038425176904,-0.0123968048139619
150.682656977137,-173.809748833068,0,-2.54601980239058,15.6204633143244,-0.0132516686775053
150.517003901696,-173.921816038783,0,-2.54780441141785,15.6256672361044,-0.0122860467819129
150.351126993912,-174.033550188104,0,-2.55087188489033,15.6256672361044,-0.0132030186064341
150.184789515214,-174.144599020516,0,-2.5529361418934,15.644854635741,-0.0122734122038296
150.018452036515,-174.255647852928,0,-2.55569723793935,15.644854635741,-0.0124914502198721
149.851504135036,-174.365776269534,0,-2.55875271320232,15.6640185009501,-0.0128542349989368
149.684491153006,-174.475806555518,0,-2.56049557107787,15.6640185009501,-0.0121906133483885
149.517160890253,-174.585352042232,0,-2.56353843870009,15.6640185009501,-0.0130219680739802
149.349481391451,-174.694363902511,0,-2.56526662930965,15.6831589801962,-0.0121392105864204
149.181772852546,-174.80333079645,0,-2.56829628450866,15.6831589801962,-0.0125473960989862
149.013435899529,-174.911324640019,0,-2.57119211669219,15.7022761279411,-0.0124761918664289
148.845098946511,-175.019318483587,0,-2.57302605341873,15.7022761279411,-0.0120854878720975
148.676367749604,-175.126693696627,0,-2.57604193630039,15.7022761279411,-0.0127987780501036
148.507382470592,-175.233670214971,0,-2.57772758136937,15.721370029298,-0.0120297166689357
148.338289932008,-175.340476170257,0,-2.58072913576035,15.721370029298,-0.012566645936648
148.168665510855,-175.446436331395,0,-2.58322697060985,15.7404407688638,-0.0121195277941701
147.999041089701,-175.552396492534,0,-2.58538742657229,15.7404407688638,-0.0119723404316177
147.828961015311,-175.657622357636,0,-2.58837413156278,15.7550210416068,-0.0125709385504799
147.658706681785,-175.762567399995,0,-2.59001673817134,15.7698830597538,-0.0119137890797759
147.488281827022,-175.867233953366,0,-2.59298811792837,15.7698830597538,-0.0124863630513185
147.317406841481,-175.971165369772,0,-2.59514311898686,15.7888952025881,-0.0118545030250871
147.146531855939,-176.075096786179,0,-2.59757290327229,15.7888952025881,-0.0118545030250871
146.975154265721,-176.178196335282,0,-2.60052883511895,15.8078844310115,-0.0123430127866671
146.803667842212,-176.281115753043,0,-2.60212882955857,15.8078844310115,-0.0117948801553975
146.631961461443,-176.383666218893,0,-2.60506955012599,15.8078844310115,-0.0122600914070926
146.459872694094,-176.485575277136,0,-2.60693640446633,15.8268509244327,-0.0117353343392022
146.287783926744,-176.58748433538,0,-2.6095820896789,15.8268509244327,-0.0117650600648975
146.115158587885,-176.688481235452,0,-2.6125078565056,15.8457946880243,-0.0120893612590199
145.942476446282,-176.789381572276,0,-2.61406689750552,15.8457946880243,-0.011676230111975
145.769537495603,-176.889839450779,0,-2.61697797761951,15.8457946880243,-0.0120388742318316
145.596270827347,-176.98973270216,0,-2.61861008185838,15.8647158592588,-0.0116179568414258
145.423004159091,-177.089625953541,0,-2.62142104737849,15.8647158592588,-0.0116967317815877
145.249178722546,-177.1885434903,0,-2.62431768692208,15.8836144817869,-0.0118237488572189
145.075336255768,-177.287431289064,0,-2.62583748982271,15.8836144817869,-0.0115606887317952
144.901211591261,-177.385819646492,0,-2.62871995096089,15.8836144817869,-0.0118256191658784
144.7268019371,-177.483703621357,0,-2.63022772128284,15.9024906541721,-0.0115044102373157
144.552380703743,-177.581566825032,0,-2.63309624081053,15.9024906541721,-0.011609790305576
144.377412358786,-177.678448599702,0,-2.63590530794968,15.9213444471888,-0.0115891533084365
144.20244401383,-177.775330374372,0,-2.63744696158322,15.9213444471888,-0.0114491144636948
144.027178493795,-177.871671817037,0,-2.64030179402837,15.9213444471888,-0.0116208212404636
143.851659842485,-177.967553009366,0,-2.64177251103027,15.9401759402471,-0.0113947861359277
143.676111136218,-178.063378810036,0,-2.64461388639317,15.9401759402471,-0.0115053402541181
143.500050453216,-178.15826103124,0,-2.647297709604,15.9589852122881,-0.0113842475636781
143.323989770213,-178.253143252444,0,-2.6489014233969,15.9589852122881,-0.0113414112302077
143.14762635754,-178.347459913148,0,-2.65172958667817,15.9589852122881,-0.0114241460870536
142.971031810052,-178.441344767077,0,-2.65316478496589,15.9777723417888,-0.0112889721563159
142.794397897817,-178.535155071541,0,-2.6559799601006,15.9777723417888,-0.0113545035616849
142.617277547887,-178.628044154003,0,-2.65858437223856,15.996537406765,-0.01123745634299
142.440157197957,-178.720933236464,0,-2.66020674900449,15.996537406765,-0.01123745634299
142.262737057535,-178.8132467645,0,-2.66300917237542,15.996537406765,-0.0112352484366327
142.085098864295,-178.90514166263,0,-2.66441031623796,16.0152804847755,-0.0111868465485323
141.907420252846,-178.996957892986,0,-2.66720020509327,16.0152804847755,-0.0111684704397415
141.729272074729,-179.087860184672,0,-2.66976898279164,16.0340016529259,-0.0111371293777232
141.551123896613,-179.178762476358,0,-2.67136858289769,16.0340016529259,-0.0111371293777232
141.372686487938,-179.269094030642,0,-2.67414616584482,16.0340016529259,-0.0110537961474345
141.194036084857,-179.359005283992,0,-2.67551465229434,16.0527009878722,-0.0110882898884447
141.015351611324,-179.448848371802,0,-2.67828013934856,16.0527009878722,-0.010989751060478
140.836206646806,-179.537770144659,0,-2.68085510961343,16.0713785658242,-0.011040313000452
140.657061682288,-179.626691917515,0,-2.68239234792206,16.0713785658242,-0.011040313000452
140.477644847423,-179.715062162461,0,-2.68514596069567,16.0713785658242,-0.0108794708444983
140.298012890711,-179.802996001955,0,-2.68648312244975,16.0900344625496,-0.0109931858901589
140.118359808611,-179.890886384997,0,-2.68922506324878,16.0900344625496,-0.0108826317719685
139.938248336729,-179.977833827147,0,-2.69184620472469,16.1086687533772,-0.0108822944546508
139.758136864846,-180.064781269296,0,-2.6932832528202,16.1086687533772,-0.0109468933914241
139.577776911913,-180.151210373092,0,-2.69601373698463,16.1086687533772,-0.0107119681088135
139.397193311686,-180.237172942442,0,-2.6973208453787,16.1272815132009,-0.0109014218180335
139.216607372536,-180.323130563734,0,-2.70004006708868,16.1272815132009,-0.0108061646869691
139.035558942585,-180.408109773029,0,-2.70274560612188,16.1458728164826,-0.0107036100688927
138.854510512635,-180.493088982324,0,-2.70404629968041,16.1458728164826,-0.0108567685055121
138.673242295,-180.577596617282,0,-2.70675446867617,16.1458728164826,-0.0105510054691774
138.49173624769,-180.66159396718,0,-2.70816193419789,16.1644427372561,-0.0108128967387587
138.31023020038,-180.745591317078,0,-2.71073003847334,16.1644427372561,-0.0107524979073876
138.128295241766,-180.828655254782,0,-2.71342734232633,16.1829913368289,-0.0105117346330081
137.94633870512,-180.911672233599,0,-2.7146862912668,16.1829913368289,-0.0107697961947457
137.764195696468,-180.994277578324,0,-2.7173729309816,16.1829913368289,-0.0103962702283576
137.58179571605,-181.076315661819,0,-2.71892981009268,16.2015187130059,-0.0107274696335661
137.399395735632,-181.158353745314,0,-2.72129966958018,16.2015187130059,-0.0107206283932726
137.21660923309,-181.239526267437,0,-2.72397582831212,16.2200248993898,-0.0103072237384142
137.033772773843,-181.32058691862,0,-2.72520783820092,16.2255911644866,-0.0106858997598433
136.850787139298,-181.401308661721,0,-2.72787370754612,16.2255911644866,-0.0102475246942216
136.667521087357,-181.481393330703,0,-2.7296138537732,16.2440699529725,-0.0106450649418293
136.484255035416,-181.561477999685,0,-2.73175346426578,16.2440699529725,-0.0106450649418293
136.300648367639,-181.640777525865,0,-2.73440922370358,16.2625277036458,-0.010155260161856
136.116959532098,-181.719887649726,0,-2.73561536598567,16.2793310128612,-0.010604961201351
135.933162195585,-181.798743994859,0,-2.73826119747399,16.2793310128612,-0.0101044991007332
135.749057310235,-181.876880997555,0,-2.74021702261849,16.2977488698993,-0.0105655658074679
135.564952424885,-181.955018000251,0,-2.74209574500031,16.2977488698993,-0.01056557634418
135.380555768712,-182.032462467683,0,-2.74473182484363,16.31231449919,-0.0100157167351759
135.196041493747,-182.109627759972,0,-2.74591312184726,16.3306951572946,-0.0105268867865529
135.011462201768,-182.186636432016,0,-2.74853962216919,16.3306951572946,-0.0100640280968225
134.82654512545,-182.262831411417,0,-2.75074217054231,16.3490551506955,-0.010391810034285
134.641628049132,-182.339026390818,0,-2.75233065961602,16.3490551506955,-0.0104888815926171
134.456470441311,-182.414633261139,0,-2.7549477540148,16.3490551506955,-0.00988149209733197
134.271157081606,-182.489859311911,0,-2.756105181391,16.3673945489343,-0.0104515555643685
134.085824463592,-182.565037564087,0,-2.75871303198821,16.3673945489343,-0.0101065550592497
133.90012126977,-182.639296057233,0,-2.76119205031637,16.3857134211631,-0.0101429772630207
133.714418075949,-182.71355455038,0,-2.76246218786283,16.3857134211631,-0.0104148920180243
133.528527471585,-182.787340817407,0,-2.76506096598936,16.3857134211631,-0.00975236791349634
133.342440825791,-182.860633110706,0,-2.76638959779846,16.404011836148,-0.0103788800000497
133.156354179996,-182.933925404005,0,-2.76878531269159,16.404011836148,-0.0101669060885801
132.96991867,-183.006325170542,0,-2.77137517293064,16.4222898452789,-0.00988393944639242
132.783454888786,-183.078652608594,0,-2.77249414776113,16.4239477688257,-0.0103435093445676
132.59685821662,-183.150634806765,0,-2.77507525437635,16.4239477688257,-0.00962812425231969
132.41002355245,-183.221998721067,0,-2.77673152119045,16.442203633124,-0.0103087629379298
132.22318888828,-183.293362635369,0,-2.77876019168968,16.442203633124,-0.0102443475951575
132.036066627576,-183.363967755783,0,-2.78133269620204,16.4604392100944,-0.00961511825266943
131.848867270298,-183.434369464816,0,-2.78243020174808,16.4786546474284,-0.0102746269756236
131.661590484998,-183.504563678194,0,-2.78499425776017,16.4786546474284,-0.00963955622981142
131.474032563283,-183.574004487537,0,-2.78700463085485,16.4968499717132,-0.0101100851830484
131.286474641569,-183.643445296879,0,-2.78864124408262,16.4968499717132,-0.0102411014080105
131.098690994134,-183.71227160778,0,-2.79119700216024,16.4968499717132,-0.00943397411930003
130.910780576886,-183.780752810236,0,-2.79227386261605,16.5150252494271,-0.0102081726781077
130.722848708497,-183.849174681982,0,-2.79482146562884,16.5150252494271,-0.00974575538056789
130.534591806231,-183.91669755773,0,-2.79721134342568,16.5331805466829,-0.00982350209026027
130.346334903965,-183.984220433478,0,-2.79843189848591,16.5331805466829,-0.0101758233994256
130.157914338438,-184.05128333599,0,-2.80097149637842,16.5331805466829,-0.00932160602079126
129.969316904627,-184.117849152744,0,-2.80229053103334,16.5513159292309,-0.0101440443567723
129.780719470817,-184.184414969498,0,-2.80456022409148,16.5513159292309,-0.0098672051498034
129.591822037728,-184.250123908123,0,-2.80709195230312,16.5694314409256,-0.00952822526180848
129.402889970124,-184.315733921314,0,-2.80813544264964,16.5818191882039,-0.0101128263367652
129.213856105035,-184.38104839118,0,-2.81065944409845,16.5818191882039,-0.00929452816285744
129.024595246955,-184.445703844151,0,-2.81240198046896,16.5999014331498,-0.0100010516749717
128.835334388875,-184.510359297122,0,-2.81421374138457,16.5999014331498,-0.0100033063498978
128.645840976887,-184.574328372074,0,-2.81673014960283,16.6150728704464,-0.00922468507809924
128.456257118476,-184.638030496292,0,-2.81775502886421,16.6331189645912,-0.0100522513863177
128.266632765012,-184.701611094182,0,-2.82026397562637,16.6331189645912,-0.00944197204265554
128.076731644471,-184.76436110946,0,-2.82245268048756,16.651145500843,-0.00969091574563536
127.88683052393,-184.827111124739,0,-2.82378509317026,16.651145500843,-0.0100237955333337
127.696763451966,-184.889354669767,0,-2.82628671242069,16.651145500843,-0.00904565010628633
127.506550756759,-184.951153784504,0,-2.82745591119408,16.6691525426533,-0.00999762284979034
127.316338061553,-185.012952899241,0,-2.82978809836413,16.6691525426533,-0.00960689272343393
127.125839326399,-185.07386407529,0,-2.83228252006164,16.687140139527,-0.00937780388794573
126.935320693536,-185.134713483931,0,-2.8332773852827,16.6961029949401,-0.00997449395340923
126.744701519738,-185.195245377028,0,-2.83576515353087,16.6961029949401,-0.00906861167823051
126.553882488312,-185.255146105286,0,-2.83742028234101,16.7140616014675,-0.00984070351469079
126.363063456887,-185.315046833544,0,-2.83923720487037,16.7140616014675,-0.00979499026788085
126.172028477746,-185.374253616968,0,-2.84171989141981,16.7300461960129,-0.00906527102814226
125.980914370742,-185.43320612416,0,-2.84269905196847,16.7479684057716,-0.00994011816238615
125.789763609044,-185.492038748532,0,-2.8451784345595,16.7479684057716,-0.00927390994239856
125.598359521475,-185.550042845471,0,-2.84734441124945,16.7658714572409,-0.0095303726736585
125.406955433906,-185.608046942411,0,-2.84862877022869,16.7658714572409,-0.00993008977024731
125.215403568775,-185.665559008354,0,-2.85110651355912,16.7658714572409,-0.00883667462552943
125.023714394423,-185.722613898031,0,-2.85229989031486,16.7837554117285,-0.00992556930782581
124.832025220071,-185.779668787709,0,-2.85454871618728,16.7837554117285,-0.00950925191774599
124.640081569787,-185.835860893794,0,-2.85702635670953,16.8016203118406,-0.00922446483172154
124.448112027162,-185.891965213631,0,-2.85798443471554,16.815122051423,-0.00992680533367992
124.256061348829,-185.947789337387,0,-2.86046339764387,16.815122051423,-0.0090183423710338
124.063816006034,-186.002941202031,0,-2.86221308833996,16.8329536803335,-0.00969630016184992
123.87157066324,-186.058093066676,0,-2.86389521222159,16.8329536803335,-0.00977677492356637
123.679141381495,-186.112597712002,0,-2.86637679597924,16.843004015148,-0.0089194456665935
123.48662468003,-186.166794756731,0,-2.86732160561554,16.8608061567142,-0.00994509989400222
123.294092361893,-186.220935795238,0,-2.86980698641118,16.8608061567142,-0.00930292914906274
123.101308639432,-186.274175220046,0,-2.87214700908138,16.8785895220629,-0.00939244955573108
122.90852491697,-186.327414644855,0,-2.87323256442841,16.8785895220629,-0.00996119701815619
122.715626648391,-186.380235227986,0,-2.87572280455203,16.8785895220629,-0.00883678387253062
122.522580160532,-186.432513842403,0,-2.877127481734,16.8963541704798,-0.00986674577551357
122.329533672674,-186.484792456819,0,-2.87914915439065,16.8963541704798,-0.00961662236542528
122.136277753382,-186.536289992889,0,-2.88164518342049,16.914100126921,-0.00907864616063012
121.942972694391,-186.587604261552,0,-2.88257085360881,16.9318275181242,-0.0100047940660092
121.74962175395,-186.638743930144,0,-2.88507348294041,16.9318275181242,-0.0091637302597925
121.55606227647,-186.689090019145,0,-2.88712478903578,16.9495363683939,-0.00954907632918852
121.362502798991,-186.739436108146,0,-2.8884972061258,16.9495363683939,-0.00995863542121168
121.168806463721,-186.789250563125,0,-2.89100712267081,16.9495363683939,-0.00878863489457915
120.974996697447,-186.838624387129,0,-2.89214461428924,16.9672267357841,-0.0100182606897909
120.781186931173,-186.887998211132,0,-2.89443335002706,16.9672267357841,-0.00951754480562509
120.587153392181,-186.936484310991,0,-2.89695110904957,16.9848986595301,-0.00920903552221452
120.393097461462,-186.984881581085,0,-2.89785386992273,16.9997037011786,-0.0100913010493579
120.198976976992,-187.033017200276,0,-2.90037990870247,16.9997037011786,-0.00908046347084344
120.004679017336,-187.08043347252,0,-2.90223220094941,17.0173419172285,-0.00966805585458971
119.81038105768,-187.127849744764,0,-2.90380234424444,17.0173419172285,-0.00989809059394882
119.61593574431,-187.174655490251,0,-2.90633696715976,17.0173419172285,-0.0088724363665401
119.421399917756,-187.221086214852,0,-2.90730143910343,17.0349618704552,-0.0101223567731011
119.226864091202,-187.267516939453,0,-2.90976069215521,17.0349618704552,-0.00947093888018968
119.032102329381,-187.31299026163,0,-2.91230407289815,17.0525636101906,-0.00928175229866795
118.837332838687,-187.358430832654,0,-2.91317585986619,17.0619619155687,-0.0101910136981121
118.642492547727,-187.403564397134,0,-2.91572805435482,17.0619619155687,-0.00904664562855075
118.44749364934,-187.448010202646,0,-2.91749258141983,17.0795358370278,-0.00971849902472984
118.252494750952,-187.492456008159,0,-2.91914211445402,17.0795358370278,-0.00988795393058249
118.057350870878,-187.536258126049,0,-2.92170304147612,17.0795358370278,-0.00896180602520341
117.862126886627,-187.579704598554,0,-2.92261442776402,17.0970916944467,-0.0101462960011763
117.666902902376,-187.623151071059,0,-2.92511429138461,17.0970916944467,-0.00947299541349082
117.471464206504,-187.665620922993,0,-2.92768374103224,17.1146295373161,-0.00926398116798198
117.276019533987,-187.708063590021,0,-2.92851244590438,17.1253092917478,-0.0102902347901384
117.080511188319,-187.750209359657,0,-2.93109009154058,17.1253092917478,-0.00906060899492664
116.884850309918,-187.791643894327,0,-2.93290861032105,17.1428182729102,-0.00966593563456134
116.689189431517,-187.833078428998,0,-2.93448133363454,17.1428182729102,-0.00992701380684042
116.493399814565,-187.873897187861,0,-2.93706671380127,17.1428182729102,-0.0090447377429849
116.297527305067,-187.914319459233,0,-2.93807936241947,17.1603093893445,-0.010054092616347
116.101654795569,-187.954741730604,0,-2.94044834207795,17.1603093893445,-0.00952460846434726
115.905593173765,-187.994235473441,0,-2.94304087047691,17.1777826771249,-0.00912012521730293
115.709513706533,-188.033641596443,0,-2.94381086149696,17.1952382275598,-0.0103753664356696
115.513391729741,-188.072833314501,0,-2.94640983750724,17.1952382275598,-0.00912543549239644
115.31711008142,-188.111219699224,0,-2.94846236266181,17.2126760761519,-0.00947375311455768
115.120828433098,-188.149606083948,0,-2.949757138587,17.2126760761519,-0.0100187717760326
114.924448705389,-188.18748392969,0,-2.9523617380602,17.2126760761519,-0.00910951037658845
114.727969759106,-188.224847329797,0,-2.95367155277357,17.2300962766472,-0.00980839367987454
114.531490812824,-188.262210729905,0,-2.95569025907802,17.2300962766472,-0.00963144074456635
114.334863085516,-188.298780472925,0,-2.95829953917212,17.24663754484,-0.00912511490926498
114.138191832578,-188.335118032939,0,-2.95899252909443,17.2640234766721,-0.0101220683752555
113.941513241352,-188.371415286448,0,-2.9616054365751,17.2640234766721,-0.00924884250591126
113.744654781416,-188.406724587655,0,-2.96411592035794,17.2813919174089,-0.00913706939089981
113.54779632148,-188.442033888863,0,-2.96488213866455,17.2907112461155,-0.0101395600290802
113.350884541366,-188.477041375987,0,-2.96749751928089,17.2907112461155,-0.00914499685789522
113.153844081105,-188.511320480705,0,-2.96934667417948,17.3080529059899,-0.00937269786104045
112.956803620844,-188.545599585422,0,-2.97074443647868,17.3080529059899,-0.00980345553441517
112.759668774087,-188.579327609599,0,-2.97336102564613,17.3080529059899,-0.00914854614358828
112.562451624358,-188.612575103528,0,-2.97457984359911,17.3253772079151,-0.00961392063168561
112.365234474628,-188.645822597457,0,-2.9765737469024,17.3253772079151,-0.00944267858802502
112.167886798565,-188.678283283696,0,-2.97919018340891,17.3407077421463,-0.0091473941170881
111.970498370114,-188.71049831611,0,-2.97981271011668,17.3579994526597,-0.00977590623785811
111.773109941662,-188.742713348524,0,-2.98236413955979,17.3579994526597,-0.00914120596551411
111.575559758958,-188.773920710328,0,-2.9849789718047,17.3752739490465,-0.00914120596551411
111.37800555671,-188.80510303183,0,-2.98549777488829,17.3925312937598,-0.00962734407782868
111.180423423496,-188.836105346545,0,-2.98810947388378,17.3925312937598,-0.00912969726218476
110.982709039485,-188.866255344144,0,-2.99026576662213,17.4097715322291,-0.00912969726218476
110.784994655474,-188.896405341743,0,-2.99119649175562,17.4097715322291,-0.00946327345265109
110.587225108312,-188.926187158326,0,-2.99380344623754,17.4097715322291,-0.00911260437233859
110.389356213319,-188.955305887595,0,-2.99547966745173,17.4269947152231,-0.00911261490905072
110.191487318326,-188.984424616864,0,-2.99683910993226,17.4269947152231,-0.00928360785143816
109.993540652126,-189.013005159056,0,-2.99943963921077,17.4269947152231,-0.00908970112408011
109.795522986117,-189.041094373149,0,-3.00068071723362,17.4442008932601,-0.00908970112408011
109.597505320108,-189.069183587241,0,-3.00241920957535,17.4442008932601,-0.00908837226968093
109.399391773522,-189.096584046167,0,-3.00501157263567,17.4442008932601,-0.00906075813429665
109.20123113498,-189.123646221481,0,-3.00586543565791,17.4613901166091,-0.00891291809597772
109.003070496438,-189.150708396796,0,-3.00793035169982,17.4613901166091,-0.0090256041877484
108.80480020945,-189.176951916534,0,-3.01051275582161,17.4785623986111,-0.00902561472446052
108.606502443714,-189.202990274849,0,-3.01103023838263,17.4957178624411,-0.00869364231064837
108.408204677977,-189.229028633164,0,-3.01336613076227,17.4957178624411,-0.00898410125162986
108.209787648562,-189.254140278175,0,-3.01593674046453,17.5128565021306,-0.00898410125162986
108.011358635283,-189.279158805095,0,-3.0161714549684,17.5299784045565,-0.00845991773084284
107.812929622004,-189.304177332016,0,-3.01872022741349,17.5299784045565,-0.00893611193922765
107.614375662564,-189.328184036441,0,-3.02127717366115,17.5470835992543,-0.00893611193922765
107.415821302431,-189.352187496024,0,-3.02144506916589,17.5641721364606,-0.00821234832115431
107.217259435741,-189.376127509222,0,-3.02398646083324,17.5641721364606,-0.00888156280875904
107.018585636582,-189.399121454681,0,-3.02636812875845,17.5812440640365,-0.00888156280875904
106.819911837423,-189.42211540014,0,-3.02663491151512,17.5982994303205,-0.00795166528902974
106.621226037047,-189.445003309215,0,-3.02915884005108,17.5982994303205,-0.00882040261464563
106.422438699482,-189.466994089643,0,-3.03141598279082,17.6153382834171,-0.0088203920779335
106.223651361917,-189.488984870071,0,-3.03172706197882,17.6323606711983,-0.0076787212638405
106.02485065237,-189.510851939118,0,-3.03423161365907,17.6323606711983,-0.00875260245371294
105.825955655138,-189.531846702184,0,-3.03642508273326,17.6493666413053,-0.00875260245371294
105.627060657906,-189.552841465249,0,-3.03671605175693,17.66635624115,-0.00747820702113364
105.428153730456,-189.573720453489,0,-3.03919931733674,17.66635624115,-0.00859449596162397
105.229156915582,-189.593727144112,0,-3.04139161072448,17.6833295179166,-0.0085983277477429
105.030160100707,-189.613733834735,0,-3.04159673448251,17.7002865185629,-0.00740748346822247
104.831155278977,-189.633658867258,0,-3.04405681863605,17.7002865185629,-0.00836970134151304
104.632062436916,-189.652686222302,0,-3.04631177675566,17.7172272898222,-0.00846378125610823
104.432969594855,-189.671713577346,0,-3.04636432792828,17.7341518782044,-0.00733520948542526
104.233874803928,-189.690720002398,0,-3.04879935850619,17.7341518782044,-0.00810451026286882
104.034691658848,-189.70877754144,0,-3.05118183730176,17.7510603299977,-0.00835389667057759
103.835508513768,-189.726835080481,0,-3.05118183730173,17.7679526912703,-0.0072571615161701
103.636325368689,-189.744892619522,0,-3.05342258908156,17.7679526912703,-0.00779900381506733
103.437063448582,-189.762057327035,0,-3.05583072804449,17.7848289952177,-0.00826913687590625
103.237795643917,-189.779155339324,0,-3.05599811342101,17.801689312791,-0.00717298966156709
103.038527839253,-189.796253351614,0,-3.05792256805901,17.801689312791,-0.00745347552819131
102.83919605102,-189.812584246182,0,-3.06030196898726,17.8185336472594,-0.00820975710827882
102.639849137003,-189.82873379328,0,-3.06075691111099,17.8353621028146,-0.00708227796094667
102.440502222984,-189.844883340379,0,-3.06229550943863,17.8353621028146,-0.00708227796094667
102.241107054383,-189.860419342846,0,-3.06464396411213,17.8353621028146,-0.00816197919846455
102.041686486662,-189.875632402033,0,-3.06545381460556,17.852174694936,-0.00698455314974745
101.842265918941,-189.890845461221,0,-3.06653749652359,17.852174694936,-0.00698455314974745
101.642813379602,-189.905626228069,0,-3.06885241715743,17.852174694936,-0.00774362722759238
101.4433245155,-189.919915843164,0,-3.07008364969589,17.8689714684006,-0.00696300241685632
101.243835651399,-189.93420545826,0,-3.07064462037716,17.8845808688794,-0.00687930966591108
101.044331265204,-189.948271222278,0,-3.07292328009232,17.8845808688794,-0.00726005474904224
100.844779350651,-189.961651558529,0,-3.07464096473499,17.9013472357666,-0.0069934790517514
100.645227436098,-189.975031894779,0,-3.07464096473499,17.9180979139943,-0.00676600759958314
100.445675521545,-189.98841223103,0,-3.07685291993199,17.9180979139943,-0.00676600759958315
100.246066390878,-190.000909637857,0,-3.07909250044009,17.9348329454768,-0.0070222851700191
100.046456545638,-190.013396017771,0,-3.07912012547736,17.9515523780581,-0.00664429158309483
99.8468467003979,-190.025882397685,0,-3.08063825001071,17.9515523780581,-0.00664430211980696
99.6472002754005,-190.037762630633,0,-3.08283587969247,17.9623001182935,-0.00666822869485762
99.4475374775706,-190.049371556628,0,-3.08351538030685,17.9789940079985,-0.00651405167179409
99.2478746797408,-190.060980482623,0,-3.08427684785966,17.9828878304646,-0.00651405167179409
99.0481948568967,-190.072285297514,0,-3.08642962290017,17.9828878304646,-0.00631421671073541
98.8484839271058,-190.083034461299,0,-3.08782092582659,17.9995626258827,-0.00637523486912799
98.648772997315,-190.093783625084,0,-3.08782092582666,18.0162219880604,-0.00637523486912799
98.4490620675242,-190.104532788869,0,-3.08987208350747,18.0162219880604,-0.00637523486912799
98.2493087659973,-190.114462585003,0,-3.09197710689162,18.0328659560949,-0.00581536260201548
98.0495543517474,-190.124370863749,0,-3.09203097212982,18.049494579918,-0.00622792017035573
97.8497999374975,-190.134279142494,0,-3.09316250775611,18.049494579918,-0.00622792017035573
97.6500240288658,-190.143735317559,0,-3.09521692734345,18.049494579918,-0.00546886716593505
97.4502305894261,-190.15282275707,0,-3.0961398070138,18.06610789823,-0.00606396658781738
97.2504371499865,-190.161910196581,0,-3.09630110872944,18.0827059532164,-0.00607227167618412
97.0506409078829,-190.170933176197,0,-3.09830213500351,18.0827059532164,-0.00569153712976509
96.8508127001258,-190.179220961463,0,-3.10014185837416,18.0992887868692,-0.00533077811722955
96.6509844923688,-190.187508746728,0,-3.10014185837401,18.115856440988,-0.00590852131478316
96.4511562846118,-190.195796531994,0,-3.10123406568601,18.115856440988,-0.00590852131478316
96.2513108219109,-190.203647775142,0,-3.10317901531317,18.115856440988,-0.00488294296690364
96.0514518874426,-190.211158188793,0,-3.10403175400525,18.1324089571818,-0.00546052630230602
95.8515929529743,-190.218668602444,0,-3.10403175400517,18.1489463768696,-0.00573700424957853
95.6517340185061,-190.226179016095,0,-3.10590145578625,18.1489463768696,-0.00517122483891852
95.4518484093763,-190.232942025324,0,-3.10778776787094,18.1654687402561,-0.00470978410552028
95.2519625632717,-190.239698394694,0,-3.10780437805738,18.181976090437,-0.00551238180916017
95.0520767171671,-190.246454764064,0,-3.10847416447082,18.1921874539638,-0.00547749172422349
94.8521823091614,-190.252943355553,0,-3.11029943857322,18.1921874539638,-0.00455763001172028
94.6522731305648,-190.258969989172,0,-3.11145492343679,18.2086705819002,-0.00467475049771896
94.452363951968,-190.264996622792,0,-3.11145492343672,18.2251388022192,-0.00537243946816025
94.2524547733713,-190.271023256411,0,-3.11266395403459,18.2251388022192,-0.00482634544018209
94.0525318737708,-190.27656647252,0,-3.11442596324492,18.2400219101977,-0.00439997535141584
93.852602698568,-190.281888587019,0,-3.11497893950133,18.2564618501092,-0.00461554628142604
93.6526735233653,-190.287210701518,0,-3.11497893950126,18.2728869991715,-0.00518043763322123
93.4527443481625,-190.292532816017,0,-3.11658413512615,18.2728869991715,-0.00424558722928541
93.2527991759605,-190.297213051849,0,-3.11828085286496,18.289297392415,-0.00423728214091867
93.052853091674,-190.30185669035,0,-3.11837237448029,18.3056930791543,-0.00449099853937802
92.8529070073876,-190.306500328852,0,-3.11860661530176,18.3220740940593,-0.00464785949432068
92.6529589002909,-190.311050292773,0,-3.12023623467003,18.3220740940593,-0.00407011629676708
92.4529987432854,-190.315042235954,0,-3.12163161215168,18.3384404764473,-0.00407012683347921
92.25303858628,-190.319034179136,0,-3.12163161215175,18.3547922654602,-0.00430648417926581
92.0530784292745,-190.323026122317,0,-3.12206275360489,18.3711295000661,-0.00417554217216773
91.8531150992285,-190.326845638006,0,-3.12362369949553,18.3711295000661,-0.00389906422489521
91.6531434542597,-190.330213309082,0,-3.12475350241214,18.3874522190596,-0.00389907476160734
91.4531718092909,-190.333580980157,0,-3.12475350241214,18.4037604610634,-0.00406799432161306
91.2532001643222,-190.336948651233,0,-3.1252609347245,18.419537774518,-0.0037704604724758
91.0532254042032,-190.340113373201,0,-3.12675187701207,18.419537774518,-0.00372469965184695
90.8532446062838,-190.342884738123,0,-3.12773538549918,18.4358176338045,-0.00372469965184695
90.6532638083645,-190.345656103044,0,-3.12773538549918,18.4520831297417,-0.00366497341367519
90.4532830104451,-190.348427467965,0,-3.12820809978529,18.4683343002799,-0.00354764863760281
90.2532998608497,-190.351009761719,0,-3.12962796254192,18.4683343002799,-0.00354763810089068
90.0533119993541,-190.35321322591,0,-3.13057510974115,18.4845711832029,-0.00354763810089068
89.8533241378585,-190.355416690101,0,-3.13057510974122,18.5007938161285,-0.00333206717088047
89.653336276363,-190.357620154291,0,-3.13091294863778,18.5170022365095,-0.00327682174308994
89.4533471081835,-190.359688489175,0,-3.1322609156458,18.5170022365095,-0.00336855278238512
89.2533540330641,-190.361352792116,0,-3.13327104283723,18.5331964816352,-0.00336855278238512
89.0533609579446,-190.363017095058,0,-3.1332710428373,18.5493765886322,-0.00311482584721365
88.8533678828252,-190.364681398,0,-3.13338583130168,18.5655425944651,-0.00291652162697244
88.6533744841842,-190.366299786665,0,-3.13466134844601,18.5655425944651,-0.00318807061206634
88.4533778141305,-190.36745389562,0,-3.13582207678619,18.5816945359377,-0.00318806007535421
88.253381144077,-190.368608004576,0,-3.13582207678612,18.5978324496942,-0.00295170272956761
88.0533844740234,-190.369762113531,0,-3.13582207678613,18.6139563722197,-0.00253203542195804
87.8533878039698,-190.370916222487,0,-3.13684138950285,18.6139563722197,-0.00300683802885049
87.6533892715156,-190.371662610673,0,-3.13804416468007,18.6300663338188,-0.00300684856556262
87.4533904038551,-190.372335614783,0,-3.13822762669099,18.6461623827127,-0.0028379290055569
87.2533915361947,-190.373008618892,0,-3.13822762669099,18.6622445488877,-0.0023328756877664
87.0533926685342,-190.373681623002,0,-3.13881452722027,18.6745810144622,-0.00262419315130457
86.8533932761784,-190.374119867465,0,-3.1399445261204,18.6885566891282,-0.00282554649002008
86.6533933982875,-190.374340873384,0,-3.14048762377075,18.7046024048297,-0.00276815224219315
86.4533935203966,-190.374561879303,0,-3.14048762377089,18.7206343675304,-0.00218777751111212
86.2533936425057,-190.374782885221,0,-3.14059543703956,18.7366526125335,-0.00218777751111212
86.0533937625624,-190.374960765813,0,3.14153243041952,18.7366526125335,-0.00263716754748897
85.853393864542,-190.374758795967,0,3.14058280418409,18.7526571749915,-0.00264474565237899
85.6533939665216,-190.37455682612,0,3.14058280418409,18.7686480899067,-0.00213509972837434
85.4533940685011,-190.374354856273,0,3.14058280418409,18.7846253921328,-0.00204336868907915
85.2533941704807,-190.374152886426,0,3.1400001694975,18.7967371103222,-0.00215899910473535
85.0533947374469,-190.373717863163,0,3.13901482784927,18.8126905495468,-0.00246510143142658
84.8533956258035,-190.373121757597,0,3.13861212135008,18.8286304789543,-0.00217165099654881
84.6533965141601,-190.372525652032,0,3.13861212135022,18.8445569253566,-0.00190010201145492
84.4533974025167,-190.371929546467,0,3.13861212135015,18.8604699229104,-0.00190010201145492
84.2533982908733,-190.371333440901,0,3.13771334118079,18.8604699229104,-0.00207790113245246
84.0534005793346,-190.370377826043,0,3.13679940476739,18.8763695051951,-0.0022332307740374
83.853402891406,-190.369416148741,0,3.13678424854811,18.8922557069467,-0.00175840709372069
83.6534052034775,-190.368454471438,0,3.13678424854804,18.908128561459,-0.00175839655700856
83.4534075155489,-190.367492794135,0,3.13655298778041,18.9239881023176,-0.00175839655700856
83.2534103504381,-190.366438613987,0,3.13570954332911,18.9341441309556,-0.00194713085895054
83.0534145693073,-190.36513956438,0,3.13509735988405,18.9499818989834,-0.00182007136854612
82.8534187881765,-190.363840514773,0,3.13509735988398,18.9658064413776,-0.00161871802983062
82.6534230070458,-190.362541465166,0,3.13509735988412,18.9816177912158,-0.00161871802983062
82.4534272259149,-190.361242415559,0,3.13474176174052,18.9974159814381,-0.00161872856654275
82.2534324787642,-190.359801130444,0,3.13396769090527,19.0132010401518,-0.00177718642458127
82.0534389484141,-190.358192460761,0,3.13354921844414,19.0289730094199,-0.00148904971799145
81.8534454180641,-190.356583791078,0,3.13354921844414,19.0447319170743,-0.00148147161310142
81.6534518877142,-190.354975121395,0,3.13354921844407,19.0604777955126,-0.0014814610763893
81.4534583573642,-190.353366451712,0,3.13317172885186,19.0762106769985,-0.00148145053967717
81.2534661481266,-190.351606791967,0,3.13246572321358,19.0919305897653,-0.00146280955768784
81.0534750886063,-190.349715730896,0,3.13213720734269,19.1076375736096,-0.00134696703700976
80.853484029086,-190.347824669826,0,3.13213720734269,19.123331656498,-0.00134697757372188
80.6534929695658,-190.345933608755,0,3.13213720734269,19.139012870167,-0.00134697757372188
80.4535019100455,-190.344042547684,0,3.13182029168597,19.1546812462233,-0.00134697757372188
80.2535121301924,-190.342024726806,0,3.13118086929898,19.1703368129454,-0.00118352388969304
80.0535236525818,-190.339877909856,0,3.13085836269949,19.1859796080828,-0.00121559691138924
79.8535351749712,-190.337731092906,0,3.13085836269949,19.2016096596553,-0.00121560744810137
79.6535466973608,-190.335584275957,0,3.13085836269949,19.2172269987573,-0.00121560744810137
79.4535582197502,-190.333437459007,0,3.13066438385969,19.232831656357,-0.00121560744810137
79.2535706195857,-190.331213055478,0,3.13008990644342,19.2484236609962,-0.00102686260944726
79.0535847405722,-190.328836462285,0,3.1297094079516,19.264003047996,-0.00100801213361919
78.8535988615587,-190.326459869092,0,3.12970940795153,19.2795698456474,-0.00108762456617556
78.6536129825453,-190.324083275899,0,3.1297094079516,19.2951240844208,-0.00108763510288769
78.4536271035317,-190.321706682706,0,3.12968071707553,19.3106657946638,-0.00108763510288769
78.2536413667589,-190.319318614043,0,3.12916940756283,19.3250380176469,-0.000929177244849171
78.0536580226619,-190.316737512766,0,3.12868678894035,19.3405556896253,-0.000788053229350775
77.8536746785649,-190.314156411489,0,3.12868678894035,19.3560609211559,-0.00096330989545323
77.653691334468,-190.311575310213,0,3.12868678894035,19.3715537421111,-0.00096330989545323
77.453707990371,-190.308994208936,0,3.12868678894035,19.387034182244,-0.000963320432165358
77.2537246462742,-190.30641310766,0,3.12839597396834,19.4025022711891,-0.000866330998498485
77.0537428557698,-190.30371569077,0,3.12794593410276,19.4179580370319,-0.000676081729197471
76.8537619158769,-190.300954589617,0,3.12778670925086,19.4334015120342,-0.000746389077158197
76.6537809759841,-190.298193488464,0,3.12778670925086,19.4488327240462,-0.000842867292733175
76.4538000360912,-190.295432387311,0,3.12778670925093,19.4642517022343,-0.000842856756021048
76.2538190961984,-190.292671286158,0,3.12774645062431,19.4796584756492,-0.000828511319052341
76.053838384914,-190.289894083176,0,3.12735567865719,19.4950530727926,-0.000587202010500974
75.853859664018,-190.286976688994,0,3.12700516532801,19.5104355233552,-0.000587202010500974
75.6538809431221,-190.284059294812,0,3.12700516532808,19.5258058556106,-0.000670320065009723
75.4539022222261,-190.28114190063,0,3.12700516532794,19.5411640981544,-0.000726487087929754
75.2539235013302,-190.278224506448,0,3.12700516532794,19.5565102794696,-0.000726476551217626
75.0539447804342,-190.275307112266,0,3.12686452956529,19.5718444279276,-0.000581069053911952
74.853966898882,-190.27233347004,0,3.1265309373636,19.5871665709575,-0.000501456621355579
74.6539901689346,-190.269282653837,0,3.12633798094267,19.6024767383725,-0.000501446084643451
74.454013438987,-190.266231837634,0,3.1263379809426,19.6177749573807,-0.000571803298292877
74.2540367090396,-190.263181021431,0,3.12633798094267,19.6330612559131,-0.00061432578652841
74.054059979092,-190.260130205228,0,3.12633798094267,19.6483356617917,-0.000594196472239771
73.8540832491445,-190.257079389025,0,3.12617174483857,19.6635982027307,-0.000418950342849443
73.6541075520298,-190.253962086403,0,3.12589317468071,19.6788489057675,-0.000418950342849443
73.4541325528517,-190.250799855583,0,3.12578084063726,19.6940877995409,-0.000418950342849443
73.2541575536738,-190.247637624763,0,3.12578084063733,19.7093149108747,-0.000462388301838914
73.0541825544958,-190.244475393943,0,3.12578084063734,19.7245302670565,-0.000506549468058938
72.8542075553177,-190.241313163123,0,3.12578084063733,19.7397338952689,-0.000436231583386084
72.6542325561398,-190.238150932303,0,3.12564012621344,19.7549258225898,-0.000339753367811105
72.4542584596101,-190.234932422952,0,3.12541436680927,19.7701060756301,-0.000339753367811105
72.2542849086232,-190.231679899985,0,3.1253293218344,19.7852746819868,-0.000339753367811105
72.0543113576361,-190.228427377018,0,3.12532932183441,19.8004316680639,-0.000353017029488018
71.8543378066491,-190.225174854051,0,3.1253293218344,19.8155770605266,-0.000403208684465308
71.6543642556622,-190.221922331084,0,3.1253293218344,19.8307108859382,-0.000320090629956559
71.4543907046751,-190.218669808118,0,3.12524244592106,19.8458331707607,-0.000263923607036528
71.2544177249074,-190.215382539481,0,3.12506724767534,19.8609439411237,-0.000263934143748656
71.0544453258691,-190.212059946685,0,3.12497892534558,19.876043223752,-0.000263934143748656
70.8544729268308,-190.208737353889,0,3.12497892534557,19.8911310445751,-0.000263934143748656
70.6545005277926,-190.205414761093,0,3.12497892534572,19.9062074296552,-0.000294564636900968
70.4545281287543,-190.202092168297,0,3.12497892534579,19.9212724049559,-0.000234030515778683
70.2545557297161,-190.198769575502,0,3.1249523980211,19.9363259963429,-0.000191497490831023
70.0545835083032,-190.195436373263,0,3.12482548738535,19.951368229504,-0.000191497490831023
69.8546119590513,-190.192063023326,0,3.12472510407509,19.9663991302704,-0.000191486954118895
69.6546404097995,-190.188689673389,0,3.12472510407516,19.9814187241363,-0.000191497490831023
69.4546688605475,-190.185316323453,0,3.12472510407494,19.9964270365799,-0.000194000930260689
69.2546973112957,-190.181942973516,0,3.12472510407494,20.0114240929841,-0.000166652554839101
69.0547257620437,-190.17856962358,0,3.12472510407509,20.0264099186365,-0.000122491388619077
68.8547542127918,-190.175196273643,0,3.12466384308919,20.0413845387304,-0.000122491388619077
68.6547830788317,-190.171798422831,0,3.12458293593026,20.0563479783289,-0.000122480851906949
68.4548120780541,-190.168392714679,0,3.12456328975755,20.0713002625096,-0.000122491388619077
68.2548410772766,-190.164987006527,0,3.12456328975741,20.086241416149,-0.000122491388619077
68.054870076499,-190.161581298375,0,3.12456328975734,20.1011714640669,-0.0001085118893649
67.8548990757214,-190.158175590223,0,3.12456328975748,20.1160904309913,-5.69032522635057e-05
67.6549280749439,-190.154769882071,0,3.12455828285784,20.1309983415582,-5.69032522635057e-05
67.4549571083448,-190.151362171451,0,3.12452109679211,20.1458952203079,-5.69032522635057e-05
67.2549863614101,-190.147941591038,0,3.12448891762589,20.1607810917044,-5.6892715551378e-05
67.0550156144753,-190.144521010626,0,3.12448891762582,20.175655980107,-5.69032522635057e-05
66.8550448675405,-190.141100430214,0,3.12448891762589,20.19051990979,-5.69032522635057e-05
66.6550741206058,-190.137679849801,0,3.12448891762596,20.2053729049386,-1.85736375562182e-05
66.4551033736711,-190.134259269389,0,3.12448891762589,20.220214989649,5.28592961385714e-06
66.2551326267363,-190.130838688977,0,3.12449034930403,20.2350461879291,5.27539290172942e-06
66.0551618700097,-190.127418681152,0,3.12449461496005,20.2498665236989,5.26485618960169e-06
65.8551910939001,-190.123999806753,0,3.124497448938,20.264676020791,5.26485618960169e-06
65.6552203177907,-190.120580932354,0,3.124497448938,20.2794747029508,5.27539290172942e-06
65.4552495416811,-190.117162057954,0,3.12449744893801,20.2942625938372,7.78936904352311e-06
65.2552787655715,-190.113743183555,0,3.124497448938,20.3090397170231,3.12969139562899e-05
65.0553079894621,-190.110324309156,0,3.124497448938,20.3238060959954,6.41103798277831e-05
64.8553372133525,-190.106905434757,0,3.12451284718514,20.3385617541561,6.41103798277831e-05
64.6553663322214,-190.103492718761,0,3.12455631838531,20.3533067148093,6.41103798277831e-05
64.4553952596225,-190.100091230314,0,3.12458439133837,20.3680410012132,6.41103798277831e-05
64.2554241870236,-190.096689741867,0,3.12458439133829,20.3827646365036,6.41103798277831e-05
64.0554531144248,-190.093288253419,0,3.12458439133836,20.3974776437456,6.33945422505184e-05
63.8554820418259,-190.089886764972,0,3.12458439133836,20.4121800459212,6.19775601264147e-05
63.655510969227,-190.086485276525,0,3.12458439133829,20.4268718659295,0.000109230233781116
63.4555398966281,-190.083083788078,0,3.12459922726849,20.4415531265876,0.000119603903796443
63.2555687235781,-190.079688233153,0,3.12467969012998,20.4562238506019,0.000119593367084315
63.0555971061817,-190.076318925239,0,3.12474531706106,20.4708840606832,0.00011961444050857
62.8556254887851,-190.072949617325,0,3.12474531706106,20.4855337793755,0.000119603903796443
62.6556538713887,-190.069580309411,0,3.12474531706106,20.5001730291706,0.000111894245529339
62.4556822539921,-190.066211001498,0,3.12474531706099,20.5148018324802,9.78577708864055e-05
62.2557106365955,-190.062841693584,0,3.12474531706099,20.5294202116361,0.000116597668281974
62.0557390191991,-190.05947238567,0,3.12474531706106,20.5440281888906,0.000171423248445545
61.8557674018025,-190.056103077756,0,3.12483982240873,20.5586257864171,0.000171423248445545
61.655795151927,-190.05277156669,0,3.12495507509601,20.5732130262529,0.000171423248445545
61.4558227631994,-190.049448353398,0,3.12497582243524,20.5877899305287,0.000171423248445545
61.2558503744718,-190.046125140105,0,3.12497582243531,20.6023565211259,0.000163994750388533
61.0558779857442,-190.042801926813,0,3.12497582243531,20.6169128199054,0.00013118128451704
60.8559055970166,-190.039478713521,0,3.12497582243524,20.631458848651,0.00013118128451704
60.6559332082891,-190.036155500229,0,3.12497582243524,20.6459946290698,0.000173342076472977
60.4559608195615,-190.032832286937,0,3.12501330223004,20.6605201827926,0.000218555446415862
60.2559881839323,-190.029524063529,0,3.12516041211213,20.6750355312548,0.000218555446415862
60.0560148261051,-190.026259686209,0,3.12527004219806,20.6895406961742,0.000218555446415862
59.8560414682778,-190.022995308888,0,3.12527004219785,20.7040356988354,0.00021856598312799
59.6560681104506,-190.019730931568,0,3.12527004219799,20.7185205605673,0.00017130277276116
59.4560947526233,-190.016466554247,0,3.12527004219807,20.7329953026245,0.000160929102745834
59.256121394796,-190.013202176927,0,3.12527004219792,20.7474599461874,0.000160929102745834
59.0561480369688,-190.009937799606,0,3.12527004219799,20.7619145123625,0.000210271460270282
58.8561746791415,-190.006673422286,0,3.1253543848536,20.7763590221831,0.000260082812370852
58.6562007765572,-190.003442777629,0,3.12552915425042,20.7907934963892,0.00026009334908298
58.4562262899195,-190.000248298953,0,3.12561958098897,20.8052179563084,0.00026009334908298
58.2562518032819,-189.997053820276,0,3.1256195809889,20.8196324225357,0.000241353451687411
58.0562773166443,-189.993859341599,0,3.12561958098904,20.8340369158139,0.000186538408235968
57.8563028300066,-189.990664862922,0,3.12561958098911,20.8484314568146,0.000186538408235968
57.6563283433691,-189.987470384246,0,3.12561958098897,20.8628160661378,0.000186538408235968
57.4563538567314,-189.984275905569,0,3.12561958098897,20.8771907643126,0.000218703071389924
57.2563793700937,-189.981081426892,0,3.1257182867755,20.8915555717974,0.000295590527158835
57.0564042606577,-189.977926425618,0,3.12591659419231,20.9059105086983,0.000295601063870962
56.8564285227708,-189.974811260037,0,3.12601619581861,20.920255595898,0.00029561160058309
56.656452784884,-189.971696094457,0,3.12601619581861,20.9345908533628,0.000253440271915026
56.4564770469971,-189.968580928876,0,3.12601619581869,20.948916301272,0.000208216365260013
56.2565013091101,-189.965465763295,0,3.12601619581861,20.9632319597361,0.000208216365260013
56.0565255712233,-189.962350597715,0,3.12601619581861,20.9775378487967,0.000208216365260013
55.8565498333364,-189.959235432134,0,3.12601619581868,20.9918339884275,0.000208216365260013
55.6565740954496,-189.956120266554,0,3.12608054621796,21.0061203985338,0.000310230143778797
55.4565979622517,-189.953030838097,0,3.12629865045615,21.0203970986713,0.000325490684425777
55.2566208845287,-189.950002903921,0,3.12645240429087,21.0346641091753,0.000325490684425777
55.0566438068058,-189.946974969745,0,3.12645240429094,21.0489214494669,0.000276137790189202
54.8566667290827,-189.943947035569,0,3.12645240429094,21.0631691391829,0.000226336974800759
54.6566896513598,-189.940919101394,0,3.12645240429087,21.0774071978938,0.000226336974800759
54.4567125736368,-189.937891167218,0,3.12645240429088,21.0916356451041,0.000226336974800759
54.2567354959137,-189.934863233042,0,3.12645240429094,21.1058545002525,0.000226336974800759
54.0567584181908,-189.931835298866,0,3.12645240429094,21.1200637827121,0.000253371103926051
53.8567813404678,-189.92880736469,0,3.1266564107739,21.1342635117912,0.000350300287862096
53.6568030464444,-189.925861024042,0,3.12689093834727,21.1484537065563,0.000350310824574224
53.456824570452,-189.922926890472,0,3.12692145943478,21.1626343865398,0.00031813562470814
53.2568460944597,-189.919992756903,0,3.12692145943491,21.1768055706793,0.000241258705651357
53.0568676184675,-189.917058623334,0,3.12692145943491,21.1909672780257,0.000241248168939229
52.8568891424751,-189.914124489765,0,3.12692145943477,21.2051195275659,0.000241248168939229
52.6569106664829,-189.911190356195,0,3.12692145943477,21.2192623382236,0.000241248168939229
52.4569321904906,-189.908256222626,0,3.12692145943485,21.2333957288597,0.000241258705651357
52.2569537144982,-189.905322089057,0,3.12697552769593,21.247519718272,0.000284724440108767
52.0569749265804,-189.902409580543,0,3.12722345432813,21.2616343249003,0.000370573084424269
51.8569950202729,-189.899574607309,0,3.12741731269419,21.2757395680098,0.000370562547712141
51.6570151139654,-189.896739634076,0,3.12741731269426,21.2898354659161,0.000268559305905485
51.4570352076578,-189.893904660842,0,3.12741731269426,21.3039220371691,0.000253298765258505
51.2570553013503,-189.891069687609,0,3.12741731269426,21.3179993002575,0.000253298765258505
51.0570753950428,-189.888234714375,0,3.12741731269426,21.3320672736089,0.000253298765258505
50.8570954887353,-189.885399741142,0,3.12741731269419,21.3461259755905,0.000253298765258505
50.6571155824278,-189.882564767908,0,3.12741731269419,21.3601754245085,0.000253298765258505
50.4571356761203,-189.879729794675,0,3.1275042441602,21.3742156386095,0.000282787311227381
50.2571552859082,-189.876929590661,0,3.12776287291726,21.3882466356611,0.000386767511775117
50.0571739399425,-189.87419805891,0,3.12793457020066,21.4022684346278,0.000359733382649825
49.8571925939766,-189.871466527159,0,3.12793457020052,21.4162810531583,0.00026280419871378
49.6572112480109,-189.868734995407,0,3.12793457020052,21.4302845092609,0.000262793662001652
49.4572299020451,-189.866003463656,0,3.12793457020066,21.4442788208852,0.000262793662001652
49.2572485560792,-189.863271931905,0,3.12793457020059,21.4582640059224,0.000262793662001652
49.0572672101135,-189.860540400154,0,3.12793457020059,21.4722400822054,0.000262783125289524
48.8572858641476,-189.857808868403,0,3.12793457020059,21.4862070675088,0.000262783125289524
48.6573045181819,-189.855077336651,0,3.12799354729338,21.50016497955,0.000262783125289524
48.4573228563171,-189.852369393623,0,3.1282604847891,21.5141138356463,0.000381596491485557
48.2573400805545,-189.849744627294,0,3.12846844518548,21.5280536540847,0.000355883279975802
48.0573573047919,-189.847119860965,0,3.12846844518548,21.5419844520682,0.000270034635660299
47.8573745290293,-189.844495094636,0,3.12846844518548,21.5559062470857,0.000270034635660299
47.6573917532667,-189.841870328307,0,3.12846844518548,21.5698190565695,0.000270034635660299
47.4574089775041,-189.839245561978,0,3.12846844518542,21.5837228978957,0.000270034635660299
47.2574262017414,-189.836620795649,0,3.12846844518541,21.5976177883846,0.000270034635660299
47.0574434259789,-189.83399602932,0,3.12846844518541,21.6115037453008,0.000270034635660299
46.8574606502162,-189.831371262991,0,3.12846844518548,21.6253807858532,0.000270034635660299
46.6574778744537,-189.828746496662,0,3.12870607191596,21.6392489271959,0.000309065653016212
46.4574938772209,-189.826216773176,0,3.12897920369687,21.6531081861941,0.000379279056805881
46.257509697482,-189.823701250536,0,3.12901470874269,21.6669585803597,0.000275298856258146
46.0575255177431,-189.821185727895,0,3.12901470874276,21.6808001264488,0.000275298856258146
45.8575413380042,-189.818670205255,0,3.12901470874276,21.6946328413971,0.000275298856258146
45.6575571582653,-189.816154682615,0,3.12901470874262,21.7084567420861,0.000275298856258146
45.4575729785264,-189.813639159975,0,3.12901470874276,21.722271845344,0.000275298856258146
45.2575887987874,-189.811123637334,0,3.12901470874276,21.7360781679452,0.000275298856258146
45.0576046190486,-189.808608114694,0,3.12901470874269,21.749875726611,0.000275309392970274
44.8576204393096,-189.806092592054,0,3.12909277077656,21.7636645380098,0.000275288319546018
44.6576358755003,-189.803608291865,0,3.12937023671356,21.777444618328,0.00033881355155183
44.4576503306102,-189.801203747201,0,3.12956964060821,21.7912159849868,0.000296560094604065
44.2576647857202,-189.798799202536,0,3.1295696406082,21.8049786540676,0.000278807571656411
44.0576792408302,-189.796394657871,0,3.12956964060813,21.8187326420291,0.000278807571656411
43.8576936959401,-189.793990113207,0,3.1295696406082,21.8324779652779,0.000278797034944283
43.6577081510502,-189.791585568542,0,3.1295696406082,21.8462146401693,0.000278797034944283
43.4577226061601,-189.789181023877,0,3.12956964060821,21.8599426830069,0.000278786498232156
43.2577370612701,-189.786776479212,0,3.12956964060827,21.8736621100433,0.000278786498232156
43.0577515163801,-189.784371934548,0,3.1295696406082,21.8873729374803,0.000278775961520028
42.8577659714901,-189.781967389883,0,3.12969669106805,21.9010751814687,0.000278775961520028
42.6577798298404,-189.779613661899,0,3.12997686135239,21.9147688575764,0.000293993435421673
42.4577929689824,-189.777321177617,0,3.130129981166,21.9284539829191,0.000280769086980049
42.2578061081244,-189.775028693336,0,3.13012998116607,21.942130572964,0.000280769086980049
42.0578192472665,-189.772736209055,0,3.130129981166,21.9557986436613,0.000280769086980049
41.8578323864085,-189.770443724774,0,3.13012998116607,21.9694582109118,0.000280769086980049
41.6578455255506,-189.768151240492,0,3.13012998116607,21.9831092905667,0.000280769086980049
41.4578586646926,-189.765858756211,0,3.13012998116607,21.9967518984281,0.000280769086980049
41.2578718038346,-189.76356627193,0,3.13012998116607,22.0103860502491,0.000280769086980049
41.0578849429767,-189.761273787648,0,3.130129981166,22.0240117617341,0.000280779623692176
40.8578980821187,-189.758981303367,0,3.13023847814445,22.0376290485388,0.000280790160404304
40.6579107360195,-189.756732215165,0,3.13051993033052,22.0512379257601,0.000228100360419648
40.4579226163962,-189.754552304717,0,3.13069288552758,22.064838409979,0.000281453696096866
40.2579344967729,-189.752372394269,0,3.13069288552765,22.0784305161957,0.000281453696096866
40.0579463771497,-189.750192483821,0,3.13069288552765,22.0920142598741,0.000281453696096866
39.8579582575264,-189.748012573374,0,3.13069288552758,22.1055896564304,0.000281464232808994
39.6579701379033,-189.745832662926,0,3.13069288552765,22.1191567212334,0.000281474769521122
39.45798201828,-189.743652752478,0,3.13069288552758,22.1327154696048,0.000281485306233249
39.2579938986567,-189.74147284203,0,3.13069288552765,22.1462659168195,0.000281474769521122
39.0580057790336,-189.739292931582,0,3.13069288552772,22.1598080781058,0.000281485306233249
38.8580176594103,-189.737113021135,0,3.1307145563886,22.1733419686452,0.000281485306233249
38.658029447746,-189.734941778543,0,3.13099605374302,22.1868676034209,0.000227236814975692
38.4580401325392,-189.732874460687,0,3.13125588023333,22.2003849978266,0.000214816622539782
38.2580508173323,-189.730807142831,0,3.1312558802334,22.2138941667535,0.000280994883692632
38.0580615021256,-189.728739824976,0,3.13125588023333,22.2273951251991,0.000280984346980505
37.8580721869188,-189.72667250712,0,3.13125588023326,22.2408878881156,0.000280984346980505
37.658082871712,-189.724605189264,0,3.13125588023333,22.2543724704096,0.000280984346980505
37.4580935565052,-189.722537871408,0,3.13125588023333,22.2678488869429,0.000280984346980505
37.2581042412984,-189.720470553553,0,3.1312558802334,22.2813171525322,0.000280973810268377
37.0581149260916,-189.718403235697,0,3.13125588023333,22.2947772819494,0.000280963273556249
36.8581256108848,-189.716335917841,0,3.13125588023326,22.3082292899218,0.000280963273556249
36.6581362956781,-189.714268599985,0,3.13140399504569,22.3216731911325,0.000270117304822966
36.4581463846863,-189.712260525059,0,3.13168446638587,22.3351089996938,0.000140204059897479
36.2581559412968,-189.710305390063,0,3.13181682290269,22.3485367312538,0.000243184330963574
36.0581654979073,-189.708350255067,0,3.13181682290262,22.3619563998368,0.000279464581051864
35.8581750545177,-189.706395120071,0,3.13181682290255,22.37536801995,0.000279464581051864
35.6581846111282,-189.704439985075,0,3.13181682290269,22.3887716060574,0.000279443507627608
35.4581941677386,-189.702484850079,0,3.1318168229027,22.4021671725795,0.000279443507627608
35.258203724349,-189.700529715083,0,3.13181682290262,22.4155547338941,0.000279454044339736
35.0582132809596,-189.698574580087,0,3.13181682290269,22.4289343043356,0.000279443507627608
34.85822283757,-189.696619445091,0,3.13181682290262,22.442305898196,0.000279443507627608
34.6582323941805,-189.694664310095,0,3.13181682290262,22.4556695297246,0.000279443507627608
34.4582419507909,-189.692709175099,0,3.13202278344041,22.4690252131284,0.000205396635458724
34.2582507249847,-189.690836420602,0,3.13230130448651,22.4823729621734,0.000139218374305874
34.0582592235309,-189.688992688997,0,3.13237386498658,22.4957127917803,0.000237452157341386
33.858267722077,-189.687148957392,0,3.13237386498644,22.5090447156308,0.000277117077258026
33.6582762206232,-189.685305225786,0,3.13237386498651,22.5223687477642,0.000277117077258026
33.4582847191693,-189.683461494181,0,3.13237386498658,22.5356849021783,0.000277127613970153
33.2582932177154,-189.681617762576,0,3.13237386498644,22.5489931928294,0.000277138150682281
33.0583017162616,-189.679774030971,0,3.13237386498658,22.5622936336328,0.000277127613970153
32.8583102148077,-189.677930299366,0,3.13237386498658,22.5755862384627,0.000277127613970153
32.6583187133539,-189.676086567761,0,3.13237386498651,22.5888710211526,0.000277138150682281
32.4583272119,-189.674242836156,0,3.13237386498651,22.6021479954952,0.000277138150682281
32.2583357104461,-189.67239910455,0,3.13257031147366,22.6154171752428,0.000174157879616186
32.0583435062723,-189.670633948398,0,3.13284608780806,22.6286785736942,0.000137877629527896
31.8583510183232,-189.668900522912,0,3.13292541764665,22.6419322053478,0.000198938948006174
31.6583585303741,-189.667167097426,0,3.13292541764672,22.655178083422,0.000274063930896567
31.4583660424249,-189.665433671941,0,3.1329254176468,22.6684162215089,0.000274063930896567
31.2583735544757,-189.663700246455,0,3.1329254176468,22.6816466331606,0.000274063930896567
31.0583810665267,-189.661966820969,0,3.13292541764672,22.6948693318901,0.000274074467608695
30.8583885785775,-189.660233395484,0,3.13292541764665,22.7080843311708,0.000274074467608695
30.6583960906284,-189.658499969998,0,3.13292541764672,22.7212916444371,0.000274085004320822
30.4584036026793,-189.656766544512,0,3.13292541764673,22.7344912850841,0.000274074467608695
30.2584111147301,-189.655033119027,0,3.13292541764672,22.7476832664684,0.000274063930896567
30.058418626781,-189.653299693541,0,3.13304754028116,22.7608676019076,0.000175840684573182
29.8584257287545,-189.651615115388,0,3.13331989181191,22.7740443041975,0.000136175764656543
29.6584323262723,-189.649990626673,0,3.13347012069837,22.7872133875459,0.000136175764656543
29.4584389237901,-189.648366137958,0,3.13347012069837,22.8003748646716,0.000263619158097571
29.2584455213078,-189.646741649242,0,3.1334701206983,22.8135287487392,0.000270338673127023
29.0584521188257,-189.645117160527,0,3.13347012069823,22.8266750528751,0.000270349209839151
28.8584587163434,-189.643492671811,0,3.13347012069823,22.839813790168,0.000270349209839151
28.6584653138613,-189.641868183096,0,3.1334701206983,22.8529449736692,0.000270349209839151
28.458471911379,-189.64024369438,0,3.1334701206983,22.8660686163921,0.000270349209839151
28.2584785088967,-189.638619205665,0,3.1334701206983,22.8791847313131,0.000270349209839151
28.0584851064146,-189.63699471695,0,3.1334701206983,22.8922933313714,0.000270359746551278
27.8584917039323,-189.635370228234,0,3.13347012069823,22.905394429469,0.000209298428073001
27.6584983014502,-189.633745739519,0,3.13372502855849,22.9184880384713,0.000134183981894735
27.4585040981387,-189.632223210801,0,3.13399337545285,22.931574171117,0.000134194518606863
27.2585098526065,-189.630706057531,0,3.13400681448504,22.9446528403774,0.000163176260757623
27.0585156070745,-189.629188904261,0,3.13400681448504,22.9577240589184,0.000266119529496017
26.8585213615424,-189.627671750991,0,3.13400681448504,22.970787839459,0.000266130066208145
26.6585271160103,-189.626154597721,0,3.13400681448504,22.9838441946825,0.000266119529496017
26.4585328704782,-189.624637444451,0,3.13400681448504,22.9968931372357,0.000266119529496017
26.258538624946,-189.623120291181,0,3.13400681448511,23.00993467973,0.000266130066208145
26.058544379414,-189.621603137911,0,3.13400681448511,23.0229688347406,0.000266130066208145
25.8585501338818,-189.620085984641,0,3.13400681448504,23.0359956148077,0.000266130066208145
25.6585558883498,-189.618568831371,0,3.13400681448504,23.0490150324355,0.000266130066208145
25.4585616428177,-189.6170516781,0,3.13406477796469,23.0620271000933,0.000138686672767117
25.2585672275238,-189.615557709601,0,3.13432862798509,23.0750318299048,0.000131967157737665
25.0585722092359,-189.614146093508,0,3.13453451451954,23.0880292348896,0.000131967157737665
24.8585771909479,-189.612734477414,0,3.13453451451947,23.1010193271015,0.000165760129104218
24.65858217266,-189.611322861321,0,3.1345345145194,23.1140021188698,0.000261435701917069
24.458587154372,-189.609911245227,0,3.13453451451947,23.1269776224893,0.000261425165204941
24.258592136084,-189.608499629134,0,3.13453451451954,23.1399458502201,0.000261425165204941
24.0585971177961,-189.60708801304,0,3.13453451451954,23.1529068142883,0.000261414628492813
23.8586020995081,-189.605676396947,0,3.13453451451954,23.1658605268857,0.000261425165204941
23.6586070812202,-189.604264780853,0,3.13453451451954,23.1788070001698,0.000261425165204941
23.4586120629322,-189.60285316476,0,3.13453451451954,23.1917462462644,0.000261414628492813
23.2586170446441,-189.601441548666,0,3.13453451451947,23.2046782772595,0.000232432886342054
23.0586220263562,-189.600029932573,0,3.13460210046055,23.2176031052113,0.000129500154315787
22.8586268242575,-189.598645350231,0,3.13486103754999,23.2305207418086,0.000129489617603659
22.6586311017488,-189.597337306577,0,3.13505238869152,23.2434311997089,0.000129489617603659
22.45863537924,-189.596029262923,0,3.13505238869159,23.256334490534,0.000139352253228374
22.2586396567312,-189.594721219268,0,3.13505238869159,23.2692306262068,0.000256326656806011
22.0586439342225,-189.593413175614,0,3.13505238869152,23.2821196186172,0.000256326656806011
21.8586482117137,-189.59210513196,0,3.13505238869159,23.2950014796222,0.000256326656806011
21.658652489205,-189.590797088305,0,3.13505238869159,23.307876221046,0.000256337193518139
21.4586567666962,-189.589489044651,0,3.13505238869152,23.3207438546801,0.000256326656806011
21.2586610441874,-189.588181000997,0,3.13505238869152,23.3336043922837,0.000256326656806011
21.0586653216787,-189.586872957342,0,3.13505238869152,23.3464578455833,0.000256326656806011
20.8586695991699,-189.585564913688,0,3.13505238869145,23.3593042262735,0.000222533685439459
20.6586738766613,-189.584256870034,0,3.13507211395771,23.3721435460165,0.000126858112626608
20.4586781045509,-189.58295671633,0,3.13532578803315,23.3849758163241,0.000126868649338735
20.2586817441483,-189.581750140299,0,3.13555973683998,23.3978010490316,0.000126879186050863
20.0586853837458,-189.580543564268,0,3.13555973683991,23.410619255587,0.000126868649338735
19.8586890233431,-189.579336988238,0,3.13555973683991,23.4234304475254,0.000210511165823889
19.6586926629406,-189.578130412207,0,3.13555973683984,23.4362346363502,0.000250917023804785
19.458696302538,-189.576923836176,0,3.13555973683984,23.4490318335334,0.000250917023804785
19.2586999421353,-189.575717260145,0,3.13555973683998,23.4618220505156,0.000250917023804785
19.0587035817328,-189.574510684114,0,3.13555973683998,23.4746052987066,0.000250906487092657
18.8587072213302,-189.573304108083,0,3.13555973683998,23.4873815894846,0.000250917023804785
18.6587108609277,-189.572097532053,0,3.13555973683991,23.5001509341975,0.000250917023804785
18.458714500525,-189.570890956022,0,3.13555973683991,23.5129133441618,0.000241064924892198
18.2587181401224,-189.569684379991,0,3.13555973683991,23.5256688306637,0.00012409052131456
18.0587217797199,-189.56847780396,0,3.1357270429418,23.5384174049587,0.00012409052131456
17.8587250321866,-189.56733814925,0,3.13597516076277,23.5511590779273,0.00012409052131456
17.6587280976626,-189.566230818685,0,3.13605597247514,23.5638938614533,0.000124079984602432
17.4587311631385,-189.565123488119,0,3.13605597247514,23.5766217663565,0.000130810832722141
17.2587342286144,-189.564016157554,0,3.13605597247507,23.5893428037713,0.000245238484617113
17.0587372940904,-189.562908826988,0,3.13605597247507,23.6020569848019,0.000245238484617113
16.8587403595663,-189.561801496423,0,3.13605597247507,23.6147643205228,0.000245238484617113
16.6587434250423,-189.560694165858,0,3.13605597247507,23.6274648219786,0.000245238484617113
16.4587464905182,-189.559586835292,0,3.13605597247507,23.6401585001843,0.000245238484617113
16.2587495559941,-189.558479504727,0,3.13605597247507,23.6528453661254,0.000245238484617113
16.0587526214701,-189.557372174161,0,3.13605597247507,23.6655254307577,0.00024524902132924
15.858755686946,-189.556264843596,0,3.13605597247514,23.6781987050079,0.000161606504844086
15.658758752422,-189.555157513031,0,3.13606943415465,23.6908651997735,0.000121190110151063
15.4587617893896,-189.554055567062,0,3.13631175114088,23.7035249258447,0.000121190110151063
15.2587643417022,-189.553045161931,0,3.13654060644639,23.7161778942169,0.000121190110151063
15.0587668940149,-189.552034756801,0,3.13654060644653,23.7288241156223,0.000121190110151063
14.8587694463275,-189.55102435167,0,3.13654060644639,23.7414636008427,0.000147996512360316
14.6587719986401,-189.550013946539,0,3.13654060644639,23.7540963606309,0.000239336051765184
14.4587745509527,-189.549003541409,0,3.13654060644646,23.7667224057113,0.000239325515053056
14.2587771032653,-189.547993136278,0,3.13654060644639,23.7793417467797,0.000239325515053056
14.0587796555779,-189.546982731148,0,3.13654060644646,23.7919543945036,0.000239325515053056
13.8587822078905,-189.545972326017,0,3.13654060644646,23.8045603595223,0.000239325515053056
13.6587847602032,-189.544961920887,0,3.13654060644639,23.8171596524468,0.000239325515053056
13.4587873125157,-189.543951515756,0,3.13654060644639,23.8297522838602,0.000232594666933348
13.2587898648283,-189.542941110626,0,3.13654060644639,23.8423382643175,0.000118167015038376
13.058792417141,-189.541930705495,0,3.13659424032072,23.8549176043461,0.000118167015038376
12.8587948661393,-189.540941753666,0,3.13683055327623,23.867490314199,0.000118167015038376
12.6587969632456,-189.54002587262,0,3.13701323235277,23.8800564048409,0.000118167015038376
12.4587990603518,-189.539109991573,0,3.13701323235277,23.8926158864697,0.000118167015038376
12.258801157458,-189.538194110527,0,3.13701323235277,23.9051687695022,0.000140537407702238
12.0588032545643,-189.537278229481,0,3.1370132323527,23.917715064328,0.000233226765688398
11.8588053516705,-189.536362348435,0,3.1370132323527,23.9302547813094,0.00023321622897627
11.6588074487768,-189.535446467389,0,3.13701323235277,23.9427879307816,0.000233226765688398
11.4588095458829,-189.534530586342,0,3.13701323235277,23.9553145230528,0.000233226765688398
11.2588116429891,-189.533614705296,0,3.13701323235277,23.967834568404,0.000233226765688398
11.0588137400954,-189.53269882425,0,3.13701323235277,23.9803480770898,0.00023321622897627
10.8588158372016,-189.531782943204,0,3.1370132323527,23.9928550593376,0.00020639929005489
10.6588179343079,-189.530867062157,0,3.13701323235277,24.0053555253486,0.000115059750650021
10.4588200314141,-189.529951181111,0,3.13705799421423,24.017849485297,0.000115059750650021
10.2588220506477,-189.529053204641,0,3.13728813479259,24.0303369491238,0.000115059750650021
10.0588237473769,-189.528229378953,0,3.13747351350567,24.042817927365,0.000115059750650021
9.85882544410596,-189.527405553266,0,3.13747351350553,24.0552924299088,0.000115059750650021
9.65882714083513,-189.526581727579,0,3.1374735135056,24.0677604668242,0.000115059750650021
9.45882883756419,-189.525757901892,0,3.13747351350567,24.0802220481545,0.000223020320453351
9.25883053429325,-189.524934076205,0,3.1374735135056,24.0926771839168,0.000226974206762155
9.05883223102242,-189.524110250518,0,3.13747351350567,24.1051258841024,0.000226974206762155
8.85883392775148,-189.523286424831,0,3.13747351350567,24.1175681586769,0.000226974206762155
8.65883562448065,-189.522462599143,0,3.1374735135056,24.13000401758,0.000226974206762155
8.45883732120971,-189.521638773456,0,3.13747351350567,24.1424334707259,0.000226974206762155
8.25883901793877,-189.520814947769,0,3.1374735135056,24.1548565280034,0.000204593277386166
8.05884071466794,-189.519991122082,0,3.1374735135056,24.1672731992756,0.000111903919400006
7.858842411397,-189.519167296395,0,3.13747351350567,24.1796834943807,0.000111903919400006
7.65884410812617,-189.518343470708,0,3.13768943464649,24.1920874231313,0.000111903919400006
7.45884546842407,-189.517606012821,0,3.13791326352652,24.2044849952726,0.000111914456112133
7.25884681640075,-189.516871718006,0,3.13792117126489,24.2168762206519,0.000111914456112133
7.05884816437755,-189.51613742319,0,3.13792117126489,24.2292611089644,0.000111924992824261
6.85884951235423,-189.515403128375,0,3.13792117126496,24.2416396699229,0.000171114449523474
6.65885086033103,-189.51466883356,0,3.13792117126489,24.254011913215,0.000220625821243185
6.45885220830771,-189.513934538745,0,3.13792117126489,24.2663778485042,0.000220625821243185
6.2588535562844,-189.513200243929,0,3.13792117126496,24.278737485429,0.000220636357955313
6.0588549042612,-189.512465949114,0,3.13792117126489,24.2910908336035,0.000220636357955313
5.85885625223788,-189.511731654299,0,3.13792117126482,24.3034379026173,0.000220625821243185
5.65885760021468,-189.510997359483,0,3.13792117126482,24.3157787020358,0.000220625821243185
5.45885894819136,-189.510263064668,0,3.13792117126489,24.3281132413999,0.000112675788151983
5.25886029616805,-189.509528769853,0,3.13792117126489,24.3404415302265,0.000108721901843179
5.05886164414484,-189.508794475037,0,3.1380395501767,24.3527635780085,0.000108721901843179
4.85886282856573,-189.508107531505,0,3.1382569518361,24.3650793939259,0.000108732438555307
4.65886387617399,-189.507460196833,0,3.13835597457853,24.377388988001,0.000108732438555307
4.45886492378213,-189.506812862161,0,3.13835597457853,24.389692369366,0.000108732438555307
4.25886597139028,-189.506165527489,0,3.1383559745786,24.4019895474183,0.000108742975267435
4.05886701899853,-189.505518192817,0,3.13835597457853,24.4142805315313,0.000208025009279876
3.85886806660668,-189.504870858145,0,3.13835597457853,24.4265653310553,0.000214181975424615
3.65886911421494,-189.504223523473,0,3.1383559745786,24.4388439553165,0.000214181975424615
3.45887016182308,-189.503576188801,0,3.13835597457853,24.4511164136182,0.000214171438712487
3.25887120943122,-189.502928854129,0,3.13835597457846,24.4633827152402,0.000214171438712487
3.05887225703948,-189.502281519457,0,3.13835597457853,24.4756428694388,0.000214171438712487
2.85887330464763,-189.501634184785,0,3.1383559745786,24.4878968854475,0.000154981982013274
2.65887435225588,-189.500986850113,0,3.13835597457853,24.5001447724766,0.000105481147005691
2.45887539986403,-189.500339515441,0,3.13835597457853,24.5123865397132,0.000105481147005691
2.25887644747217,-189.499692180769,0,3.13855453864667,24.5246221963216,0.000105481147005691
2.05887725475465,-189.49912427136,0,3.138765416643,24.5368517513836,0.000105481147005691
1.85887804713324,-189.498561287499,0,3.13877773057008,24.5490752141374,0.000105491683717819
1.65887883951195,-189.497998303639,0,3.13877773057008,24.5612925936193,0.000105491683717819
1.45887963189054,-189.497435319779,0,3.13877773057015,24.5735038989025,0.000122235490285453
1.25888042426913,-189.496872335918,0,3.13877773057022,24.585709139038,0.000207617511103029
1.05888121664783,-189.496309352058,0,3.13877773057022,24.5979083230541,0.000207617511103029
0.85888200902642,-189.495746368197,0,3.13877773057022,24.610101459957,0.000207606974390901
0.658882801405125,-189.495183384337,0,3.13877773057022,24.6222885587302,0.000207606974390901
0.458883593783715,-189.494620400476,0,3.13877773057015,24.6344696283353,0.000207617511103029
0.258884386162305,-189.494057416616,0,3.13877773057022,24.6466446777117,0.000207596437678773
0.0588851785410093,-189.493494432756,0,3.13877773057015,24.6588137157767,0.000108303866954204
-0.1411140290804,-189.492931448895,0,3.13877773057015,24.6709767514255,0.000102146900809465
-0.341113236701696,-189.492368465035,0,3.13881123925812,24.6831337935315,0.000102146900809465
-0.541112479314853,-189.491818884604,0,3.13901551198814,24.6952848508073,0.000102146900809465
-0.741111900249881,-189.491337609556,0,3.13918627602793,24.7074299323606,0.000102146900809465
-0.941111321184795,-189.490856334508,0,3.13918627602793,24.7195690468606,0.000102146900809465
-1.14111074211982,-189.49037505946,0,3.13918627602786,24.7317022030937,0.000102157437521593
-1.34111016305474,-189.489893784412,0,3.13918627602793,24.7438294098248,0.000123926669928997
-1.54110958398977,-189.489412509364,0,3.139186276028,24.7559506757973,0.000200945308463164
-1.74110900492479,-189.488931234317,0,3.13918627602793,24.7680660097334,0.000200934771751037
-1.94110842585971,-189.488449959269,0,3.13918627602793,24.7801754203337,0.000200934771751037
-2.14110784679474,-189.487968684221,0,3.13918627602786,24.7922789162778,0.000200934771751037
-2.34110726772965,-189.487487409173,0,3.13918627602793,24.8043765062239,0.000200934771751037
-2.54110668866468,-189.487006134125,0,3.139186276028,24.8164681988092,0.000184180428471275
-2.74110610959971,-189.486524859077,0,3.13918627602786,24.8285540026501,9.87984076536994e-05
-2.94110553053462,-189.486043584029,0,3.13918627602786,24.8406339263415,9.87984076536994e-05
-3.14110495146965,-189.485562308981,0,3.13922983556672,24.852707978458,9.87984076536994e-05
-3.34110441088992,-189.485098457707,0,3.13942743238374,24.8647761673911,9.87984076536994e-05
-3.54110400640403,-189.484696221192,0,3.13958146965932,24.8768385019974,9.87984076536994e-05
-3.74110360191813,-189.484293984677,0,3.13958146965939,24.888894990627,9.88089443658271e-05
-3.94110319743212,-189.483891748162,0,3.13958146965932,24.9009456417715,9.88194810779548e-05
-4.14110279294622,-189.483489511647,0,3.13958146965939,24.9129904639017,0.000110270204288916
-4.34110238846021,-189.483087275132,0,3.13958146965946,24.9250294654682,0.00019424831359486
-4.54110198397431,-189.482685038617,0,3.13958146965932,24.937062654901,0.000194258850306987
-4.74110157948841,-189.482282802102,0,3.13958146965932,24.9490900406099,0.000194258850306987
-4.9411011750024,-189.481880565587,0,3.13958146965939,24.9611116309843,0.000194258850306987
-5.1411007705165,-189.481478329072,0,3.13958146965939,24.9731274343935,0.000194258850306987
-5.34110036603049,-189.481076092557,0,3.13958146965932,24.9851374591868,0.000172479081187455
-5.54109996154459,-189.480673856043,0,3.13958146965939,24.9971417136932,9.5460442653288e-05
-5.7410995570587,-189.480271619528,0,3.13958146965932,25.0091402062218,9.5460442653288e-05
-5.94109915257269,-189.479869383013,0,3.13960437110344,25.0211329450618,9.54709793654158e-05
-6.14109876476202,-189.47947630706,0,3.13979522876683,25.0331199383905,9.54709793654158e-05
-6.34109849924521,-189.479150413484,0,3.13996318498456,25.0451011946417,9.54709793654158e-05
-6.54109823372852,-189.478824519907,0,3.13996318498464,25.0570767219531,9.54815160775435e-05
-6.74109796821183,-189.47849862633,0,3.13996318498449,25.0690465285348,9.54815160775435e-05
-6.94109770269502,-189.478172732753,0,3.13996318498449,25.0810106225774,9.54815160775435e-05
-7.14109743717833,-189.477846839176,0,3.13996318498464,25.0929690122521,0.000175765509268689
-7.34109717166153,-189.477520945599,0,3.13996318498464,25.1049217057103,0.000187511204843484
-7.54109690614483,-189.477195052023,0,3.13996318498449,25.1168687110842,0.000187500668131356
-7.74109664062814,-189.476869158446,0,3.13996318498449,25.1288100364869,0.000187511204843484
-7.94109637511134,-189.476543264869,0,3.13996318498464,25.1407456900117,0.000187511204843484
-8.14109610959465,-189.476217371292,0,3.13996318498456,25.1526756797332,0.000176071018344651
-8.34109584407784,-189.475891477715,0,3.13996318498449,25.1646000137066,9.20929090387064e-05
-8.54109557856115,-189.475565584138,0,3.13996318498456,25.1765186999681,9.2071835614451e-05
-8.74109531304446,-189.475239690562,0,3.13996318498456,25.1884317465348,9.20823723265787e-05
-8.94109504752765,-189.474913796985,0,3.14012375297125,25.200339161405,9.20823723265787e-05
-9.14109487484551,-189.474652130535,0,3.14030781235398,25.2122409524682,9.2071835614451e-05
-9.34109471574512,-189.474399860634,0,3.14033130374856,25.2241371278646,9.20612989023232e-05
-9.54109455664485,-189.474147590733,0,3.14033130374856,25.236027695446,9.20612989023232e-05
-9.74109439754457,-189.473895320831,0,3.14033130374849,25.2479126631355,9.20718356144509e-05
-9.94109423844418,-189.47364305093,0,3.14033130374856,25.2597920388375,0.00013528175603365
-10.1410940793439,-189.473390781028,0,3.14033130374863,25.2716658304378,0.000180662795928418
-10.3410939202435,-189.473138511127,0,3.14033130374849,25.2835340458037,0.000180662795928418
-10.5410937611432,-189.472886241226,0,3.14033130374849,25.2953966927842,0.000180652259216291
-10.741093602043,-189.472633971324,0,3.14033130374856,25.3072537792096,0.000180652259216291
-10.9410934429426,-189.472381701423,0,3.14033130374856,25.319105312892,0.000180641722504163
-11.1410932838423,-189.472129431522,0,3.14033130374856,25.3309513016254,0.000100357729313017
-11.3410931247419,-189.47187716162,0,3.14033130374849,25.3427917531853,8.86120337382227e-05
-11.5410929656416,-189.471624891719,0,3.14033130374856,25.3546266753292,8.86225704503504e-05
-11.7410928065414,-189.471372621818,0,3.14041774466275,25.3664560757966,8.86120337382227e-05
-11.9410926849268,-189.471154928262,0,3.14059494765873,25.3782799621232,8.8601497026095e-05
-12.1410926026722,-189.470973539516,0,3.14068570973794,25.3900983423834,8.85909603139673e-05
-12.3410925204174,-189.470792150771,0,3.14068570973787,25.4019112240772,8.85909603139673e-05
-12.5410924381627,-189.470610762025,0,3.14068570973794,25.4137186148722,8.8601497026095e-05
-12.7410923559081,-189.47042937328,0,3.14068570973802,25.4255205224181,8.85909603139673e-05
-12.9410922736533,-189.470247984534,0,3.14068570973794,25.4373169543469,0.000171781039280299
-13.1410921913986,-189.470066595789,0,3.14068570973794,25.4491079182729,0.00017373424276902
-13.3410921091438,-189.469885207043,0,3.14068570973787,25.460893421793,0.000173755316193275
-13.5410920268892,-189.469703818298,0,3.14068570973794,25.4726734724862,0.000173744779481148
-13.7410919446345,-189.469522429552,0,3.14068570973802,25.4844480779141,0.00017373424276902
-13.9410918623797,-189.469341040807,0,3.14068570973794,25.496217245621,0.000130513785637693
-14.1410917801251,-189.469159652061,0,3.14068570973794,25.5079809831335,8.51327457429248e-05
-14.3410916978703,-189.468978263316,0,3.14068570973794,25.5197392979611,8.51327457429248e-05
-14.5410916156156,-189.46879687457,0,3.14068570973794,25.5314921975959,8.51327457429248e-05
-14.741091533361,-189.468615485825,0,3.14085208989688,25.5432396895128,8.51327457429248e-05
-14.9410915001322,-189.468500649124,0,3.14102237647414,25.5549817811542,8.51432824550525e-05
-15.1410914680547,-189.468387374991,0,3.14102628289238,25.5667184799912,8.51327457429248e-05
-15.3410914359771,-189.468274100858,0,3.14102628289238,25.578449793432,8.51327457429248e-05
-15.5410914038995,-189.468160826724,0,3.14102628289231,25.5901757288832,8.51327457429248e-05
-15.741091371822,-189.468047552591,0,3.14102628289238,25.6018962937342,0.000113826847260846
-15.9410913397444,-189.467934278457,0,3.14102628289245,25.6136114953577,0.000166795960889353
-16.1410913076668,-189.467821004324,0,3.14102628289238,25.6253213411095,0.000166785424177226
-16.3410912755892,-189.46770773019,0,3.14102628289231,25.6370258383285,0.000166785424177226
-16.5410912435117,-189.467594456057,0,3.14102628289238,25.6487249943369,0.000166795960889353
-16.7410912114341,-189.467481181924,0,3.14102628289245,25.6604188164403,0.000166795960889353
-16.9410911793565,-189.46736790779,0,3.14102628289238,25.6721073119275,8.36058819230218e-05
-17.141091147279,-189.467254633657,0,3.14102628289231,25.6837904880709,8.16632151464285e-05
-17.3410911152013,-189.467141359523,0,3.14102628289238,25.6954683521263,8.16526784343008e-05
-17.5410910831238,-189.46702808539,0,3.14108367109491,25.7071409113328,8.16632151464285e-05
-17.7410910602987,-189.466937766536,0,3.14124697645077,25.7188081727717,8.16632151464285e-05
-17.9410910545502,-189.466889814539,0,3.14135289360212,25.730470143933,8.16632151464285e-05
-18.1410910488017,-189.466841862541,0,3.14135289360212,25.7421268318651,8.16632151464285e-05
-18.3410910430532,-189.466793910544,0,3.14135289360219,25.7537782437418,8.16632151464285e-05
-18.5410910373047,-189.466745958547,0,3.14135289360219,25.7654243867208,8.16632151464285e-05
-18.7410910315563,-189.46669800655,0,3.14135289360212,25.7770652679437,0.000130312021705422
-18.9410910258077,-189.466650054553,0,3.14135289360212,25.7887008945357,0.000159789086386466
-19.1410910200593,-189.466602102556,0,3.14135289360219,25.8003312736063,0.000159789086386466
-19.3410910143107,-189.466554150559,0,3.14135289360212,25.8119564122487,0.000159789086386466
-19.5410910085623,-189.466506198562,0,3.14135289360219,25.8235763175403,0.000159778549674339
-19.7410910028138,-189.466458246565,0,3.14135289360219,25.8351909965424,0.000131084448156418
-19.9410909970653,-189.466410294568,0,3.14135289360212,25.8468004563007,7.81258712400379e-05
-20.1410909913168,-189.466362342571,0,3.14135289360219,25.8584047038449,7.81364079521656e-05
-20.3410909855683,-189.466314390574,0,3.14135289360212,25.8700037461889,7.81364079521656e-05
-20.5410909798198,-189.466266438577,0,3.14145019121447,25.881597590331,7.81258712400379e-05
-20.7410909773215,-189.466257405624,0,-3.14157886422338,25.8931862431209,7.81258712400379e-05
-20.9410909767922,-189.466271954323,0,-3.14151991009587,25.9047697117914,7.81258712400379e-05
-21.1410909762631,-189.466286503022,0,-3.14151991009587,25.916348003161,7.81153345279102e-05
-21.3410909757339,-189.466301051721,0,-3.14151991009587,25.9279211241654,7.81153345279102e-05
-21.5410909752048,-189.46631560042,0,-3.14151991009587,25.9394890817253,7.81047978157825e-05
-21.7410909746757,-189.466330149118,0,-3.14151991009587,25.9510518827454,0.000137993608669834
-21.9410909741464,-189.466344697817,0,-3.14151991009587,25.9626095341155,0.00015266245661076
-22.1410909736173,-189.466359246516,0,-3.14151991009594,25.9741620427098,0.00015266245661076
-22.3410909730881,-189.466373795215,0,-3.14151991009594,25.9857094153872,0.00015266245661076
-22.541090972559,-189.466388343913,0,-3.1415199100958,25.9972516589917,0.00015266245661076
-22.7410909720299,-189.466402892612,0,-3.14151991009587,26.0087887803516,0.000104013650051767
-22.9410909715006,-189.466417441311,0,-3.14151991009594,26.0203207862806,7.4536585370722e-05
-23.1410909709715,-189.46643199001,0,-3.14151991009587,26.0318476835768,7.45471220828497e-05
-23.3410909704423,-189.466446538708,0,-3.14151991009587,26.0433694790237,7.45576587949775e-05
-23.5410909699132,-189.466461087407,0,-3.14140013247489,26.0548861793896,7.45576587949775e-05
-23.7410909587546,-189.466523547153,0,-3.14125101715527,26.0663977913468,7.45576587949775e-05
-23.9410909449923,-189.466597741978,0,-3.1412216794579,26.0779043217956,7.45576587949775e-05
-24.1410909312302,-189.466671936802,0,-3.14122167945797,26.0894057773788,7.45576587949775e-05
-24.341090917468,-189.466746131627,0,-3.1412216794579,26.1009021648051,7.45576587949775e-05
-24.5410909037058,-189.466820326452,0,-3.14122167945797,26.1123934907685,7.45576587949775e-05
-24.7410908899437,-189.466894521276,0,-3.14122167945783,26.1238797619482,0.000138828499206912
-24.9410908761814,-189.466968716101,0,-3.14122167945783,26.135360985009,0.000145499045249988
-25.1410908624193,-189.467042910926,0,-3.14122167945797,26.1375803801782,0.00014548850853786
-25.3410908486571,-189.467117105751,0,-3.1412216794579,26.1222722620296,0.00014548850853786
-25.5410908348949,-189.467191300575,0,-3.14122167945783,26.1069551677632,0.000145499045249988
-25.7410908211328,-189.4672654954,0,-3.1412216794579,26.0916290815962,8.56102343959366e-05
-25.9410908073705,-189.467339690225,0,-3.14122167945797,26.0762939876739,7.09413864550107e-05
-26.1410907936084,-189.467413885049,0,-3.1412216794579,26.0609498700949,7.09413864550107e-05
-26.3410907798462,-189.467488079874,0,-3.14122167945783,26.045596712911,7.09413864550107e-05
-26.541090766084,-189.467562274699,0,-3.14109313777808,26.0302345001269,7.09413864550107e-05
-26.7410907259525,-189.467687886188,0,-3.14095125500824,26.0158242707079,7.0930849742883e-05
-26.941090683084,-189.467818834113,0,-3.14093791391865,26.0004544812713,7.0930849742883e-05
-27.1410906402157,-189.467949782038,0,-3.14093791391872,25.985065580713,7.0930849742883e-05
-27.3410905973472,-189.468080729963,0,-3.14093791391879,25.9696675610982,7.09203130307553e-05
-27.5410905544788,-189.468211677888,0,-3.14093791391872,25.9542604062215,7.09203130307553e-05
-27.7410905116105,-189.468342625813,0,-3.14093791391872,25.9388440998044,0.000134439636098659
-27.941090468742,-189.468473573737,0,-3.14093791391872,25.92341862552,0.000138189181034721
-28.1410904258736,-189.468604521662,0,-3.14093791391872,25.9079839669928,0.000138189181034721
-28.3410903830052,-189.468735469587,0,-3.14093791391872,25.8925401077985,0.000138189181034721
-28.5410903401368,-189.468866417512,0,-3.14093791391865,25.8770870314639,0.000138189181034721
-28.7410902972685,-189.468997365437,0,-3.14093791391872,25.8616247214909,7.39183406227857e-05
-28.9410902544,-189.469128313362,0,-3.14093791391879,25.8461531612584,6.724779457971e-05
-29.1410902115316,-189.469259261287,0,-3.14093791391872,25.8306723341695,6.724779457971e-05
-29.3410901686632,-189.469390209211,0,-3.14093791391872,25.8151822235526,6.724779457971e-05
-29.5410901257948,-189.469521157136,0,-3.1408108752734,25.7996828126864,6.724779457971e-05
-29.741090042819,-189.469702920503,0,-3.14067633754245,25.7850862960916,6.724779457971e-05
-29.9410899574755,-189.469887683504,0,-3.14066883845715,25.7695718635474,6.724779457971e-05
-30.1410898721321,-189.470072446504,0,-3.14066883845715,25.7540450032715,6.724779457971e-05
-30.3410897867886,-189.470257209504,0,-3.14066883845708,25.7385087763556,6.724779457971e-05
-30.5410897014452,-189.470441972504,0,-3.140668838457,25.7229631658278,6.724779457971e-05
-30.7410896161018,-189.470626735505,0,-3.14066883845708,25.707408154665,0.000126472934195472
-30.9410895307583,-189.470811498505,0,-3.14066883845722,25.6918437257923,0.000130788615075795
-31.1410894454149,-189.470996261505,0,-3.14066883845722,25.6762698621075,0.000130788615075795
-31.3410893600714,-189.471181024505,0,-3.14066883845708,25.660686546384,0.000130788615075795
-31.541089274728,-189.471365787506,0,-3.14066883845708,25.6450937614151,0.000130788615075795
-31.7410891893846,-189.471550550506,0,-3.14066883845715,25.6294914899178,6.72692920078912e-05
-31.9410891040411,-189.471735313506,0,-3.14066883845708,25.6138797145565,6.3530283783957e-05
-32.1410890186977,-189.471920076506,0,-3.14066883845708,25.5982584179426,6.3530283783957e-05
-32.3410889333542,-189.472104839507,0,-3.14066883845722,25.5826275826345,6.35408204960847e-05
-32.5410888480108,-189.472289602507,0,-3.14055040925199,25.5669871911371,6.35408204960847e-05
-32.7410887128857,-189.472521737163,0,-3.1404233486599,25.552104824936,6.35408204960847e-05
-32.9410885741322,-189.472757324372,0,-3.1404147172735,25.5364497095715,6.35408204960847e-05
-33.1410884353789,-189.472992911581,0,-3.14041471727357,25.520781018015,6.35513572082124e-05
-33.3410882966254,-189.473228498789,0,-3.14041471727343,25.5051027006259,6.35513572082124e-05
-33.5410881578721,-189.473464085998,0,-3.1404147172735,25.4894147396419,6.35513572082124e-05
-33.7410880191188,-189.473699673207,0,-3.1404147172735,25.473717117246,0.000116331067776016
-33.9410878803653,-189.473935260416,0,-3.1404147172735,25.4580098155898,0.000123265449260573
-34.141087741612,-189.474170847624,0,-3.1404147172735,25.4422928166993,0.000123265449260573
-34.3410876028585,-189.474406434833,0,-3.1404147172735,25.4265661026387,0.000123265449260573
-34.5410874641052,-189.474642022042,0,-3.1404147172735,25.4108296553232,0.000123265449260573
-34.7410873253518,-189.474877609251,0,-3.14041471727343,25.3950834566822,6.40508463569386e-05
-34.9410871865984,-189.47511319646,0,-3.1404147172735,25.3793274885655,5.97457021887442e-05
-35.1410870478451,-189.475348783668,0,-3.1404147172735,25.3635617327665,5.97457021887442e-05
-35.3410869090916,-189.475584370877,0,-3.14041471727357,25.347786171022,5.97562389008719e-05
-35.5410867703383,-189.475819958086,0,-3.14030915785268,25.3320007850121,5.97562389008719e-05
-35.7410865768053,-189.476097769027,0,-3.14018972964463,25.3167951529061,5.97562389008719e-05
-35.9410863760751,-189.476381127479,0,-3.14017586085803,25.3010004033337,5.97457021887442e-05
-36.1410861753451,-189.47666448593,0,-3.1401758608581,25.2851858092736,5.97457021887442e-05
-36.3410859746149,-189.476947844382,0,-3.14017586085803,25.2693613177993,5.97351654766165e-05
-36.5410857738848,-189.477231202834,0,-3.14017586085803,25.2535269103048,5.97351654766165e-05
-36.7410855731547,-189.477514561285,0,-3.14017586085803,25.237682568126,0.000105199996055578
-36.9410853724245,-189.477797919737,0,-3.14017586085803,25.2218282725626,0.000115541930643608
-37.1410851716944,-189.478081278188,0,-3.14017586085803,25.2059640047874,0.00011553139393148
-37.3410849709642,-189.47836463664,0,-3.1401758608581,25.190089746005,0.00011553139393148
-37.5410847702341,-189.478647995091,0,-3.14017586085818,25.1742054772695,0.00011553139393148
-37.7410845695041,-189.478931353543,0,-3.14017586085803,25.1583111796437,6.27516833636769e-05
-37.9410843687739,-189.479214711994,0,-3.14017586085803,25.1424068341077,5.58173018791192e-05
-38.1410841680438,-189.479498070446,0,-3.1401758608581,25.1264924215813,5.58173018791192e-05
-38.3410839673136,-189.479781428898,0,-3.14017586085803,25.1105679229241,5.58173018791192e-05
-38.5410837665835,-189.480064787349,0,-3.14008493119749,25.0946333189346,5.58173018791192e-05
-38.7410835102624,-189.480384517622,0,-3.13997331767281,25.0791115492743,5.58067651669915e-05
-38.9410832412959,-189.480712521431,0,-3.13995263380917,25.063178514313,5.57962284548637e-05
-39.1410829723296,-189.481040525241,0,-3.1399526338091,25.0472137620423,5.57962284548637e-05
-39.3410827033631,-189.48136852905,0,-3.1399526338091,25.0312388275419,5.57962284548637e-05
-39.5410824343967,-189.481696532859,0,-3.13995263380924,25.0152536913268,5.57962284548637e-05
-39.7410821654303,-189.482024536668,0,-3.13995263380917,24.9992583338274,9.41246881084511e-05
-39.9410818964638,-189.482352540477,0,-3.13995263380917,24.9832527354114,0.000107588777822625
-40.1410816274974,-189.482680544286,0,-3.13995263380924,24.9672368763834,0.000107588777822625
-40.3410813585309,-189.483008548095,0,-3.13995263380917,24.9512107369851,0.000107588777822625
-40.5410810895646,-189.483336551904,0,-3.1399526338091,24.9351742973944,0.000107588777822625
-40.7410808205982,-189.483664555713,0,-3.13995263380917,24.9191275377477,6.21239472436635e-05
-40.9410805516317,-189.483992559522,0,-3.13995263380917,24.9030704380511,5.17820126556333e-05
-41.1410802826653,-189.484320563331,0,-3.1399526338091,24.8870029783125,5.17820126556333e-05
-41.3410800136988,-189.484648567141,0,-3.13995263380917,24.8709251384749,5.17820126556333e-05
-41.5410797447324,-189.48497657095,0,-3.13987597688974,24.8548368983509,5.17820126556333e-05
-41.7410794223023,-189.48533523748,0,-3.13977239179065,24.8390290403279,5.17820126556333e-05
-41.9410790810913,-189.485704675265,0,-3.13974546361157,24.8229556584053,5.17820126556333e-05
-42.1410787398803,-189.486074113051,0,-3.13974546361164,24.8068363081461,5.17820126556333e-05
-42.3410783986693,-189.486443550836,0,-3.1397454636115,24.7907064768061,5.17820126556333e-05
-42.5410780574583,-189.486812988622,0,-3.1397454636115,24.7745661439137,5.17820126556333e-05
-42.7410777162474,-189.487182426408,0,-3.13974546361157,24.7584152889307,8.40066690146856e-05
-42.9410773750363,-189.487551864193,0,-3.13974546361157,24.7422538912517,9.94458792665136e-05
-43.1410770338254,-189.487921301979,0,-3.13974546361164,24.7260819302254,9.94458792665136e-05
-43.3410766926143,-189.488290739764,0,-3.1397454636115,24.7098993850687,9.94353425543858e-05
-43.5410763514034,-189.48866017755,0,-3.1397454636115,24.6937062349948,9.94353425543858e-05
-43.7410760101924,-189.489029615335,0,-3.13974546361164,24.677502459127,6.11068829007985e-05
-43.9410756689814,-189.489399053121,0,-3.13974546361164,24.6612880365203,4.76427931866248e-05
-44.1410753277704,-189.489768490906,0,-3.13974546361157,24.6450629461606,4.76427931866248e-05
-44.3410749865594,-189.490137928692,0,-3.13974546361157,24.6288271669647,4.76427931866248e-05
-44.5410746453484,-189.490507366478,0,-3.13968103537297,24.6125806777798,4.76427931866248e-05
-44.7410742540769,-189.49090257551,0,-3.13958572871055,24.5965223365212,4.76427931866248e-05
-44.9410738388127,-189.491310135888,0,-3.13955485028717,24.5802998714295,4.76427931866248e-05
-45.1410734235487,-189.491717696267,0,-3.13955485028724,24.5640212866175,4.76533298987525e-05
-45.3410730082845,-189.492125256645,0,-3.13955485028724,24.5477319068258,4.76533298987525e-05
-45.5410725930205,-189.492532817024,0,-3.13955485028717,24.5314317105504,4.76533298987525e-05
-45.7410721777564,-189.492940377402,0,-3.13955485028717,24.5151206762152,7.53952174170031e-05
-45.9410717624923,-189.493347937781,0,-3.13955485028724,24.4987987821729,9.10542092010294e-05
-46.1410713472282,-189.493755498159,0,-3.13955485028731,24.4824660067036,9.10542092010294e-05
-46.3410709319641,-189.494163058537,0,-3.13955485028724,24.466122328015,9.10542092010294e-05
-46.5410705167001,-189.494570618916,0,-3.13955485028724,24.4497677242422,9.10542092010294e-05
-46.741070101436,-189.494978179294,0,-3.13955485028724,24.4334021734468,5.88400895541049e-05
-46.9410696861719,-189.495385739673,0,-3.13955485028724,24.4170256536171,4.34008793022769e-05
-47.1410692709078,-189.495793300051,0,-3.13955485028724,24.4006381426674,4.34008793022769e-05
-47.3410688556437,-189.49620086043,0,-3.13955485028724,24.3842396184379,4.34008793022769e-05
-47.5410684403796,-189.496608420808,0,-3.13949936651263,24.3678300586941,4.34008793022769e-05
-47.7410679779632,-189.497038174646,0,-3.13941256475297,24.351552316131,4.34008793022769e-05
-47.9410674889313,-189.49748045565,0,-3.13938124676838,24.3351660087251,4.34008793022769e-05
-48.1410669998995,-189.497922736654,0,-3.13938124676838,24.3187233355744,4.33903425901492e-05
-48.3410665108676,-189.498365017658,0,-3.13938124676838,24.3022695374776,4.33903425901492e-05
-48.5410660218359,-189.498807298661,0,-3.13938124676845,24.285804591823,4.33903425901492e-05
-48.7410655328041,-189.499249579665,0,-3.13938124676838,24.2693284759222,6.87211760607038e-05
-48.9410650437722,-189.499691860669,0,-3.13938124676845,24.2528411670099,8.25647598125755e-05
-49.1410645547405,-189.500134141673,0,-3.13938124676845,24.2363426422431,8.25752965247033e-05
-49.3410640657086,-189.500576422677,0,-3.13938124676845,24.2198328787011,8.25752965247033e-05
-49.5410635766768,-189.50101870368,0,-3.13938124676845,24.203311853385,8.2585833236831e-05
-49.7410630876451,-189.501460984684,0,-3.13938124676838,24.1867795432176,5.48439457185804e-05
-49.9410625986132,-189.501903265688,0,-3.13938124676845,24.1702359250424,3.91849539345541e-05
-50.1410621095814,-189.502345546692,0,-3.13938124676838,24.1536809756438,3.91744172224264e-05
-50.3410616205495,-189.502787827696,0,-3.13938124676831,24.1371146716665,3.91744172224264e-05
-50.5410611315178,-189.503230108699,0,-3.13933058509874,24.120536989735,3.91638805102986e-05
-50.7410605960849,-189.503692654318,0,-3.13925223626538,24.1040633297844,3.91638805102986e-05
-50.9410600352932,-189.504166274773,0,-3.13922454910174,24.0874972197264,3.91744172224264e-05
-51.1410594745016,-189.504639895228,0,-3.13922454910174,24.0708853661697,3.91744172224264e-05
-51.3410589137099,-189.505113515683,0,-3.13922454910174,24.0542620404635,3.91744172224264e-05
-51.5410583529183,-189.505587136138,0,-3.13922454910167,24.0376272188465,3.91638805102986e-05
-51.7410577921268,-189.506060756593,0,-3.13922454910167,24.0209808773962,6.4210907481728e-05
-51.9410572313351,-189.506534377048,0,-3.13922454910167,24.0043229921661,7.41939264938651e-05
-52.1410566705435,-189.507007997503,0,-3.13922454910167,23.9876535391266,7.42044632059928e-05
-52.3410561097518,-189.507481617957,0,-3.13922454910167,23.9709724941057,7.42044632059928e-05
-52.5410555489602,-189.507955238412,0,-3.13922454910174,23.9542798329257,7.42149999181205e-05
-52.7410549881686,-189.508428858867,0,-3.13922454910174,23.937575531246,4.88841664475659e-05
-52.9410544273769,-189.508902479322,0,-3.13922454910167,23.9208595647196,3.50405826956941e-05
-53.1410538665853,-189.509376099777,0,-3.13922454910167,23.9041319088362,3.50300459835664e-05
-53.3410533057936,-189.509849720232,0,-3.13922454910167,23.8873925390579,3.50405826956941e-05
-53.5410527450021,-189.510323340687,0,-3.13917445504798,23.870641430761,3.50300459835664e-05
-53.7410521353555,-189.510816998704,0,-3.13910439496157,23.8539879106943,3.50195092714387e-05
-53.9410515062367,-189.51131864311,0,-3.13908442892884,23.8372306151953,3.50195092714387e-05
-54.1410508771179,-189.511820287516,0,-3.13908442892884,23.8204442318359,3.50300459835664e-05
-54.3410502479991,-189.512321931923,0,-3.13908442892891,23.8036460106851,3.50300459835664e-05
-54.5410496188804,-189.512823576329,0,-3.13908442892877,23.7868359266825,3.50405826956941e-05
-54.7410489897617,-189.513325220735,0,-3.13908442892877,23.7700139546217,6.166572842747e-05
-54.9410483606428,-189.513826865141,0,-3.13908442892884,23.7531800692647,6.59691936915015e-05
-55.1410477315241,-189.514328509547,0,-3.13908442892884,23.7363342452644,6.59691936915015e-05
-55.3410471024053,-189.514830153954,0,-3.13908442892884,23.7194764572031,6.59691936915015e-05
-55.5410464732866,-189.51533179836,0,-3.13908442892884,23.7026066795155,6.59797304036292e-05
-55.7410458441678,-189.515833442766,0,-3.13908442892884,23.6857248866212,4.09327034321998e-05
-55.941045215049,-189.516335087172,0,-3.13908442892877,23.6688310527729,3.09496844200628e-05
-56.1410445859303,-189.516836731578,0,-3.13908442892884,23.6519251521881,3.09496844200628e-05
-56.3410439568114,-189.517338375985,0,-3.13908442892891,23.635007158973,3.09496844200628e-05
-56.5410433276927,-189.517840020391,0,-3.13903117863575,23.6180770471414,3.0939147707935e-05
-56.7410426438306,-189.518362964844,0,-3.13896930032313,23.6012545023914,3.0939147707935e-05
-56.9410419510984,-189.518889360493,0,-3.13896067230352,23.5843032862677,3.0939147707935e-05
-57.1410412583663,-189.519415756143,0,-3.13896067230352,23.5673367502282,3.0939147707935e-05
-57.341040565634,-189.519942151792,0,-3.13896067230359,23.5503579908811,3.0939147707935e-05
-57.5410398729019,-189.520468547442,0,-3.13896067230352,23.5333669817699,3.35948068045965e-05
-57.7410391801698,-189.520994943091,0,-3.13896067230359,23.5163636963425,5.78211758191192e-05
-57.9410384874376,-189.521521338741,0,-3.13896067230352,23.4993481079509,5.78211758191192e-05
-58.1410377947055,-189.52204773439,0,-3.13896067230352,23.4823201898504,5.78211758191192e-05
-58.3410371019733,-189.52257413004,0,-3.13896067230352,23.4652799151993,5.78211758191192e-05
-58.5410364092412,-189.523100525689,0,-3.13896067230345,23.4482272570584,5.78211758191192e-05
-58.7410357165091,-189.523626921339,0,-3.13896067230352,23.4311621883904,3.11854933752157e-05
-58.9410350237769,-189.524153316988,0,-3.13896067230359,23.4140846820596,2.68820281111842e-05
-59.1410343310448,-189.524679712638,0,-3.13896067230352,23.3969947108311,2.68820281111842e-05
-59.3410336383126,-189.525206108287,0,-3.13895536099291,23.3798922473887,2.68820281111842e-05
-59.5410329398746,-189.525734628453,0,-3.13890161801524,23.3627784154492,2.68820281111842e-05
-59.741032189407,-189.526282521217,0,-3.1388531863482,23.3457466601522,2.68820281111842e-05
-59.9410314389393,-189.526830413979,0,-3.1388531863482,23.3286066262005,2.68820281111842e-05
-60.1410306884718,-189.527378306743,0,-3.13885318634821,23.311453989831,2.68820281111842e-05
-60.3410299380041,-189.527926199506,0,-3.1388531863482,23.2942887232044,2.68820281111842e-05
-60.5410291875365,-189.528474092269,0,-3.13885318634813,23.2771107983789,3.70216880165402e-05
-60.741028437069,-189.529021985032,0,-3.13885318634813,23.2599201873273,4.96797771438418e-05
-60.9410276866013,-189.529569877795,0,-3.13885318634813,23.2427168618831,4.96797771438418e-05
-61.1410269361337,-189.530117770558,0,-3.1388531863482,23.2255007937755,4.96797771438418e-05
-61.3410261856661,-189.530665663321,0,-3.13885318634813,23.2082719546645,4.9669240431714e-05
-61.5410254351985,-189.531213556084,0,-3.13885318634813,23.191030316087,4.70135813350526e-05
-61.7410246847309,-189.531761448847,0,-3.13885318634828,23.1737758494741,2.27977490326576e-05
-61.9410239342633,-189.53230934161,0,-3.13885318634813,23.1565085261502,2.27977490326576e-05
-62.1410231837957,-189.532857234373,0,-3.13885318634813,23.139228317333,2.27977490326576e-05
-62.341022433328,-189.533405127136,0,-3.1388329070298,23.1219351941326,2.28082857447853e-05
-62.5410216602688,-189.533961131595,0,-3.13878731152524,23.1046453665412,2.27977490326576e-05
-62.7410208590068,-189.534527262489,0,-3.13876199533934,23.0873515968719,2.28082857447853e-05
-62.9410200577446,-189.535093393383,0,-3.13876199533941,23.0700195872822,2.27977490326576e-05
-63.1410192564826,-189.535659524277,0,-3.13876199533927,23.0526745467329,2.27977490326576e-05
-63.3410184552204,-189.536225655171,0,-3.13876199533927,23.0353164457879,2.27977490326576e-05
-63.5410176539584,-189.536791786065,0,-3.13876199533927,23.0179452549002,3.98560449028803e-05
-63.7410168526964,-189.537357916959,0,-3.13876199533927,23.0005609444114,4.14869564033575e-05
-63.9410160514342,-189.537924047853,0,-3.13876199533934,22.9831634845507,4.14974931154853e-05
-64.1410152501722,-189.538490178747,0,-3.13876199533927,22.9657528454345,4.14869564033575e-05
-64.3410144489101,-189.539056309641,0,-3.13876199533927,22.9483289970833,4.14974931154853e-05
-64.541013647648,-189.539622440535,0,-3.13876199533927,22.9308919093689,3.13578332101293e-05
-64.741012846386,-189.54018857143,0,-3.13876199533934,22.9134415520488,1.86892073707e-05
-64.9410120451239,-189.540754702324,0,-3.13876199533934,22.8959778947997,1.86892073707e-05
-65.1410112438618,-189.541320833218,0,-3.13876199533934,22.8785009071652,1.86997440828277e-05
-65.3410104425997,-189.541886964112,0,-3.13872787874614,22.8610105585724,1.86997440828277e-05
-65.5410096021986,-189.542466741587,0,-3.13869050031947,22.8435512737005,1.87102807949554e-05
-65.7410087580556,-189.54304782379,0,-3.13868723848602,22.8260345500381,1.87102807949554e-05
-65.9410079139124,-189.543628905993,0,-3.13868723848602,22.808503968483,1.87208175070832e-05
-66.1410070697694,-189.544209988197,0,-3.13868723848602,22.7909599025813,1.87102807949554e-05
-66.3410062256262,-189.5447910704,0,-3.13868723848595,22.7734023211692,2.61977716404432e-05
-66.5410053814832,-189.545372152603,0,-3.13868723848602,22.7558311929456,3.32275896584906e-05
-66.7410045373401,-189.545953234806,0,-3.13868723848609,22.7382464865388,3.32275896584906e-05
-66.9410036931969,-189.54653431701,0,-3.13868723848602,22.7206481703889,3.32275896584906e-05
-67.1410028490539,-189.547115399213,0,-3.13868723848602,22.7030362128802,3.32275896584906e-05
-67.3410020049107,-189.547696481416,0,-3.13868723848602,22.6854105822079,3.32275896584906e-05
-67.5410011607677,-189.548277563619,0,-3.13868723848595,22.6677712465099,1.61692937882678e-05
-67.7410003166246,-189.548858645822,0,-3.13868723848595,22.6501181737337,1.45383822877906e-05
-67.9409994724815,-189.549439728026,0,-3.13868723848602,22.632451331768,1.45278455756629e-05
-68.1409986283384,-189.550020810229,0,-3.13867224243712,22.6147706883265,1.45383822877906e-05
-68.3409977665932,-189.550607890826,0,-3.13864320782891,22.5970845164555,1.45278455756629e-05
-68.54099688837,-189.551200586822,0,-3.13862916926968,22.5793834406482,1.45278455756629e-05
-68.7409960101467,-189.551793282819,0,-3.13862916926961,22.5616612101108,1.45383822877906e-05
-68.9409951319234,-189.552385978815,0,-3.13862916926954,22.5439250477777,1.45383822877906e-05
-69.1409942537001,-189.552978674812,0,-3.13862916926954,22.526174920741,1.72877803890982e-05
-69.3409933754768,-189.553571370808,0,-3.13862916926954,22.5084107959629,2.47810978802403e-05
-69.5409924972535,-189.554164066805,0,-3.13862916926961,22.4906326402754,2.47705611681125e-05
-69.7409916190303,-189.554756762801,0,-3.13862916926968,22.472840420379,2.47705611681125e-05
-69.9409907408069,-189.555349458798,0,-3.13862916926968,22.4550341028425,2.47600244559848e-05
-70.1409898625837,-189.555942154794,0,-3.13862916926961,22.437213654102,2.47705611681125e-05
-70.3409889843603,-189.556534850791,0,-3.13862916926961,22.4193790404601,1.72725336104971e-05
-70.5409881061371,-189.557127546787,0,-3.13862916926961,22.4015302280853,1.02427155924496e-05
-70.7409872279139,-189.557720242784,0,-3.13862916926954,22.3836671830113,1.02532523045773e-05
-70.9409863496905,-189.55831293878,0,-3.1386236493815,22.3657898711362,1.02532523045773e-05
-71.1409854648788,-189.558907842722,0,-3.13860314287287,22.3478993464802,1.02637890167051e-05
-71.3409845621789,-189.559508741286,0,-3.13858815625229,22.3300014032907,1.02637890167051e-05
-71.5409836594792,-189.560109639849,0,-3.13858815625215,22.3120810923357,1.02637890167051e-05
-71.7409827567795,-189.560710538413,0,-3.13858815625214,22.2941463768175,1.02532523045773e-05
-71.9409818540797,-189.561311436976,0,-3.13858815625229,22.2761972219444,1.13291326536725e-05
-72.14098095138,-189.56191233554,0,-3.13858815625222,22.2582335927846,1.61210319356456e-05
-72.3409800486802,-189.562513234103,0,-3.13858815625222,22.240255454265,1.61104952235179e-05
-72.5409791459805,-189.563114132667,0,-3.13858815625222,22.2222627711864,1.61104952235179e-05
-72.7409782432808,-189.56371503123,0,-3.13858815625222,22.2042555081756,1.61104952235179e-05
-72.940977340581,-189.564315929793,0,-3.13858815625222,22.1862336297162,1.61210319356456e-05
-73.1409764378813,-189.564916828357,0,-3.13858815625222,22.1681971001937,1.33610971222103e-05
-73.3409755351814,-189.56551772692,0,-3.13858815625222,22.1501458837867,5.85724291894056e-06
-73.5409746324817,-189.566118625484,0,-3.13858815625222,22.1320799445744,5.85724291894056e-06
-73.740973729782,-189.566719524047,0,-3.13858600458651,22.113999246489,5.85724291894056e-06
-73.9409728244863,-189.567321283273,0,-3.13857426910847,22.0959039131057,5.85724291894056e-06
-74.1409719076278,-189.567926876006,0,-3.13856468529636,22.0777967517456,5.85724291894056e-06
-74.3409709907692,-189.56853246874,0,-3.13856468529643,22.059671561745,5.85724291894056e-06
-74.5409700739108,-189.569138061473,0,-3.13856468529636,22.0415314670297,5.86777963106829e-06
-74.7409691570523,-189.569743654206,0,-3.13856468529636,22.0233764307851,6.21773092849571e-06
-74.9409682401938,-189.57034924694,0,-3.13856468529629,22.0052064160446,7.18779537773197e-06
-75.1409673233353,-189.570954839673,0,-3.13856468529636,21.9870213856431,7.17725866560425e-06
-75.3409664064767,-189.571560432406,0,-3.13856468529643,21.9688213023228,7.17725866560425e-06
-75.5409654896183,-189.572166025139,0,-3.13856468529636,21.9506061286105,7.17725866560425e-06
-75.7409645727598,-189.572771617873,0,-3.13856468529629,21.9323758269229,7.19833208985969e-06
-75.9409636559013,-189.573377210606,0,-3.13856468529636,21.9141303595053,6.12245174076449e-06
-76.1409627390428,-189.573982803339,0,-3.13856468529636,21.8958696884456,1.3305524587914e-06
-76.3409618221842,-189.574588396073,0,-3.13856468529636,21.8775937756736,1.34108917091913e-06
-76.5409609053258,-189.575193988806,0,-3.13856396430534,21.8593025829597,1.34108917091913e-06
-76.7409599875933,-189.575799869934,0,-3.13856130324073,21.8409960892451,1.35162588304685e-06
-76.9409590675089,-189.576406527088,0,-3.13855936316714,21.8226743465132,1.34108917091912e-06
-77.1409581474245,-189.577013184243,0,-3.138559363167,21.8043370831118,1.34108917091912e-06
-77.3409572273401,-189.577619841397,0,-3.13855936316714,21.785984385241,1.35162588304685e-06
-77.5409563072558,-189.578226498551,0,-3.13855936316721,21.7676162138615,-4.90069629972095e-07
-77.7409553871714,-189.578833155705,0,-3.13855936316721,21.7492325297837,-2.03815972169808e-06
-77.940954467087,-189.57943981286,0,-3.13855936316714,21.7308332936084,-2.04869643382581e-06
-78.1409535470027,-189.580046470014,0,-3.13855936316707,21.7124184658135,-2.04869643382581e-06
-78.3409526269182,-189.580653127168,0,-3.13855936316721,21.6939880066944,-2.04869643382581e-06
-78.5409517068339,-189.581259784322,0,-3.13855936316721,21.6755418763777,-2.04869643382581e-06
-78.7409507867496,-189.581866441477,0,-3.13855936316707,21.6570800348345,-2.39864773125323e-06
-78.9409498666651,-189.582473098631,0,-3.13855936316714,21.638602441822,-3.3687121804895e-06
-79.1409489465808,-189.583079755785,0,-3.13855936316721,21.6201090569688,-3.3687121804895e-06
-79.3409480264963,-189.583686412939,0,-3.13856304654966,21.6015998397162,-3.3687121804895e-06
-79.5409471108711,-189.584291596747,0,-3.13856982622252,21.5830751858383,-3.35817546836177e-06
-79.7409461989943,-189.584895542045,0,-3.13857292251293,21.5645344894174,-3.3687121804895e-06
-79.9409452871173,-189.585499487342,0,-3.13857292251285,21.5459775305249,-3.3687121804895e-06
-80.1409443752405,-189.58610343264,0,-3.13857292251285,21.5274045752358,-3.46147116086847e-06
-80.3409434633635,-189.586707377937,0,-3.138572922513,21.5088155821255,-1.16950200981189e-05
-80.5409425514867,-189.587311323235,0,-3.13857292251286,21.4902105095759,-1.16950200981189e-05
-80.7409416396098,-189.587915268532,0,-3.13857292251285,21.4715893158026,-1.16950200981189e-05
-80.9409407277329,-189.58851921383,0,-3.13857292251285,21.4529519587979,-1.16950200981189e-05
-81.140939815856,-189.589123159127,0,-3.13857292251285,21.4342983964134,-1.16950200981189e-05
-81.3409389039791,-189.589727104425,0,-3.13857292251293,21.4156285863033,-1.16950200981189e-05
-81.5409379921022,-189.590331049722,0,-3.13857292251293,21.3969424859508,-9.85332458509997e-06
-81.7409370802254,-189.59093499502,0,-3.13857292251285,21.3782400526116,-8.29469778124626e-06
-81.9409361683484,-189.591538940317,0,-3.13857310826463,21.359521243396,-8.28416106911853e-06
-82.1409352566947,-189.592142811314,0,-3.13858976113136,21.3407860162829,-8.28416106911853e-06
-82.3409343648217,-189.592740095495,0,-3.13860622824626,21.3220427391831,-8.28416106911853e-06
-82.5409334729487,-189.593337379676,0,-3.13860622824619,21.303274550443,-8.29469778124625e-06
-82.7409325810758,-189.593934663857,0,-3.13860622824604,21.2844898123524,-8.30523449337397e-06
-82.9409316892028,-189.594531948038,0,-3.13860622824611,21.2656884810282,-1.75576827463775e-05
-83.1409307973299,-189.595129232219,0,-3.13860622824618,21.2468705124339,-2.18195060252369e-05
-83.3409299054568,-189.5957265164,0,-3.13860622824626,21.2280358623245,-2.18195060252369e-05
-83.5409290135839,-189.596323800581,0,-3.13860622824619,21.2091844862582,-2.18405794494924e-05
-83.740928121711,-189.596921084762,0,-3.13860622824604,21.1903163396092,-2.18405794494924e-05
-83.9409272298379,-189.597518368942,0,-3.13860622824618,21.1714313775122,-2.18405794494924e-05
-84.140926337965,-189.598115653123,0,-3.13860622824618,21.1525295549423,-2.17583571812411e-05
-84.340925446092,-189.598712937304,0,-3.13860622824611,21.1336108266597,-1.35248082439907e-05
-84.540924554219,-189.599310221485,0,-3.13860622824619,21.1146751472352,-1.35248082439907e-05
-84.7409236623461,-189.599907505666,0,-3.13862473313955,21.0957224709957,-1.35353449561184e-05
-84.9409227923784,-189.600497387922,0,-3.13865176169948,21.0767630145948,-1.35353449561184e-05
-85.1409219325007,-189.601083860726,0,-3.13866028536611,21.0577783872611,-1.35248082439907e-05
-85.3409210726229,-189.60167033353,0,-3.13866028536618,21.0387744559183,-1.35248082439907e-05
-85.5409202127452,-189.602256806335,0,-3.13866028536611,21.0197533431664,-2.44120059549802e-05
-85.7409193528675,-189.602843279139,0,-3.13866028536611,21.0007150022935,-3.25260758108411e-05
-85.9409184929897,-189.603429751943,0,-3.13866028536618,20.9816593864155,-3.25260758108411e-05
-86.1409176331121,-189.604016224747,0,-3.13866028536618,20.9625864484349,-3.25366125229688e-05
-86.3409167732343,-189.604602697552,0,-3.13866028536611,20.9434961410006,-3.25366125229688e-05
-86.5409159133566,-189.605189170356,0,-3.13866028536604,20.9243884165847,-3.25366125229688e-05
-86.7409150534789,-189.60577564316,0,-3.13866028536618,20.9052632274292,-3.25366125229688e-05
-86.9409141936011,-189.606362115964,0,-3.13866028536618,20.8861205255573,-2.32841642699653e-05
-87.1409133337234,-189.606948588769,0,-3.13866028536611,20.8669602627849,-1.90328777032336e-05
-87.3409124738456,-189.607535061573,0,-3.13868205976866,20.8477823906679,-1.90328777032336e-05
-87.5409116391773,-189.608112824652,0,-3.13872004122795,20.8286005750198,-1.90328777032336e-05
-87.7409108232728,-189.608684104937,0,-3.13873624828472,20.8093949264548,-1.90328777032336e-05
-87.9409100073682,-189.609255385221,0,-3.13873624828479,20.7901639533016,-1.90328777032336e-05
-88.1409091914636,-189.609826665505,0,-3.13873624828479,20.7709151749674,-3.60328943694778e-05
-88.340908375559,-189.610397945789,0,-3.13873624828472,20.7516485418796,-4.38182092137661e-05
-88.5409075596545,-189.610969226073,0,-3.13873624828479,20.7323640042861,-4.38182092137661e-05
-88.7409067437499,-189.611540506357,0,-3.13873624828479,20.7130615121526,-4.38182092137661e-05
-88.9409059278453,-189.612111786642,0,-3.13873624828472,20.6937410152494,-4.38182092137661e-05
-89.1409051119408,-189.612683066926,0,-3.13873624828472,20.6744024631121,-4.38287459258938e-05
-89.3409042960361,-189.61325434721,0,-3.13873624828479,20.6550458050021,-4.38287459258938e-05
-89.5409034801316,-189.613825627494,0,-3.13873624828479,20.6356709899933,-3.29415482149042e-05
-89.7409026642271,-189.614396907778,0,-3.13873624828472,20.6162779668701,-2.48380150711711e-05
-89.9409018483224,-189.614968188062,0,-3.13877026938505,20.5968666842132,-2.48274783590434e-05
-90.1409010706142,-189.61552585996,0,-3.13881986111118,20.5774693889946,-2.48169416469157e-05
-90.3409003103874,-189.616077303632,0,-3.13883543173701,20.5580282044539,-2.48169416469157e-05
-90.5408995501607,-189.616628747304,0,-3.13883543173693,20.538561869204,-2.5771564315016e-05
-90.740898789934,-189.617180190976,0,-3.13883543173679,20.5190770663576,-5.57792343528358e-05
-90.9408980297071,-189.617731634647,0,-3.13883543173693,20.4995737432543,-5.57792343528358e-05
-91.1408972694804,-189.618283078319,0,-3.13883543173701,20.4800518469833,-5.57686976407081e-05
-91.3408965092536,-189.618834521991,0,-3.13883543173693,20.460511324381,-5.57686976407081e-05
-91.5408957490269,-189.619385965663,0,-3.13883543173693,20.44095212203,-5.57581609285804e-05
-91.7408949888002,-189.619937409335,0,-3.13883543173693,20.421374186257,-5.57581609285804e-05
-91.9408942285734,-189.620488853007,0,-3.13883543173693,20.4017774631431,-5.57686976407081e-05
-92.1408934683466,-189.621040296679,0,-3.13883543173693,20.3821618984742,-3.87581442623362e-05
-92.3408927081198,-189.621591740351,0,-3.13883736221366,20.3625274378112,-3.09622927059201e-05
-92.5408919499744,-189.622142411835,0,-3.13889930803141,20.3428741268245,-3.09622927059201e-05
-92.740891256532,-189.622669077269,0,-3.1389593233724,20.3232987004451,-3.09622927059201e-05
-92.9408905630896,-189.623195742704,0,-3.13895932337247,20.3036073166202,-3.09517559937924e-05
-93.1408898696472,-189.623722408139,0,-3.1389593233724,20.2838968166255,-5.41101837155992e-05
-93.3408891762047,-189.624249073574,0,-3.13895932337233,20.2641671446796,-6.85204502438772e-05
-93.5408884827624,-189.624775739008,0,-3.13895932337233,20.2444182447289,-6.85099135317495e-05
-93.74088778932,-189.625302404443,0,-3.13895932337233,20.2246500604463,-6.85099135317495e-05
-93.9408870958775,-189.625829069878,0,-3.1389593233724,20.204862535241,-6.85099135317495e-05
-94.1408864024352,-189.626355735313,0,-3.1389593233724,20.1850556122094,-6.85099135317495e-05
-94.3408857089927,-189.626882400748,0,-3.1389593233724,20.1652292342154,-6.84993768196217e-05
-94.5408850155503,-189.627409066182,0,-3.1389593233724,20.1453833437951,-6.75342174393937e-05
-94.740884322108,-189.627935731617,0,-3.13895932337233,20.1255178832361,-3.75265474015739e-05
-94.9408836286655,-189.628462397052,0,-3.13900564022803,20.1056327945409,-3.75160106894461e-05
-95.1408829826181,-189.628970535805,0,-3.13908077761374,20.085783725562,-3.75160106894461e-05
-95.3408823660619,-189.629467146384,0,-3.1391095981434,20.0658807470646,-3.75160106894461e-05
-95.5408817495058,-189.629963756963,0,-3.1391095981434,20.0459364998464,-5.75537277736825e-05
-95.7408811329498,-189.630460367542,0,-3.1391095981434,20.0259723897711,-8.21501278506427e-05
-95.9408805163936,-189.630956978121,0,-3.13910959814333,20.0059883573977,-8.2139591138515e-05
-96.1408798998375,-189.6314535887,0,-3.13910959814333,19.9859843429422,-8.2139591138515e-05
-96.3408792832813,-189.631950199279,0,-3.13910959814333,19.965960286367,-8.21501278506427e-05
-96.5408786667253,-189.632446809858,0,-3.1391095981434,19.9459161272874,-8.21501278506427e-05
-96.7408780501692,-189.632943420437,0,-3.1391095981434,19.9258518050492,-8.21606645627704e-05
-96.940877433613,-189.633440031016,0,-3.13910959814333,19.9057672586924,-8.21712012748982e-05
-97.1408768170569,-189.633936641595,0,-3.13910959814333,19.8856624269153,-5.90127735530914e-05
-97.3408762005007,-189.634433252174,0,-3.13914967357917,19.8655372481398,-4.46025070248134e-05
-97.5408756223175,-189.634913832624,0,-3.13923894181526,19.845431869422,-4.46235804490688e-05
-97.740875091237,-189.635374736011,0,-3.13928813461508,19.8253262833468,-4.46130437369411e-05
-97.9408745601564,-189.635835639398,0,-3.13928813461508,19.8051397935273,-7.25735039748381e-05
-98.1408740290759,-189.636296542785,0,-3.13928813461523,19.7849327075217,-9.68482604941226e-05
-98.3408734979953,-189.636757446172,0,-3.13928813461509,19.7647049621582,-9.68587972062504e-05
-98.5408729669148,-189.637218349559,0,-3.13928813461509,19.7444564939418,-9.68693339183781e-05
-98.7408724358343,-189.637679252946,0,-3.13928813461516,19.7241872390624,-9.68587972062504e-05
-98.9408719047537,-189.638140156333,0,-3.13928813461516,19.7038971333488,-9.68693339183781e-05
-99.1408713736732,-189.63860105972,0,-3.13928813461516,19.683586112332,-9.68693339183781e-05
-99.3408708425926,-189.639061963107,0,-3.13928813461508,19.6632541111992,-9.68693339183781e-05
-99.5408703115121,-189.639522866494,0,-3.13928813461516,19.6429010648125,-7.68421535462694e-05
-99.7408697804316,-189.639983769881,0,-3.13934403446122,19.6225269076751,-5.22457534693092e-05
-99.9408692985444,-189.640422313384,0,-3.13944848382375,19.6022070295186,-5.22457534693092e-05
-100.140868859382,-189.640841437127,0,-3.13949703333951,19.5818472449822,-5.2256290181437e-05
-100.34086842022,-189.64126056087,0,-3.13949703333958,19.5614094974217,-0.000105475374940649
-100.540867981058,-189.641679684614,0,-3.13949703333965,19.5409503741817,-0.000112657317267595
-100.740867541895,-189.642098808357,0,-3.13949703333958,19.5204698080411,-0.000112657317267595
-100.940867102733,-189.6425179321,0,-3.13949703333958,19.4999677314258,-0.000112657317267595
-101.140866663571,-189.642937055843,0,-3.13949703333951,19.479444076427,-0.000112657317267595
-101.340866224409,-189.643356179587,0,-3.13949703333958,19.4588987747674,-0.000112657317267595
-101.540865785246,-189.64377530333,0,-3.13949703333965,19.4383317578194,-0.000112657317267595
-101.740865346084,-189.644194427073,0,-3.13949703333958,19.4177429565604,-0.000112667853979723
-101.940864906922,-189.644613550816,0,-3.13949703333958,19.3971323016329,-8.47179304539539e-05
-102.14086446776,-189.64503267456,0,-3.13960347150813,19.3764997233105,-6.04431739346693e-05
-102.340864112676,-189.645409223119,0,-3.13972427355787,19.3561097523946,-6.04431739346693e-05
-102.540863768938,-189.645780026136,0,-3.13973863743884,19.3354381726665,-9.44911223680401e-05
-102.740863425201,-189.646150829154,0,-3.13973863743891,19.3147396909563,-0.000129672702238657
-102.940863081463,-189.646521632172,0,-3.13973863743891,19.2940190040697,-0.000129672702238657
-103.140862737726,-189.64689243519,0,-3.13973863743891,19.2732760403986,-0.000129672702238657
-103.340862393988,-189.647263238207,0,-3.13973863743891,19.252510727939,-0.000129672702238657
-103.540862050251,-189.647634041225,0,-3.13973863743884,19.231722994308,-0.00012966216552653
-103.740861706513,-189.648004844243,0,-3.13973863743884,19.2109127667009,-0.00012966216552653
-103.940861362776,-189.648375647261,0,-3.13973863743884,19.1900799719489,-0.00012966216552653
-104.140861019038,-189.648746450278,0,-3.13973863743884,19.1692245364749,-0.000129651628814402
-104.340860675301,-189.649117253296,0,-3.13980675440904,19.1483463863017,-7.64220073430626e-05
-104.540860378307,-189.649460809566,0,-3.13994521346561,19.1275496124801,-6.92400650161158e-05
-104.740860129583,-189.649776229043,0,-3.14001555555064,19.106736660087,-9.85755714697592e-05
-104.940859880859,-189.65009164852,0,-3.14001555555064,19.0857901538792,-0.000148012461007044
-105.140859632135,-189.650407067997,0,-3.14001555555064,19.0648206337724,-0.000148012461007044
-105.340859383412,-189.650722487474,0,-3.14001555555057,19.0438280237434,-0.000148012461007044
-105.540859134688,-189.651037906951,0,-3.14001555555072,19.0228122473496,-0.000148012461007044
-105.740858885964,-189.651353326428,0,-3.14001555555072,19.0017732277257,-0.000148012461007044
-105.94085863724,-189.651668745905,0,-3.14001555555057,18.9807108875804,-0.000148022997719172
-106.140858388517,-189.651984165383,0,-3.14001555555057,18.959625149193,-0.000148012461007044
-106.340858139793,-189.65229958486,0,-3.14001555555064,18.93851593442,-0.000148012461007044
-106.540857891069,-189.652615004337,0,-3.14007424763762,18.9173831646525,-0.000113964512573673
-106.740857675671,-189.652906947003,0,-3.14023181350434,18.8963012695335,-7.87934694151834e-05
-106.940857516415,-189.653159340197,0,-3.14033068728233,18.8753326677371,-0.000125750656052276
-107.14085735716,-189.653411733392,0,-3.14033068728233,18.8541290787388,-0.000167934477436492
-107.340857197904,-189.653664126586,0,-3.1403306872824,18.8329016170569,-0.000167934477436492
-107.540857038648,-189.653916519781,0,-3.14033068728226,18.8116502018855,-0.000167934477436492
-107.740856879392,-189.654168912975,0,-3.14033068728226,18.7903747519335,-0.000167934477436492
-107.940856720136,-189.65442130617,0,-3.1403306872824,18.7690751854867,-0.000167923940724364
-108.14085656088,-189.654673699364,0,-3.14033068728233,18.7477514203385,-0.000167923940724364
-108.340856401624,-189.654926092559,0,-3.14033068728233,18.7264033738143,-0.000167934477436492
-108.540856242368,-189.655178485753,0,-3.14033068728233,18.7050309627958,-0.000167934477436492
-108.740856083113,-189.655430878948,0,-3.14042460165247,18.6836341036521,-0.00013858843427072
-108.940855964566,-189.655645706416,0,-3.14060288366722,18.6623969548461,-8.91620814455636e-05
-109.140855882591,-189.655826786847,0,-3.14068725130893,18.641099212262,-0.000185367177831199
-109.340855800615,-189.656007867279,0,-3.14068725130893,18.6196288857054,-0.000189553303629367
-109.54085571864,-189.65618894771,0,-3.140687251309,18.5981337730804,-0.00018954276691724
-109.740855636665,-189.656370028142,0,-3.14068725130893,18.5766137883468,-0.00018954276691724
-109.940855554689,-189.656551108573,0,-3.14068725130886,18.5550688449742,-0.000189532230205112
-110.140855472714,-189.656732189005,0,-3.14068725130893,18.5334988559023,-0.000189553303629367
-110.340855390739,-189.656913269436,0,-3.140687251309,18.5119037335908,-0.000189553303629367
-110.540855308764,-189.657094349867,0,-3.14068725130893,18.490283389979,-0.00018954276691724
-110.740855226788,-189.657275430299,0,-3.14068725130893,18.4686377364908,-0.00018954276691724
-110.940855144813,-189.65745651073,0,-3.14087966150173,18.4469666840394,-0.000142585580280147
-111.140855117068,-189.657560627104,0,-3.14108044395856,18.4260244027043,-0.000175859331277384
-111.340855091683,-189.657661394573,0,-3.14108881622195,18.4043045714661,-0.000213031253028222
-111.540855066298,-189.657762162043,0,-3.14108881622195,18.3825576773007,-0.000213031253028222
-111.740855040912,-189.657862929512,0,-3.14108881622202,18.3607850256814,-0.000213031253028222
-111.940855015527,-189.657963696981,0,-3.14108881622202,18.3389865248679,-0.00021304178974035
-112.140854990142,-189.658064464451,0,-3.14108881622202,18.3171620825828,-0.00021304178974035
-112.340854964757,-189.65816523192,0,-3.14108881622195,18.2953116059718,-0.00021304178974035
-112.540854939372,-189.658265999389,0,-3.14108881622202,18.2734350016522,-0.00021304178974035
-112.740854913986,-189.658366766859,0,-3.14108881622209,18.2515321756725,-0.000213031253028222
-112.940854888601,-189.658467534328,0,-3.14123973136442,18.2296030335169,-0.000213020716316095
-113.140854880033,-189.658507935743,0,-3.14146499035237,18.2080919376708,-0.000200458750347959
-113.340854879748,-189.658518599622,0,-3.14153933419287,18.1862170551406,-0.000238590306886044
-113.540854879464,-189.658529263501,0,-3.14153933419287,18.1642090600358,-0.000238590306886044
-113.74085487918,-189.658539927381,0,-3.1415393341928,18.1421743673873,-0.000238590306886044
-113.940854878895,-189.65855059126,0,-3.1415393341928,18.1201128797998,-0.000238590306886044
-114.140854878611,-189.658561255139,0,-3.14153933419287,18.0980244992841,-0.000238579770173916
-114.340854878327,-189.658571919019,0,-3.14153933419287,18.0759091272524,-0.000238579770173916
-114.540854878043,-189.658582582898,0,-3.14153933419287,18.0537666645132,-0.000238569233461788
-114.740854877758,-189.658593246778,0,-3.1415393341928,18.031597011274,-0.000238579770173916
-114.940854877474,-189.658603910657,0,3.14147868672927,18.0094000671035,-0.000238579770173916
-115.1408548639,-189.658547660035,0,3.14122676510063,17.9877031864662,-0.000295503484616976
-115.340854843603,-189.658457555267,0,3.1411421297368,17.9655853258181,-0.000266450265369928
-115.540854823306,-189.6583674505,0,3.14114212973687,17.9433067214282,-0.000266450265369928
-115.740854803009,-189.658277345732,0,3.1411421297368,17.9210004212725,-0.000266450265369928
-115.940854782712,-189.658187240965,0,3.1411421297368,17.8986663218031,-0.000266450265369928
-116.140854762414,-189.658097136197,0,3.1411421297368,17.8763043188252,-0.0002664397286578
-116.340854742117,-189.658007031429,0,3.1411421297368,17.8539143074915,-0.0002664397286578
-116.54085472182,-189.657916926662,0,3.1411421297368,17.8314961823044,-0.000266450265369928
-116.740854701523,-189.657826821894,0,3.1411421297368,17.8090498370863,-0.000266450265369928
-116.940854681226,-189.657736717127,0,3.14087736716169,17.7865751649895,-0.00034550620053045
-117.140854583457,-189.657540707359,0,3.1405963671768,17.7653670701219,-0.000339179373119931
-117.340854480936,-189.657338202629,0,3.1405801297695,17.7428417786012,-0.000296861690783678
-117.540854378416,-189.6571356979,0,3.14058012976964,17.7202831348846,-0.000296861690783678
-117.740854275895,-189.65693319317,0,3.14058012976964,17.6976957364646,-0.000296861690783678
-117.940854173375,-189.656730688441,0,3.14058012976957,17.6750794731022,-0.000296861690783678
-118.140854070854,-189.656528183712,0,3.14058012976964,17.65243423386,-0.000296861690783678
-118.340853968334,-189.656325678982,0,3.14058012976957,17.6297599070649,-0.000296861690783678
-118.540853865813,-189.656123174253,0,3.14058012976957,17.6070563803558,-0.000296872227495806
-118.740853763293,-189.655920669523,0,3.14042201790699,17.5843235406227,-0.00035845231322857
-118.940853576956,-189.655654920104,0,3.1401092734281,17.5619987947265,-0.000470575337241144
-119.140853308648,-189.655327317698,0,3.13995464082722,17.5396242363839,-0.000338194050416631
-119.340853040339,-189.654999715292,0,3.13995464082715,17.5168038852282,-0.000330075347912841
-119.540852772031,-189.654672112886,0,3.13995464082701,17.493953765617,-0.000330075347912841
-119.740852503722,-189.65434451048,0,3.13995464082708,17.4710737607494,-0.000330075347912841
-119.940852235414,-189.654016908074,0,3.13995464082715,17.4481637530585,-0.000330075347912841
-120.140851967105,-189.653689305668,0,3.13995464082715,17.4252236242048,-0.000330085884624969
-120.340851698797,-189.653361703262,0,3.13995464082708,17.4022532550686,-0.000330085884624969
-120.540851430488,-189.653034100856,0,3.13983145958958,17.379252525743,-0.000424301892330479
-120.740851064352,-189.652657226051,0,3.13948403229541,17.3564766099367,-0.000522757398560285
-120.940850520125,-189.652190653007,0,3.13925978625793,17.3342690977414,-0.000443701463399763
-121.140849975899,-189.651724079964,0,3.13925978625786,17.3111780405873,-0.000366385160392782
-121.340849431672,-189.651257506921,0,3.13925978625793,17.2880561415364,-0.000366385160392782
-121.540848887445,-189.650790933878,0,3.139259786258,17.2649032766741,-0.000366374623680654
-121.740848343218,-189.650324360835,0,3.13925978625786,17.2417193212543,-0.000366374623680654
-121.940847798992,-189.649857787791,0,3.13925978625793,17.2185041496906,-0.000366374623680654
-122.140847254765,-189.649391214748,0,3.13925978625793,17.1952576355492,-0.000366374623680654
-122.340846710538,-189.648924641705,0,3.13907133318224,17.1719796515403,-0.000560215222495882
-122.54084596141,-189.648382687709,0,3.13868599015189,17.1492504834811,-0.000579778970302804
-122.740844998206,-189.647761978033,0,3.13848910022562,17.1265416895835,-0.000518188347857912
-122.940844035002,-189.647141268356,0,3.13848910022562,17.1031701811402,-0.000406065323845338
-123.140843071799,-189.64652055868,0,3.13848910022576,17.0797666917626,-0.000406065323845338
-123.340842108595,-189.645899849004,0,3.13848910022576,17.0563310898048,-0.000406065323845338
-123.540841145392,-189.645279139327,0,3.13848910022569,17.0328632427223,-0.000406065323845338
-123.740840182188,-189.644658429651,0,3.13848910022562,17.0093630170351,-0.000406054787133211
-123.940839218985,-189.644037719975,0,3.13848910022569,16.9858302783609,-0.000550307251646407
-124.140838255781,-189.643417010298,0,3.13810141903006,16.9622648913782,-0.000642136296987457
-124.340836745117,-189.642641229114,0,3.13767461032931,16.9411342633259,-0.000642136296987457
-124.540835179199,-189.641849797029,0,3.13763548283728,16.9175303492467,-0.000547909752569819
-124.740833613281,-189.641058364944,0,3.13763548283721,16.8938696904434,-0.000449464783052141
-124.940832047363,-189.640266932859,0,3.13763548283707,16.8701758472662,-0.000449464783052141
-125.140830481445,-189.639475500774,0,3.13763548283721,16.8464486796976,-0.000449454246340013
-125.340828915527,-189.638684068689,0,3.13763548283721,16.8226880467327,-0.000449454246340013
-125.540827349609,-189.637892636604,0,3.13763548283714,16.7988938063696,-0.000604745510218471
-125.740825783691,-189.637101204519,0,3.1373469779347,16.7750658156059,-0.000710346955495272
-125.940823706621,-189.636194371605,0,3.13687481491043,16.752490924865,-0.000710346955495272
-126.140821304158,-189.63521407618,0,3.1366911568387,16.7291076480796,-0.000710346955495272
-126.340818901696,-189.634233780755,0,3.13669115683863,16.7051801157915,-0.000516506356680044
-126.540816499234,-189.63325348533,0,3.13669115683856,16.6812182618967,-0.000496942608873122
-126.740814096772,-189.632273189904,0,3.13669115683863,16.6572219382775,-0.000496942608873122
-126.940811694309,-189.631292894479,0,3.1366911568387,16.6331909957481,-0.000496942608873122
-127.140809291847,-189.630312599054,0,3.1366911568387,16.6091252840495,-0.000744136386645032
-127.340806889385,-189.629332303629,0,3.13638059542023,16.5850246518132,-0.000784936206788017
-127.540803813224,-189.628227785463,0,3.13585883106908,16.5623344673292,-0.000784936206788017
-127.740800278902,-189.62703878739,0,3.13564762820491,16.5388202682968,-0.000784936206788017
-127.940796744579,-189.625849789317,0,3.13564762820498,16.5146170366444,-0.000640694278986948
-128.140793210257,-189.624660791244,0,3.13564762820498,16.4903782815018,-0.000548865233645898
-128.340789675935,-189.623471793171,0,3.13564762820484,16.466103845993,-0.000548865233645898
-128.540786141612,-189.622282795098,0,3.13564762820484,16.4417935720841,-0.000675026033967763
-128.74078260729,-189.621093797025,0,3.13564762820498,16.417447300571,-0.000866473573680867
-128.940779072968,-189.619904798952,0,3.13515324066899,16.3930648710675,-0.000866473573680867
-129.140774249092,-189.618518050076,0,3.13457725345294,16.3723615632674,-0.000866484110392994
-129.340769212372,-189.617098662037,0,3.13449565381935,16.3480051616955,-0.000866494647105122
-129.540764175653,-189.615679273998,0,3.13449565381943,16.3235190068447,-0.000711213919938792
-129.740759138934,-189.61425988596,0,3.13449565381943,16.2989960662312,-0.000605612474661992
-129.940754102214,-189.612840497921,0,3.13449565381942,16.2744361735582,-0.000678438806260217
-130.140749065495,-189.611421109882,0,3.13449565381943,16.2498391612724,-0.000955532253898064
-130.340744028775,-189.610001721843,0,3.13424333226447,16.2252048605625,-0.000955521717185936
-130.540738211662,-189.608481408193,0,3.13360811557231,16.2014152884704,-0.000955521717185936
-130.740731210309,-189.606807941114,0,3.13322522055777,16.1787811154125,-0.000955511180473809
-130.940724208956,-189.605134474036,0,3.13322522055777,16.1540384542203,-0.000955511180473809
-131.140717207604,-189.603461006957,0,3.1332252205577,16.1292578372481,-0.000708317402701899
-131.340710206251,-189.601787539879,0,3.1332252205577,16.104439089289,-0.000777917854214252
-131.540703204898,-189.6001140728,0,3.1332252205577,16.0795820337663,-0.00105263381382052
-131.740696203545,-189.598440605721,0,3.13307956791826,16.0546864927541,-0.00105264435053264
-131.940688673931,-189.596708879973,0,3.13237972833158,16.0300335121364,-0.00105263381382052
-132.140679134359,-189.594755488613,0,3.13182554149731,16.0094859434931,-0.00105263381382052
-132.340669594787,-189.592802097253,0,3.13182554149724,15.984481229464,-0.00105262327710839
-132.540660055215,-189.590848705892,0,3.13182554149718,15.9594373389255,-0.000926462476786523
-132.740650515643,-189.588895314532,0,3.13182554149724,15.9343540871687,-0.00100084210978412
-132.940640976071,-189.586941923171,0,3.13182554149731,15.9092312880061,-0.0011583871366154
-133.140631436499,-189.584988531811,0,3.13160474100641,15.8840687537945,-0.00115837659990327
-133.340620966283,-189.582946825145,0,3.13083450851518,15.8594965138842,-0.00115836606319114
-133.54060818029,-189.58068535796,0,3.13028507670188,15.8384403017907,-0.00115835552647901
-133.740595394297,-189.578423890776,0,3.13028507670188,15.8131651225612,-0.00115835552647901
-133.940582608304,-189.576162423591,0,3.13028507670181,15.7878494796913,-0.0011906668399135
-134.140569822311,-189.573900956407,0,3.13028507670188,15.7624931782186,-0.0012732726593324
-134.340557036317,-189.571639489222,0,3.13028507670195,15.737096021616,-0.00127328319604453
-134.540544250324,-189.569378022038,0,3.12975342250949,15.7116578117512,-0.0012732726593324
-134.740528879636,-189.566903908884,0,3.12890667808004,15.6899515707096,-0.00127328319604453
-134.940511977104,-189.564303769042,0,3.12859158812688,15.6656889803701,-0.00127328319604453
-135.140495074572,-189.5617036292,0,3.12859158812688,15.6401346295311,-0.00131170048170575
-135.340478172039,-189.559103489358,0,3.12859158812688,15.6145384571513,-0.00167250209202628
-135.540461269507,-189.556503349516,0,3.12859158812696,15.5889002572351,-0.00139778613242002
-135.740444366975,-189.553903209674,0,3.12838131289837,15.5632198220685,-0.00139778613242002
-135.940426292764,-189.551218967881,0,3.12745163900998,15.5380333268673,-0.00139778613242002
-136.140404209984,-189.548246994677,0,3.12673224063136,15.5194648976006,-0.00139778613242002
-136.340382127203,-189.545275021472,0,3.12673224063136,15.493669375195,-0.00149188881844623
-136.540360044422,-189.542303048268,0,3.12673224063129,15.4678308339605,-0.00195556454889544
-136.740337961641,-189.539331075063,0,3.12673224063129,15.4419490579401,-0.00168973737618474
-136.94031587886,-189.536359101859,0,3.12665540607206,15.4160238293802,-0.00153219234935347
-137.140293308057,-189.533356398692,0,3.12563616759802,15.390123887659,-0.00153220288606559
-137.340264751489,-189.5299767816,0,3.12469376383097,15.378344514519,-0.00153220288606559
-137.540236194921,-189.526597164508,0,3.12469376383104,15.3523118782559,-0.00183605105933166
-137.740207638353,-189.523217547416,0,3.12469376383104,15.326235023881,-0.00214146034552863
-137.940179081785,-189.519837930323,0,3.12469376383104,15.3001137253041,-0.00203633323720805
-138.140150525217,-189.516458313231,0,3.12450557959779,15.2739477545014,-0.00167662343343917
-138.34012061271,-189.513003434628,0,3.12339004370513,15.2481417812145,-0.0016766339701513
-138.540084018284,-189.509177675749,0,3.12246269243499,15.2347915853637,-0.00171476829851953
-138.740047423859,-189.505351916871,0,3.12246269243506,15.2085132294209,-0.00234054897554004
-138.940010829434,-189.501526157993,0,3.12246269243513,15.1821893891978,-0.00234054897554004
-139.139974235008,-189.497700399115,0,3.12246269243506,15.1558198276922,-0.00230212115316669
-139.339937640583,-189.493874640237,0,3.12185501757583,15.1294043058367,-0.00183091927119082
-139.5398961004,-189.489805861706,0,3.12063652365509,15.1073912527986,-0.00183091927119082
-139.739849588878,-189.485492806463,0,3.12002570549814,15.0853681087155,-0.00243421335952425
-139.939803077356,-189.48117975122,0,3.12002570549814,15.058829004129,-0.00255237475076808
-140.139756565834,-189.476866695978,0,3.12002570549814,15.0322430453922,-0.00255238528748021
-140.339710054312,-189.472553640735,0,3.11994945792888,15.0056099834657,-0.00245829313816613
-140.539662844583,-189.468210094434,0,3.11862164866419,14.9789921701323,-0.00199461740771691
-140.739604174179,-189.463366054886,0,3.11737008722203,14.9789921701323,-0.00264026350840729
-140.939545503776,-189.458522015337,0,3.11737008722196,14.9522642577265,-0.00277637763267278
-141.139486833372,-189.453677975789,0,3.11737008722203,14.9254884822248,-0.00277637763267278
-141.339428162969,-189.448833936241,0,3.1173700872221,14.8986645855602,-0.00277637763267278
-141.539369492565,-189.443989896692,0,3.11616349944063,14.8717923073524,-0.00248686799476018
-141.739298436464,-189.438663381086,0,3.11472058818731,14.8717923073524,-0.00301207866533092
-141.939224954494,-189.433242367485,0,3.11448426553835,14.8454625950155,-0.00301206812861879
-142.139151472524,-189.427821353883,0,3.11448426553829,14.8184938391236,-0.00301207866533092
-142.339077990554,-189.422400340282,0,3.11448426553835,14.7914759121645,-0.00301205759190666
-142.539004508583,-189.41697932668,0,3.11319297388608,14.7644085442033,-0.00333841052341299
-142.738916219128,-189.411042008836,0,3.11162945307388,14.7644085442033,-0.00325909514220228
-142.938824807978,-189.404995844434,0,3.11135722501317,14.7380615755506,-0.00325909514220228
-143.138733396828,-189.398949680032,0,3.11135722501318,14.7108959280093,-0.00325910567891441
-143.338641985678,-189.39290351563,0,3.1113285690199,14.6836800225529,-0.00325910567891441
-143.538550208649,-189.386845894655,0,3.10963867234608,14.6564218560956,-0.00420560358928838
-143.738437220975,-189.380124116386,0,3.10797743182658,14.6564218560956,-0.00363537829335969
-143.938324233302,-189.373402338116,0,3.10797743182665,14.6291046077276,-0.00351721690211586
-144.138211245629,-189.366680559846,0,3.10797743182666,14.6017362537418,-0.00351720636540373
-144.338098257955,-189.359958781577,0,3.10724847947708,14.5743165062368,-0.00425941037377009
-144.537974939655,-189.352945605282,0,3.10542659515678,14.5527129953013,-0.00456779903335399
-144.737836132499,-189.345495531799,0,3.10433366608903,14.5422330593477,-0.00392215293266362
-144.937697325343,-189.338045458317,0,3.10433366608896,14.5147009046823,-0.00378603880839813
-145.137558518188,-189.330595384835,0,3.1043336660889,14.487116426411,-0.00447386040600832
-145.337419711032,-189.323145311352,0,3.10244066961145,14.459479325079,-0.00490975544741665
-145.537251215599,-189.314938621963,0,3.10048153507602,14.459479325079,-0.00489542744877531
-145.737081682914,-189.306705497842,0,3.10041539750864,14.4318314041351,-0.0040648074920076
-145.936912150228,-189.298472373721,0,3.10041539750872,14.4040882279088,-0.00487345312868091
-146.136742617543,-189.2902392496,0,3.09893099166495,14.3762915133695,-0.00526337386595313
-146.336547395776,-189.281412919225,0,3.09682980574479,14.3762915133695,-0.00526338440266525
-146.536341500085,-189.272340109114,0,3.09621302951596,14.3523086956795,-0.00489890767950283
-146.736135604394,-189.263267299002,0,3.09621302951603,14.324411502609,-0.00548176643093385
-146.935929708703,-189.254194488891,0,3.0948373891865,14.2964598728524,-0.00562713467458408
-147.135697615838,-189.244572046578,0,3.09258995536394,14.2964598728524,-0.00562713467458408
-147.335448920957,-189.234601284165,0,3.09171816726143,14.2767653400323,-0.00594867312566668
-147.535200226077,-189.224630521752,0,3.09171816726143,14.2487202433884,-0.00603220794496443
-147.734951531196,-189.214659759339,0,3.09010087936258,14.2206198379096,-0.00599913915255968
-147.934669036415,-189.20404296544,0,3.08770374583076,14.2206198379096,-0.00599913915255968
-148.134370243649,-189.193114661389,0,3.08692390624439,14.1987332023002,-0.00703155615639293
-148.334071450883,-189.182186357338,0,3.0869239062443,14.1705336720288,-0.0066855300132294
-148.533772658116,-189.171258053287,0,3.0846652591958,14.1422779123486,-0.00637715189035763
-148.733422199368,-189.159427769665,0,3.08211587268963,14.1422779123486,-0.00687787156707982
-148.933065090082,-189.147481381622,0,3.08182513658027,14.1147367169964,-0.00788223550722917
-149.132707980796,-189.135534993579,0,3.08118206133769,14.0863690349971,-0.00719441390961898
-149.332334812594,-189.12333187668,0,3.0784789174748,14.0618992733901,-0.00685416018219664
-149.531910200537,-189.110306342998,0,3.07641885601658,14.0618992733901,-0.0083388018061503
-149.731485588479,-189.097280809317,0,3.07641885601658,14.0334247842417,-0.0083388018061503
-149.931060976421,-189.084255275635,0,3.07435402729831,14.0048924014064,-0.00753015616947699
-150.130580218786,-189.07040572135,0,3.07149683600994,14.0048924014064,-0.00862664242343724
-150.330077915908,-189.056239958289,0,3.07070448278907,13.98245719587,-0.00879362683304467
-150.52957561303,-189.042074195228,0,3.06970304729727,13.9538205963258,-0.00879362683304467
-150.729043735266,-189.027508950494,0,3.0666928785454,13.935797224017,-0.00911409343205075
-150.928452535082,-189.01214241035,0,3.064684157396,13.935797224017,-0.00924248320632601
-151.127861334898,-188.996775870206,0,3.0644928749841,13.9070645453639,-0.00924249374303814
-151.327264014909,-188.981333061895,0,3.06133230474368,13.8785871293213,-0.0104964893601625
-151.526571697515,-188.964706346822,0,3.05836302050545,13.8785871293213,-0.00968078872156083
-151.725879380122,-188.948079631748,0,3.05836302050544,13.8497357630448,-0.00969879756873922
-151.925187062728,-188.931452916675,0,3.05539020804731,13.8208241688461,-0.0115322375163427
-152.124391971248,-188.913641527932,0,3.05208342086129,13.8208241688461,-0.0104998205125095
-152.323585333977,-188.895697051213,0,3.05174945269964,13.792804156877,-0.0105295151417772
-152.522778696706,-188.877752574495,0,3.04884987655056,13.7637729750953,-0.0120110626772607
-152.721864015521,-188.858653312151,0,3.0454027751312,13.7637729750953,-0.0115103430005385
-152.920928932765,-188.839335995492,0,3.04485526080587,13.7372838732745,-0.0115133886937345
-153.119993850008,-188.820018678834,0,3.0417041959674,13.7081351107664,-0.0124629406442018
-153.318932537111,-188.799447275047,0,3.03812445842134,13.7081351107664,-0.0123672993302158
-153.517854052068,-188.778705267253,0,3.03765977770205,13.6804707398182,-0.0126387744753852
-153.716774019806,-188.75794893561,0,3.0339568718974,13.6512112378607,-0.0128819250371704
-153.915536469782,-188.735734335018,0,3.03028998475311,13.6512112378607,-0.0135091181777134
-154.114298919759,-188.713519734426,0,3.02943824396039,13.6218782941522,-0.0134292179352481
-154.313022236018,-188.690966691041,0,3.02562337838806,13.5990565539338,-0.0132622335256407
-154.511609411434,-188.667236251515,0,3.0226602728645,13.5990565539338,-0.0149087678617407
-154.710196586851,-188.643505811989,0,3.02064546765351,13.569610869774,-0.0138721363058013
-154.908685006445,-188.618975523004,0,3.01673154198112,13.569610869774,-0.0143173479190062
-155.107080341954,-188.593691321448,0,3.01483245147183,13.569610869774,-0.01567523068126
-155.305475677463,-188.568407119893,0,3.01132022271048,13.5401011501794,-0.0140996966130531
-155.503687834525,-188.541730022739,0,3.00732168080843,13.5401011501794,-0.0158530062624842
-155.701874628688,-188.514860065178,0,3.00558100356944,13.5124571114722,-0.015952311515455
-155.899991990689,-188.487493181863,0,3.00151359975211,13.5004760142805,-0.0153427660236997
-156.097953648665,-188.459011925375,0,2.99870060239661,13.5004760142805,-0.0162028216460042
-156.295915306642,-188.430530668887,0,2.99540754569422,13.4708148458867,-0.0163417435683202
-156.493684014882,-188.400746400157,0,2.99128815279568,13.4708148458867,-0.0163693347810127
-156.691404306675,-188.370635169471,0,2.98902391049104,13.4469868520701,-0.0163693242443006
-156.889035641463,-188.339955686186,0,2.98487018079691,13.4469868520701,-0.0174059175803595
-157.086498966654,-188.308202966545,0,2.98215441207154,13.4469868520701,-0.0164676191911419
-157.283962291845,-188.276450246904,0,2.97821912570041,13.4172074367115,-0.0179885146503761
-157.481169227116,-188.243144437386,0,2.97404920386026,13.4172074367115,-0.0167399093367549
-157.678360875873,-188.209746029331,0,2.9713668053481,13.3877875233654,-0.017562153299412
-157.875384999179,-188.17538295076,0,2.96719890189918,13.3877875233654,-0.0178635873418481
-158.072291398751,-188.140341977495,0,2.96434922291999,13.3877875233654,-0.0171296405331073
-158.26911679024,-188.104856490883,0,2.96020133069351,13.3701604421928,-0.0184099784526156
-158.465725726309,-188.06818325462,0,2.95718304812227,13.3701604421928,-0.0171002124915407
-158.662334662377,-188.031510018357,0,2.9530950315494,13.3402095279672,-0.0182562335817491
-158.858637152666,-187.993230551472,0,2.94898450710133,13.3402095279672,-0.0175892501875186
-159.054937955757,-187.954942241173,0,2.94592022315639,13.310195040343,-0.0180335463367735
-159.251000987369,-187.915460680403,0,2.94186340446196,13.310195040343,-0.0180335463367735
-159.446984676087,-187.875580939227,0,2.93871761384793,13.2892308174293,-0.0176765707470622
-159.642795085805,-187.834866687829,0,2.93472956775296,13.2892308174293,-0.0177472389009004
-159.838454460696,-187.793425053963,0,2.93152721599963,13.2892308174293,-0.0178745178947189
-160.03400029303,-187.751457490828,0,2.92762141707653,13.27972453951,-0.0174037412184288
-160.22932997735,-187.70848872981,0,2.92438722212572,13.27972453951,-0.0179618158221703
-160.424600776974,-187.665257067719,0,2.92057531981202,13.253163023316,-0.0170104818730235
-160.619597203257,-187.620800417635,0,2.91733299516983,13.253163023316,-0.0179317667257619
-160.814584234647,-187.576303253358,0,2.91362463599379,13.2230272127799,-0.0165869137039506
-161.009245578499,-187.530401606224,0,2.91002025199448,13.2230272127799,-0.0173179667779152
-161.203906922352,-187.484499959091,0,2.90679892192451,13.1927422725496,-0.0166154779066511
-161.398268028409,-187.437345249092,0,2.90320161953483,13.1927422725496,-0.0166902698411991
-161.592594093271,-187.390044292283,0,2.90012331711145,13.1634375233899,-0.0165451096947151
-161.786660857619,-187.341693962937,0,2.89664240895251,13.1634375233899,-0.0160544972551593
-161.98065291611,-187.293041303789,0,2.89361812558223,13.1377885179294,-0.0163907412742417
-162.174423525768,-187.243518077223,0,2.89025675475068,13.1377885179294,-0.0154169750869271
-162.368084124562,-187.193562372096,0,2.88729858925794,13.1182727778509,-0.0161680394425321
-162.56155832062,-187.142893612163,0,2.88405773923244,13.1265389109442,-0.0147842966379429
-162.754891056577,-187.091683718518,0,2.88117483948629,13.1265389109442,-0.0158929417761378
-162.948069948198,-187.039900255621,0,2.87805341176365,13.1265389109442,-0.0141631003730909
-163.141079223674,-186.987484422325,0,2.87525200376092,13.1447007215179,-0.0153932643922886
-163.333965061395,-186.934619399283,0,2.8722469269227,13.1447007215179,-0.0137825982414987
-163.52665582632,-186.881044506724,0,2.86953043851547,13.1675038279195,-0.0148242349433345
-163.719251748503,-186.827132282116,0,2.86663679962959,13.1675038279195,-0.0135078098457651
-163.911629236087,-186.772443139948,0,2.86400605560767,13.1902675127639,-0.0142129857398046
-164.103939001464,-186.717518275799,0,2.8612172449271,13.1902675127639,-0.0132278687184485
-164.296008463306,-186.661756982523,0,2.85867070943232,13.2129919798005,-0.0136381340586876
-164.488036180804,-186.605853333546,0,2.85597856983724,13.2129919798005,-0.0129553202975202
-164.679802625904,-186.54905869882,0,2.85351261301177,13.2356774310299,-0.0131046469303227
-164.871552490531,-186.49220861126,0,2.85090758640076,13.2356774310299,-0.0127006475225071
-165.063020431296,-186.434415638857,0,2.84844725763194,13.258324066724,-0.0126144709431898
-165.254488372061,-186.376622666455,0,2.84598801808196,13.258324066724,-0.0124694896377536
-165.44566967911,-186.317888685746,0,2.84345928098917,13.2809320777264,-0.0121674804835603
-165.636842886023,-186.259128112583,0,2.84120087552263,13.2809320777264,-0.0122647308510068
-165.827756788326,-186.199531255125,0,2.83873646009271,13.3035016491718,-0.0117623115954388
-166.018638053547,-186.139829139688,0,2.83652479743725,13.3035016491718,-0.0120879029385254
-166.209286350351,-186.079388431695,0,2.83411171374785,13.3260329814031,-0.0113967030592573
-166.39987726157,-186.018765791034,0,2.83193784342245,13.3260329814031,-0.0119393318160899
-166.590260890899,-185.957496794188,0,2.82956427494094,13.3485262723503,-0.0110675810780847
-166.780561872048,-185.895970079877,0,2.8274232051992,13.3485262723503,-0.0118182720976642
-166.9706813435,-185.833886413469,0,2.82508410037767,13.3709817181302,-0.0107711353610598
-167.160692408778,-185.771470108933,0,2.82297301084817,13.3849467495374,-0.0116882948708898
-167.350548041455,-185.708584284169,0,2.82066602965913,13.4041020650109,-0.0105376377329982
-167.540269099125,-185.645291944374,0,2.81858273508007,13.4245497276782,-0.0115134057083849
-167.729861081206,-185.581615610811,0,2.81630563901234,13.4368045439477,-0.010418950868331
-167.919291927303,-185.51745990532,0,2.8142480518094,13.4591127624467,-0.0113375362980693
-168.108620312715,-185.453003891933,0,2.81199865324319,13.4591127624467,-0.0103928911210496
-168.297760619661,-185.387996628581,0,2.80996476361966,13.48138406664,-0.0111011899368807
-168.486825323442,-185.322770977048,0,2.80774092344067,13.48138406664,-0.0103770055578113
-168.675674629321,-185.256923124621,0,2.80572879361683,13.5036186391743,-0.0108782499576654
-168.864475423266,-185.190937120256,0,2.8035284189948,13.5036186391743,-0.0103697617836975
-169.053033121709,-185.124258830252,0,2.80153617787235,13.5258166611948,-0.0106669965856101
-169.241569630247,-185.05752103076,0,2.7993572202033,13.5258166611948,-0.0103706942945648
-169.429834960874,-184.99002165829,0,2.79733618746262,13.5479783123629,-0.010467043501526
-169.618100291501,-184.922522285819,0,2.79522351145158,13.5479783123629,-0.0103796369842612
-169.806078696506,-184.85422804442,0,2.79306396402374,13.5701037664944,-0.0102780343062243
-169.994050735873,-184.785916168322,0,2.79112357494439,13.5701037664944,-0.0103964549955803
-170.181762551566,-184.716892991508,0,2.78898147066613,13.5921931883191,-0.0100996184998083
-170.369440204585,-184.647776433745,0,2.78705378497432,13.5921931883191,-0.0104210352569889
-170.556884410482,-184.578030111571,0,2.78492719724682,13.6142467572372,-0.00993145141689891
-170.744266402269,-184.508115955968,0,2.78301060271321,13.6142467572372,-0.0104532840182355
-170.931441807833,-184.437651665641,0,2.78089764250161,13.6362646509917,-0.00977319408437411
-171.118526675955,-184.366946276033,0,2.77899057151225,13.6463028603094,-0.0104931245274653
-171.305431917495,-184.29576860172,0,2.77688938606992,13.6682691107929,-0.00962451300129171
-171.492218004589,-184.224277639579,0,2.77499031269923,13.686087766191,-0.0105170593536317
-171.678851542203,-184.152390591041,0,2.77289908444205,13.7046596464743,-0.00950851501066739
-171.865336988943,-184.080119032636,0,2.77100652186557,13.7265325565381,-0.010471053618226
-172.051697103512,-184.007526062838,0,2.76892346739318,13.7379535520648,-0.00952429424753596
-172.237879841896,-183.934478215998,0,2.76703596562668,13.759773537333,-0.0103884637910956
-172.423964632134,-183.861182237817,0,2.764959334893,13.759773537333,-0.00959434522147013
-172.609842379085,-183.787361758354,0,2.76307547885699,13.7815589756272,-0.0102674809223452
-172.79564975864,-183.713365160516,0,2.76100355448502,13.7815589756272,-0.00967086482072588
-172.981220009904,-183.638775068374,0,2.75912196238507,13.8033100305213,-0.010155567088404
-173.166747704542,-183.564079730753,0,2.75705305912576,13.8033100305213,-0.00975384902380745
-173.352007728862,-183.488722425939,0,2.75517238114444,13.8250268643026,-0.010052394508194
-173.537253273733,-183.413329734337,0,2.75310484548001,13.8250268643026,-0.00984329887336236
-173.722200107309,-183.337207012695,0,2.75113289673235,13.8467096379858,-0.00995763784033646
-173.907146940885,-183.261084291054,0,2.7491559726651,13.8467096379858,-0.00993921903773485
-174.091791285545,-183.184230942113,0,2.74708818177553,13.868358503555,-0.00987097338782164
-174.276421726761,-183.107344010998,0,2.74520356143833,13.868358503555,-0.0100416164642029
-174.460774965336,-183.029795289223,0,2.74313392383201,13.8899736137003,-0.00979207823533708
-174.645085569762,-182.952144783132,0,2.74124479382458,13.8899736137003,-0.0101504991302372
-174.829144402861,-182.873900120204,0,2.73917175020156,13.9115551287115,-0.00972062931793043
-175.013131478526,-182.795486116429,0,2.73727691317531,13.9115551287115,-0.0102658748833301
-175.196892402137,-182.71654452199,0,2.73519893577236,13.9331032075421,-0.00965630242742991
-175.380552005082,-182.63736655633,0,2.73329722465848,13.9391603977258,-0.0103877503782905
-175.564011308957,-182.557726632062,0,2.73121281754811,13.9606658632887,-0.00959877115754511
-175.747339239066,-182.477783714665,0,2.72930309617028,13.9759719540653,-0.0104706970934732
-175.930493005383,-182.397443668572,0,2.72721079569605,13.9935921971712,-0.00959313826007837
-176.113484802515,-182.316734299956,0,2.72529195966628,14.0136118474559,-0.0105130745761388
-176.296328904865,-182.235691960978,0,2.72319033500706,14.0236899956455,-0.00964071054168825
-176.478979845285,-182.15421414827,0,2.7212613128996,14.0450660765255,-0.0105625067862853
-176.66150994803,-182.072466981315,0,2.719148966769,14.0450660765255,-0.00975588158588736
-176.843815041164,-181.990218254777,0,2.71720872156624,14.0664096731883,-0.0105564618144437
-177.026026599214,-181.907763376266,0,2.71508429103872,14.0664096731883,-0.00990129866472635
-177.207980584743,-181.82474080614,0,2.71313182184335,14.0877209332797,-0.0105319351380323
-177.389868843809,-181.74157500016,0,2.71099397930609,14.0877209332797,-0.0100524524420965
-177.57146618911,-181.657775213884,0,2.70902832331219,14.10900000333,-0.010513064196347
-177.753026186491,-181.573894949037,0,2.70687577754084,14.10900000333,-0.0102093412669304
-177.934261084468,-181.489314148879,0,2.70489601225588,14.1302470287666,-0.0104994625141757
-178.115487650425,-181.404715595903,0,2.70272750960814,14.1302470287666,-0.0103719576528559
-178.296354017735,-181.319349577043,0,2.70060803440252,14.1514621539248,-0.0104907317740294
-178.477220385045,-181.233983558183,0,2.69854708103928,14.1514621539248,-0.0105402880092278
-178.657733253225,-181.147872796403,0,2.69636140557335,14.172645511178,-0.0104864603943591
-178.838224728936,-181.061716965517,0,2.6943324831462,14.172645511178,-0.0107143124595172
-179.018386574503,-180.974874475599,0,2.69212845989512,14.1937972403586,-0.0104862220996646
-179.198496519203,-180.887923869964,0,2.690081797452,14.1937972403586,-0.01089400475842
-179.378301287501,-180.800344693935,0,2.68785829373869,14.214917484855,-0.0104895744985441
-179.558022782898,-180.712594001105,0,2.68579320042866,14.214917484855,-0.0110793323005887
-179.737464224999,-180.624272983064,0,2.68354912702951,14.2360063870286,-0.0104960576825073
-179.916790074038,-180.535716561126,0,2.6814649685074,14.2360063870286,-0.0112702562249467
-180.095861752569,-180.446648370372,0,2.67919928137181,14.2566282371634,-0.0105051928541186
-180.274784480096,-180.357280268824,0,2.67709548334416,14.2566282371634,-0.0114043711962916
-180.453479776078,-180.26745942412,0,2.67480718540072,14.2722434283935,-0.0105788406318941
-180.631991630096,-180.177273405385,0,2.67268323730623,14.2845615096512,-0.0115187976866447
-180.810303750866,-180.086694300398,0,2.67037138034498,14.2890211553534,-0.0106793083820107
-180.988396704405,-179.995683861987,0,2.66822683914798,14.3070844768188,-0.0116377983485479
-181.16631869268,-179.904340791898,0,2.66589052577405,14.3070844768188,-0.0107817338424344
-181.343984446332,-179.812499189238,0,2.66372501984088,14.3280377661015,-0.0117611129577125
-181.521509190488,-179.720386378537,0,2.66136340548909,14.3280377661015,-0.0109668934094225
-181.698739175635,-179.627706648471,0,2.65917663852071,14.3489604580551,-0.0118072790975749
-181.875859421257,-179.534818279909,0,2.65678893351572,14.3489604580551,-0.0111741553658204
-182.052644804028,-179.441293264868,0,2.65458068850177,14.3698526863301,-0.0118357099709042
-182.229353166787,-179.347623509548,0,2.65216616016192,14.3698526863301,-0.0113855249284921
-182.405684852795,-179.25324588238,0,2.64993630332315,14.3907145836067,-0.0118622977972375
-182.581973832714,-179.158788930943,0,2.64749427808683,14.3907145836067,-0.011599873871622
-182.757842472592,-179.063551220411,0,2.64524276276872,14.4115462816045,-0.0118855837648166
-182.933704469733,-178.968301315246,0,2.64277262833544,14.4115462816045,-0.0118160710600453
-183.109100465526,-178.872195932151,0,2.64033721047936,14.432347911093,-0.011904141461859
-183.284496461319,-178.776090549056,0,2.63800080516171,14.432347911093,-0.0120330302804815
-183.459441328758,-178.679166699094,0,2.63550211635204,14.45311958616,-0.0119165834929904
-183.634354861697,-178.58218600001,0,2.63317956991525,14.45311958616,-0.0122497134167603
-183.80884747893,-178.484450643403,0,2.63065302623009,14.4738614344044,-0.0119215650776922
-183.98326872931,-178.386587333549,0,2.62831155694362,14.4738614344044,-0.012465133583523
-184.157301624152,-178.288035981352,0,2.62575890446369,14.4750892221735,-0.0119177875158223
-184.331220982172,-178.189283478062,0,2.62340048147839,14.4508624736213,-0.0126783581986647
-184.504786994404,-178.089912392814,0,2.62082353963482,14.4508624736213,-0.011904001509881
-184.678195086627,-177.990264846172,0,2.61845011806627,14.4301250970898,-0.0128885119735763
-184.851287378165,-177.89007103063,0,2.61585068785517,14.4301250970898,-0.0118790103276223
-185.024175076433,-177.789523311672,0,2.61346419756404,14.4154923793803,-0.013013635704871
-185.196787139276,-177.688504493464,0,2.6108440591336,14.4154923793803,-0.011922865011814
-185.369145569195,-177.587052181337,0,2.60844639959197,14.4242120969591,-0.0131132221746078
-185.541271232226,-177.485206795698,0,2.60580730993181,14.4242120969591,-0.0120330888856096
-185.713091781183,-177.382846163831,0,2.60340034539538,14.442311581704,-0.0131458752056623
-185.884725215813,-177.280173334595,0,2.60074403613831,14.442311581704,-0.0122165761890954
-186.055999540493,-177.176901335943,0,2.59832959113305,14.4630689628109,-0.0130875829515432
-186.227135265117,-177.073400854926,0,2.59565776647097,14.4630689628109,-0.012396093583525
-186.397855298495,-176.969215106363,0,2.59323762160941,14.4837965956107,-0.0130159193741714
-186.568488181769,-176.864887411312,0,2.59055195632746,14.4837965956107,-0.0125718488297518
-186.738646139543,-176.759786177228,0,2.58812784445818,14.5044946076388,-0.0129310481324051
-186.908771402466,-176.654632328488,0,2.58542998209332,14.5044946076388,-0.0127440557483055
-187.078359788919,-176.548614503665,0,2.5828869853093,14.525163125522,-0.012833153976087
-187.247948175372,-176.442596678842,0,2.58029513591512,14.525163125522,-0.0129129322533016
-187.416984619003,-176.335701251573,0,2.57758668532655,14.5458022625214,-0.0127224424286922
-187.585996232265,-176.228766343416,0,2.57515062094429,14.5373883329652,-0.0130786984770045
-187.754509653672,-176.121048753842,0,2.572433155687,14.5373883329652,-0.0125991393635528
-187.922937590375,-176.013196864021,0,2.56999954705489,14.5114421836618,-0.0132415749866769
-188.090924570934,-175.904660465277,0,2.56727460692873,14.5114421836618,-0.0124634904782175
-188.258762230244,-175.795892270858,0,2.56484492703497,14.4889474725685,-0.013401781103859
-188.426219703821,-175.686540916414,0,2.56211401449678,14.4889474725685,-0.0123157606720614
-188.593460790845,-175.576857650548,0,2.55968967324613,14.473541443713,-0.0135595333272751
-188.760386039576,-175.466695666471,0,2.5569542522064,14.473541443713,-0.0122880458409057
-188.92702456813,-175.356099098706,0,2.55453659474934,14.4833266359712,-0.0135249551365062
-189.093415217166,-175.245131255632,0,2.55179808949576,14.4833266359712,-0.0123608336369269
-189.259445511916,-175.133623671919,0,2.54938839488535,14.5040253186566,-0.0133522265505744
-189.425299523183,-175.021855156881,0,2.54664818913637,14.5040253186566,-0.0125098083401816
-189.590716221149,-174.909439339336,0,2.54424766930301,14.5246945043341,-0.0131677325212106
-189.756031886176,-174.796875727572,0,2.54150710538338,14.5246945043341,-0.01265772013123
-189.920829937616,-174.683554934062,0,2.53911690441806,14.5453343187509,-0.0129718285555436
-190.085605869491,-174.570202160935,0,2.53637728256233,14.5453343187509,-0.0128047421119227
-190.249780538167,-174.455980104549,0,2.53373487195664,14.5659448867635,-0.0127648851946103
-190.413955206843,-174.341758048162,0,2.53126105406862,14.5659448867635,-0.0129510377701263
-190.57756252552,-174.22672526615,0,2.52852362789169,14.5865263055224,-0.0125472869462548
-190.741109388356,-174.111606094608,0,2.52616064177017,14.5865263055224,-0.013096760156458
-190.904171017732,-173.99580155302,0,2.52342662412379,14.6070786970872,-0.0123194311811014
-191.067085963886,-173.879789828097,0,2.52107815579113,14.6070786970872,-0.0132420511720383
-191.229601736418,-173.763220770502,0,2.51834871753221,14.6207286535576,-0.0122655619226923
-191.391880965775,-173.646321447495,0,2.51601559465954,14.6207286535576,-0.0132031878852095
-191.553850993803,-173.528995348147,0,2.51329186295796,14.6207286535576,-0.0122405375226128
-191.715491014914,-173.411213755462,0,2.51097484580017,14.6378791439611,-0.0131258944298353
-191.876915678696,-173.293138293515,0,2.50825790401165,14.6378791439611,-0.012210645255484
-192.037913306181,-173.174480112405,0,2.50595768634947,14.6583595887539,-0.0129125849700223
-192.198793241486,-173.055663146854,0,2.50324857398793,14.6583595887539,-0.0123078699637666
-192.359145592924,-172.936134391367,0,2.50096578426853,14.6788114584667,-0.0126417053319679
-192.519481678237,-172.816583936788,0,2.49826549708194,14.6788114584667,-0.0124543347887564
-192.679186170567,-172.69619093396,0,2.49563300799829,14.6992348723739,-0.0123623140949144
-192.838890662896,-172.575797931133,0,2.49331018987673,14.6992348723739,-0.0126014820228705
-192.998033859452,-172.454664507436,0,2.49061967468455,14.7196299141082,-0.0120936856509239
-193.157088204904,-172.333413877776,0,2.48838406308388,14.7196299141082,-0.012730552997519
-193.315687986999,-172.211570262981,0,2.48570422766329,14.7389257996776,-0.0120462600392721
-193.474090188592,-172.089468901275,0,2.48348842351743,14.7389257996776,-0.0126316171589739
-193.632148369276,-171.966923695297,0,2.48082013363805,14.7389257996776,-0.0119949396257063
-193.789896715902,-171.843978751778,0,2.47862447627191,14.75486128064,-0.0125302719215975
-193.947415292086,-171.720740603549,0,2.47596855511788,14.75486128064,-0.0119399148775939
-194.104508353205,-171.596959465452,0,2.47379332709052,14.7751795728826,-0.0124268127999754
-194.261489491639,-171.473037053708,0,2.47115055574322,14.7751795728826,-0.0118813741582634
-194.417926111618,-171.348427327243,0,2.46895837796079,14.7954699624895,-0.0121376909888087
-194.574362731596,-171.223817600778,0,2.46636710288223,14.7954699624895,-0.0120033565164974
-194.730151427034,-171.098398835111,0,2.46373822034805,14.8157325601533,-0.011819509969188
-194.88593071916,-170.972968327877,0,2.4616190703696,14.8157325601533,-0.0121496733772358
-195.041186139946,-170.846890665761,0,2.45900476898752,14.8359674427807,-0.0117544839670464
-195.19630748013,-170.720647369624,0,2.45690724136061,14.8359674427807,-0.0120385802596503
-195.351032475134,-170.593919641898,0,2.45430817950319,14.8471057576627,-0.011686492016566
-195.505495495348,-170.466871716349,0,2.45223231128675,14.8577600442432,-0.0119266339357455
-195.659693021312,-170.339502701,0,2.44964910778175,14.8577600442432,-0.0116157112214727
-195.813497602773,-170.211658457009,0,2.44759489089154,14.8779378118175,-0.0118140760132081
-195.96717071079,-170.08365686563,0,2.44502812578043,14.8779378118175,-0.0115423153357663
-196.120316976927,-169.955024750012,0,2.44297397760588,14.8980882509237,-0.0116823336129089
-196.273463243063,-169.826392634394,0,2.44044572466616,14.8980882509237,-0.0114852776637938
-196.425957108448,-169.696987795574,0,2.437895939726,14.9182114701121,-0.0114664741887794
-196.578445417674,-169.567576375872,0,2.43590231799459,14.9182114701121,-0.0115099158816425
-196.730421783822,-169.437564809593,0,2.43337001150675,14.9383075393847,-0.011388352246956
-196.882252722142,-169.30738275949,0,2.43139824491411,14.9383075393847,-0.0113947450683477
-197.033715065349,-169.17677299904,0,2.42888388564743,14.9430222600883,-0.0113081146866261
-197.184889438817,-169.045829084304,0,2.42693377338105,14.9605089244708,-0.011279978510784
-197.335841271382,-168.914629538817,0,2.42443779472799,14.9605089244708,-0.0112259256960085
-197.486360098451,-168.782932603781,0,2.42250910337142,14.9805482970141,-0.0111658407584907
-197.636804956915,-168.651151550075,0,2.42003190426016,14.9805482970141,-0.0111421956985241
-197.786669460677,-168.518710504654,0,2.41783474441069,15.0005608988188,-0.0111421956985241
-197.93653396444,-168.386269459234,0,2.41566631590067,15.0005608988188,-0.0109682428574158
-198.085822494898,-168.253179887185,0,2.41320825822619,15.0205468118018,-0.0110579235818756
-198.235034095264,-168.120003694432,0,2.41134107063313,15.0205468118018,-0.0108566144642183
-198.383824361588,-167.986357746804,0,2.4089024839589,15.0372997270323,-0.0109742306375574
-198.532384667408,-167.852455410997,0,2.40705614739461,15.0493609409567,-0.0107475473694642
-198.68068039287,-167.718260955757,0,2.40463732201927,15.0493609409567,-0.0108922075115589
-198.828591191035,-167.583641507734,0,2.40281137940338,15.0692821571299,-0.0106413184656641
-198.976396050074,-167.448906220478,0,2.40041207439763,15.0692821571299,-0.0108129122359854
-199.123659162057,-167.313578559413,0,2.39840521527556,15.0891770726966,-0.0106728939588429
-199.27092227404,-167.178250898349,0,2.39622487061888,15.0891770726966,-0.0106026418728159
-199.417593737112,-167.042282476142,0,2.39384363088285,15.1090457741571,-0.0107373732173529
-199.564210686558,-166.906255015181,0,2.39207326631151,15.1090457741571,-0.0103674872847907
-199.710399566384,-166.769768343059,0,2.38970834629162,15.1272312638302,-0.0106665857863622
-199.856371490895,-166.633048932387,0,2.38795471306608,15.1399280930684,-0.0102767430690366
-200.002080751913,-166.496050400178,0,2.38560440014737,15.1399280930684,-0.0106015123806554
-200.147408400172,-166.358646344009,0,2.38386674394498,15.1597302965218,-0.0101904834287984
-200.292640856491,-166.221142076769,0,2.38152935536666,15.1597302965218,-0.0105430829643834
-200.437324586231,-166.08306015055,0,2.37953751024837,15.1795066673223,-0.010346861608068
-200.582008315972,-165.944978224331,0,2.37748085446473,15.1795066673223,-0.0102538166711974
-200.726122689305,-165.806302492034,0,2.37515473370882,15.1992572844284,-0.0104919521737002
-200.870162465534,-165.667548959236,0,2.37345661678382,15.1992572844284,-0.00998768902485354
-201.013804827695,-165.528384779757,0,2.37114013507336,15.2142972413702,-0.0104481512472276
-201.157200221144,-165.388965408299,0,2.3694544358961,15.2320063895557,-0.00992203441413883
-201.300372607466,-165.24931772677,0,2.36714599613468,15.2320063895557,-0.0104115512908993
-201.443122793264,-165.109237805102,0,2.36547217717452,15.2516890425771,-0.00993246527842107
-201.585827132146,-164.969111377199,0,2.36317020965163,15.2516890425771,-0.0103099901061518
-201.72793088871,-164.828375730078,0,2.36103150637376,15.2713463274023,-0.0102092693578029
-201.870034645273,-164.687640082957,0,2.35921073746336,15.2713463274023,-0.0099527980071823
-202.011624720569,-164.546388138443,0,2.3569136943725,15.2909783078405,-0.0103594773797943
-202.153080428686,-164.405001142432,0,2.35526560844676,15.2909783078405,-0.00973263450645302
-202.294204018146,-164.263283387128,0,2.35297197178881,15.2909783078405,-0.0103437523232539
-202.435009660271,-164.121248985853,0,2.35133291663025,15.3105851491982,-0.0096885131412804
-202.575668036923,-163.97906926077,0,2.34904119629683,15.3105851491982,-0.0103347429939131
-202.715821196662,-163.836390979959,0,2.34726672043016,15.3301669139918,-0.00993580313750791
-202.855974356401,-163.693712699148,0,2.34511955122938,15.3301669139918,-0.0100439999920278
-202.995513430361,-163.550433959156,0,2.3428282814868,15.3497236860982,-0.0102507051191792
-203.135011292154,-163.407114921498,0,2.34120528153951,15.3497236860982,-0.00969501808293713
-203.274084299987,-163.263384249643,0,2.33891301832369,15.3664491357366,-0.0103364173767289
-203.412923648987,-163.119427189485,0,2.33729669241624,15.3834058892406,-0.0095842982005266
-203.551531300606,-162.975247692791,0,2.33500202258738,15.3834058892406,-0.0103468661836595
-203.689708522757,-162.830654970711,0,2.33339214804089,15.4028950770017,-0.00976095691289298
-203.827851494134,-162.686029667832,0,2.33109368386447,15.4028950770017,-0.0101602308984708
-203.965362576454,-162.540803285107,0,2.32891340011672,15.4223596363567,-0.0101049490426113
-204.102873658774,-162.395576902383,0,2.32718644959966,15.4223596363567,-0.00981463758939664
-204.239882050933,-162.249876726898,0,2.32488282260544,15.4417996217429,-0.0103864047772821
-204.376722582001,-162.104018339903,0,2.32327882417511,15.4469709664734,-0.00953965169183723
-204.513262775777,-161.957879485974,0,2.32096869598646,15.4469709664734,-0.0104152764291454
-204.649427946443,-161.811390420521,0,2.31936936811335,15.4663800560788,-0.0096758245081958
-204.785500180319,-161.664815368733,0,2.3170514270901,15.4663800560788,-0.0102993130469779
-204.920984784634,-161.517696634394,0,2.31505002131874,15.485764819313,-0.0100485714559888
-205.056469388948,-161.370577900054,0,2.31312965755439,15.485764819313,-0.00995419199794207
-205.191387741224,-161.222940122828,0,2.31080261330438,15.5051253171946,-0.0104315441854571
-205.326186177606,-161.075192427249,0,2.30920208414356,15.5051253171946,-0.00960598777098689
-205.460631084634,-160.927123698151,0,2.30686467287531,15.5051253171946,-0.0105368902087354
-205.594737357284,-160.778747461388,0,2.30526745835539,15.5244617008742,-0.0096734136595039
-205.728708718942,-160.630249863158,0,2.30291844580776,15.5244617008742,-0.0104575672035092
-205.862116439518,-160.481245232053,0,2.30102309924357,15.5437740301997,-0.0100750408189208
-205.995524160093,-160.332240600948,0,2.29896276452264,15.5437740301997,-0.0101096048179783
-206.128316585597,-160.182687692777,0,2.29660093955228,15.5630623707711,-0.0104876968377283
-206.261018975161,-160.033054555391,0,2.29499651610445,15.5630623707711,-0.00975681368678541
-206.393330619297,-159.883076539794,0,2.29262069244304,15.5630623707711,-0.0107085422265214
-206.525320510553,-159.732814539919,0,2.29101864225946,15.5823268595069,-0.00974835943459719
-206.657151039926,-159.582413230445,0,2.28862766596882,15.5823268595069,-0.0106297144152527
-206.788420879766,-159.431521782216,0,2.28676586368633,15.6015675608739,-0.0101793905774207
-206.919690719605,-159.280630333987,0,2.28462088436131,15.6015675608739,-0.0102751881817608
-207.050311888094,-159.129177303876,0,2.28221362632068,15.6207845411624,-0.0106223363730264
-207.18085374046,-158.977655606483,0,2.28059942723718,15.6207845411624,-0.00991399214744361
-207.310985046748,-158.8257819383,0,2.27817478328465,15.6207845411624,-0.0109269623932365
-207.440790595848,-158.673628990833,0,2.27656242985413,15.6399779309761,-0.00989679448184237
-207.570431587372,-158.521336348306,0,2.27411933092962,15.6399779309761,-0.0108088546974287
-207.699492141246,-158.368550964733,0,2.27221587661119,15.6591477955034,-0.0103581025952332
-207.82855269512,-158.215765581159,0,2.27004649023359,15.6591477955034,-0.0104436155237649
-207.956948971473,-158.062421867738,0,2.26758389348135,15.678294196695,-0.0108322789119673
-208.085255465949,-157.909002692029,0,2.26595553927768,15.678294196695,-0.0100697668424671
-208.213151436496,-157.755241918464,0,2.26347242887983,15.678294196695,-0.0111887001978755
-208.340694439546,-157.601187439876,0,2.26184581372808,15.6974172690325,-0.0101162101510856
-208.468089657724,-157.447011231505,0,2.25934121159467,15.6974172690325,-0.0109863692735063
-208.594859374241,-157.292319800022,0,2.25731527364653,15.7165170733888,-0.0106089800237446
-208.721629090759,-157.13762836854,0,2.25518966755762,15.7165170733888,-0.0106058208119373
-208.847739821836,-156.982399676024,0,2.25266262262863,15.7355936619553,-0.0111156271951209
-208.973726098869,-156.827069517975,0,2.25101728228619,15.7355936619553,-0.0102146217833865
-209.099325145381,-156.671426916191,0,2.24846687496474,15.7355936619553,-0.0114900640458733
-209.224517477826,-156.51545615003,0,2.24682360151259,15.7546471840587,-0.010405359791257
-209.349604537509,-156.359401329813,0,2.2442489521907,15.7546471840587,-0.0111518121287133
-209.473992074306,-156.202787982075,0,2.24201108698509,15.7736776908294,-0.0109310608609401
-209.598379611102,-156.046174634337,0,2.24000849589195,15.7736776908294,-0.0107508906334442
-209.72213859016,-155.889064724504,0,2.23740875188748,15.7926852200364,-0.0114716938932031
-209.845710140995,-155.731806745933,0,2.23574521021237,15.7926852200364,-0.0104587236474102
-209.968945602408,-155.574286096475,0,2.23311955761696,15.7926852200364,-0.011705508759561
-210.091689644965,-155.416381378316,0,2.23145886253161,15.8116699453016,-0.0107642536913276
-210.214401583809,-155.258451841304,0,2.22880652898447,15.8116699453016,-0.0112928570685218
-210.336306271576,-155.099898231757,0,2.22625564301328,15.8116761446215,-0.0113246214989665
-210.458210959343,-154.94134462221,0,2.22446953547987,15.7863581139719,-0.0108660159103727
-210.579548094673,-154.7823570623,0,2.22178977400327,15.7863581139719,-0.0119010132080977
-210.70060126534,-154.623152383125,0,2.22010851227963,15.774776599442,-0.0107820693159772
-210.82140313572,-154.463757696502,0,2.21740062562488,15.7589772210723,-0.0118374138919434
-210.941592320182,-154.303899759763,0,2.21548036349628,15.7589772210723,-0.0111940637780662
-211.061781504644,-154.144041823024,0,2.212986793711,15.7335743890025,-0.0113951378613816
-211.181171818696,-153.983586670656,0,2.21025012291928,15.7335743890025,-0.0117910881432316
-211.300484250689,-153.8230732956,0,2.20854838832051,15.7088744354099,-0.0110114614253552
-211.419327459994,-153.662213149913,0,2.20578230707597,15.7088744354099,-0.0123301053880285
-211.537750086381,-153.501042179948,0,2.20408558809699,15.7088744354099,-0.0111297814027069
-211.656046972155,-153.339779360587,0,2.20128952451701,15.6853362456931,-0.0119203937092381
-211.773566463885,-153.177948680357,0,2.19888275137152,15.6853362456931,-0.0116968378704407
-211.891085955615,-153.016118000127,0,2.19677206703105,15.6598139561306,-0.011441773466867
-212.007920901196,-152.853793159986,0,2.19394548193422,15.6598139561306,-0.0123316675017118
-212.12452366495,-152.691300712515,0,2.1922302970125,15.6415769524253,-0.0113715341231843
-212.240801008553,-152.528576153067,0,2.18937270063461,15.6361545150305,-0.0124348028716379
-212.356473199118,-152.365419956955,0,2.18751440757728,15.6361545150305,-0.0116153184651272
-212.472145389683,-152.202263760842,0,2.18477567222589,15.610551816573,-0.011932458887189
-212.586922071377,-152.038476558943,0,2.18188669806561,15.610551816573,-0.0122698635402401
-212.701649628673,-151.874654742335,0,2.18015526413109,15.5851819570961,-0.0116161443410739
-212.815858059147,-151.710471626109,0,2.17723505892456,15.5851819570961,-0.0127348501368032
-212.929626880577,-151.545982552702,0,2.17551254501701,15.5851819570961,-0.0117381131568938
-213.043269275403,-151.381406586794,0,2.17256161616588,15.5613349954031,-0.0123995527649012
-213.156065330936,-151.216248935272,0,2.16999421169553,15.5613349954031,-0.0122171082735301
-213.268861386469,-151.051091283751,0,2.16786768032523,15.5356089947951,-0.0118591611153082
-213.380953589408,-150.885455999868,0,2.1648865397103,15.5356089947951,-0.0128961039375574
-213.492762931331,-150.719628767307,0,2.16315456564974,15.5209951965431,-0.0119787553187774
-213.604280697677,-150.553606213733,0,2.16014373383246,15.5071642886535,-0.0128344774393436
-213.715089464574,-150.387108714716,0,2.15801028893827,15.5071642886535,-0.0121715944397642
-213.82589823147,-150.220611215699,0,2.1553835941152,15.4813482705896,-0.0122494669158855
-213.935830557457,-150.05353425737,0,2.15234359220456,15.4813482705896,-0.0128816275623121
-214.045624978167,-149.886366122904,0,2.15060743929933,15.4575937198869,-0.0122121272583398
-214.154976231479,-149.718908863012,0,2.14753877971505,15.4575937198869,-0.0130376786533711
-214.263742629022,-149.55107003924,0,2.14579298672276,15.4575937198869,-0.0123257136706585
-214.372509026566,-149.383231215467,0,2.14271980043385,15.4316947743625,-0.012609183166691
-214.480241760481,-149.214727071785,0,2.13962301205672,15.4316947743625,-0.0128645280672333
-214.587966555955,-149.046217818508,0,2.13788797361842,15.4057588079835,-0.0124372273615933
-214.695113416019,-148.877341640595,0,2.1347635598894,15.4057588079835,-0.0131404872900978
-214.80178313245,-148.708162529601,0,2.13304461709168,15.4057588079835,-0.0125466765257318
-214.908349112073,-148.53891846714,0,2.12989310690735,15.3808866636133,-0.0129220713781208
-215.01395037823,-148.36907038035,0,2.12704758318995,15.3808866636133,-0.0128607154709531
-215.119551644387,-148.199222293561,0,2.12501296914806,15.3548583373119,-0.0126540647848893
-215.22446039778,-148.028946689856,0,2.12183486864917,15.3548583373119,-0.0132180481119395
-215.328979951943,-147.858430817288,0,2.12012445965263,15.3548583373119,-0.0127593936633621
-215.433305783077,-147.687797052355,0,2.11692029027477,15.3328031953117,-0.0131839460559512
-215.53673047675,-147.516614889912,0,2.1142830678057,15.3328031953117,-0.012874477848807
-215.640155170422,-147.345432727468,0,2.11199917700678,15.3066931055065,-0.0128626770228695
-215.742796419984,-147.173780671665,0,2.10876944646552,15.3066931055065,-0.0132704624427267
-215.845113221556,-147.001934018756,0,2.10707283372416,15.2945214229254,-0.0129639110722604
-215.947171483209,-146.829934569818,0,2.10381805564069,15.2758533420641,-0.0132376837578989
-216.048367481558,-146.657425526814,0,2.10131407674744,15.2758533420641,-0.013063113459571
-216.149563479908,-146.48491648381,0,2.09886325944996,15.2758533420641,-0.013063113459571
-216.249912280447,-146.311914190895,0,2.09558394083287,15.2848864200843,-0.0132978853509223
-216.34997468848,-146.138745156427,0,2.09390635148196,15.2682608882892,-0.0131602859942632
-216.44974245982,-145.965407167579,0,2.09060299864764,15.2521938568288,-0.0132547102280001
-216.548658617945,-145.791580835679,0,2.08814876092961,15.2521938568288,-0.0132554435378865
-216.64757477607,-145.617754503779,0,2.08562175337484,15.2521938568288,-0.0132554435378865
-216.745610755622,-145.443431173983,0,2.08229487007809,15.2696988018151,-0.0133005298683601
-216.843368135157,-145.268950531085,0,2.08064148444123,15.2855451474793,-0.0133485950570553
-216.940827109848,-145.094304009971,0,2.07729157063127,15.2698091336487,-0.0132470613895847
-217.037413316355,-144.919172331761,0,2.07479519444069,15.2698091336487,-0.0134397510467854
-217.133999522862,-144.744040653552,0,2.07229103682521,15.2698091336487,-0.0134397510467854
-217.229706988932,-144.568428202255,0,2.06891859018378,15.2851698314707,-0.0132786574528328
-217.325109765476,-144.392649050398,0,2.06729453130634,15.3036836286899,-0.0135289285237419
-217.420246350816,-144.216726592922,0,2.06390004679505,15.3036836286899,-0.0132150189696389
-217.514453581146,-144.040303811644,0,2.06126136033996,15.3232742130079,-0.0136161323461538
-217.608660811475,-143.863881030367,0,2.05888729851384,15.3232742130079,-0.0136161218094416
-217.702028841832,-143.687013805818,0,2.0554712646422,15.3286422065141,-0.0132325620632503
-217.795028553484,-143.50995151838,0,2.05388158883348,15.3482009335077,-0.0137013779511913
-217.887833953977,-143.332788022059,0,2.05044449741018,15.3482009335077,-0.0132746145122663
-217.979614321295,-143.155090627101,0,2.04755513752951,15.367734767861,-0.0136689691069447
-218.071394688613,-142.977393232142,0,2.04542651035726,15.367734767861,-0.0137846886311808
-218.162417206331,-142.79930772283,0,2.04196883733596,15.367734767861,-0.013162611798832
-218.252966553403,-142.620979890608,0,2.0404185256905,15.3872438043766,-0.0138660811124143
-218.343436838487,-142.442612258402,0,2.03694076201975,15.3872438043766,-0.0134881873826449
-218.432743641993,-142.263658926922,0,2.03368428872142,15.4067281372563,-0.0135364467729026
-218.522050445499,-142.084705595443,0,2.03192440298739,15.4067281372563,-0.0139455648665673
-218.610726278037,-141.905440128947,0,2.0284270083991,15.4067281372563,-0.0130691795452969
-218.698779170013,-141.725866499996,0,2.02668952093362,15.4261878601074,-0.0140231555413062
-218.78683206199,-141.546292871046,0,2.02340442659509,15.4261878601074,-0.0137493048930999
-218.873703096336,-141.366144871491,0,2.01988788821044,15.4456230364127,-0.0133255195199706
-218.960490866847,-141.185956406573,0,2.01839644417941,15.4456230364127,-0.0140988891661906
-219.046823789113,-141.005550841668,0,2.01486121300541,15.4456230364127,-0.0130345703617977
-219.132335388834,-140.824753257853,0,2.0125860074332,15.4650338177116,-0.014090861083862
-219.217846988554,-140.643955674038,0,2.00985080356746,15.4650338177116,-0.0140621036209161
-219.302367896684,-140.462693824763,0,2.00629735117999,15.4811209643884,-0.0130325668230149
-219.38659243939,-140.281293090459,0,2.00485782010238,15.5004872927926,-0.0142447889265766
-219.470591200819,-140.099788504198,0,2.00128660298172,15.5004872927926,-0.0133648305956323
-219.553517965785,-139.917790834838,0,1.99833669741292,15.5198294550561,-0.0137636888124312
-219.636444730751,-139.735793165479,0,1.99629491463095,15.5198294550561,-0.0143149855969258
-219.71862708551,-139.553459528233,0,1.99270637904364,15.5198294550561,-0.0127698155447385
-219.800245519818,-139.370871381901,0,1.9911596489039,15.5391475414202,-0.0143833940146909
-219.881863954126,-139.188283235568,0,1.98771803113121,15.5391475414202,-0.0137533773663542
-219.962223576351,-139.005137826306,0,1.98411263872805,15.55844161983,-0.0133488190321361
-220.042523297099,-138.821965899287,0,1.98275147618762,15.55844161983,-0.0144500140200652
-220.122383665871,-138.638603261263,0,1.97912965175261,15.55844161983,-0.0130824076709252
-220.201354462291,-138.454854483546,0,1.97670524031995,15.577711822911,-0.0140282554638447
-220.280325258711,-138.271105705828,0,1.97417003812684,15.577711822911,-0.014204235013485
-220.358362924498,-138.086959906331,0,1.97053222796804,15.577711822911,-0.0128429154671479
-220.435994759984,-137.902641437048,0,1.96923488728101,15.596958217475,-0.0145780033102214
-220.513554691879,-137.718292991998,0,1.9655815310761,15.596958217475,-0.0135571061804566
-220.589837705915,-137.53341221482,0,1.96212293285175,15.6161808915516,-0.0134826119230015
-220.666120719951,-137.348531437644,0,1.96065684180838,15.6161808915516,-0.0146394169301496
-220.741860811861,-137.16342897452,0,1.95698834954093,15.6161808915516,-0.0129185989644464
-220.816785321858,-136.977993493013,0,1.95478597200732,15.6353799326291,-0.0141050723997223
-220.891709831855,-136.792558011506,0,1.95207605121203,15.6353799326291,-0.0141004300034639
-220.965627822829,-136.606720155787,0,1.94839285617008,15.6432316862211,-0.0128882184366144
-221.039184325869,-136.420737788718,0,1.94719232869877,15.6623975683416,-0.014709589805243
-221.112656167943,-136.23472229949,0,1.94349485196252,15.6623975683416,-0.0134895663208967
-221.184835342433,-136.048201076113,0,1.94002465371166,15.6815400260559,-0.0134201789636566
-221.257014516923,-135.861679852737,0,1.93862691151916,15.6815400260559,-0.0147161822395505
-221.328671527751,-135.674958789683,0,1.93491554820837,15.6815400260559,-0.0129868842453619
-221.39946423498,-135.487906944989,0,1.93260195109386,15.7006591450421,-0.0139806250626874
-221.47025694221,-135.300855100296,0,1.93006524604254,15.7006591450421,-0.0141352806471978
-221.540099327846,-135.113447632604,0,1.926340411573,15.7006591450421,-0.0130340856592687
-221.609496613456,-134.925873602552,0,1.92515230460733,15.7197550104572,-0.0145212706977478
-221.678893899066,-134.738299572499,0,1.92150957741285,15.7197550104572,-0.0135665047595677
-221.746922745362,-134.550225064379,0,1.91777168101016,15.7388276937259,-0.0131483266119092
-221.814915840726,-134.362137481102,0,1.91671270056734,15.74636465794,-0.0148593813961975
-221.882545882891,-134.173920192708,0,1.91296211808416,15.74636465794,-0.013124293553124
-221.949126206405,-133.985327879713,0,1.91017536957464,15.7654051625964,-0.0136418717058869
-222.015706529918,-133.796735566718,0,1.90818792173064,15.7654051625964,-0.0143241097924945
-222.08153622744,-133.60788142628,0,1.90442504777341,15.7654051625964,-0.0131673153220586
-222.146695385724,-133.418793393629,0,1.90264964821509,15.7844226990037,-0.0141134077856723
-222.211854544008,-133.229705360978,0,1.89967528791462,15.7844226990037,-0.013802143298921
-222.275887416583,-133.040233963871,0,1.89590051346954,15.7996984375441,-0.0132080863750576
-222.339617205601,-132.850659403363,0,1.89496321393092,15.818674745924,-0.0145598844925304
-222.403295021784,-132.661067589754,0,1.89117691974725,15.818674745924,-0.013291949783547
-222.465587427875,-132.4710158701,0,1.8875275327141,15.8376283173123,-0.0132443664425242
-222.527879833966,-132.280964150446,0,1.88649238214327,15.8376283173123,-0.0144951744048439
-222.589778287445,-132.090784961347,0,1.88269499518946,15.8376283173123,-0.0132737813055581
-222.650625515184,-131.900265631943,0,1.87993278052238,15.8565592332427,-0.0134592913901225
-222.711472742924,-131.70974630254,0,1.87804062924607,15.8565592332427,-0.0141818044682999
-222.771598115748,-131.518999454504,0,1.87423427444601,15.8565592332427,-0.0132940988908622
-222.830993231292,-131.328022439527,0,1.872320098495,15.8754675747624,-0.0138117966456532
-222.890388346837,-131.13704542455,0,1.86961651514727,15.8754675747624,-0.0137034126829864
-222.948749602194,-130.945751187627,0,1.86580606314668,15.8754675747624,-0.0133032127345824
-223.006687593923,-130.754327079651,0,1.86469921729902,15.894353422437,-0.014058288338408
-223.064625585652,-130.562902971675,0,1.86123378384529,15.894353422437,-0.0132991297798794
-223.121235324866,-130.37108236094,0,1.85742436844865,15.9132168114089,-0.0132991192431672
-223.177713223016,-130.179222393723,0,1.85670937635467,15.9320579112338,-0.013883800717603
-223.234048594482,-129.987321059287,0,1.85290586271913,15.9320579112338,-0.0132799900428172
-223.289065390476,-129.795037018976,0,1.84947337800409,15.9508767560566,-0.013279968969393
-223.344082186469,-129.602752978664,0,1.84843798822199,15.9508767560566,-0.0136873361032144
-223.398700373896,-129.410356521389,0,1.84464498688076,15.9508767560566,-0.0132449213024458
-223.452256937778,-129.217660661378,0,1.84188739698127,15.9696734245541,-0.0132449213024458
-223.505813501659,-129.024964801368,0,1.84024035308819,15.9696734245541,-0.0134700488244507
-223.558734645304,-128.832094920453,0,1.8364622305576,15.9696734245541,-0.0131945753929129
-223.610833642075,-128.63899988029,0,1.83433117844232,15.9884479949402,-0.0131945753929129
-223.662932638845,-128.445904840127,0,1.83212667251276,15.9884479949402,-0.0132346337848238
-223.714179419484,-128.252583296748,0,1.82836754524542,15.9884479949402,-0.013129799240957
-223.764825224836,-128.059102025302,0,1.82681294967388,16.0072005449706,-0.0130622220311285
-223.815471030188,-127.865620753857,0,1.82410606333163,16.0072005449706,-0.0130514409910112
-223.865068355533,-127.671869213211,0,1.82036980267608,16.0072005449706,-0.0130514409910112
-223.914266971464,-127.478014896286,0,1.81934044918415,16.0259311519458,-0.0128114791889051
-223.963465587395,-127.284160579361,0,1.81618660373577,16.0259311519458,-0.0129603272186354
-224.011440289225,-127.090000471548,0,1.81247684181699,16.0446398271515,-0.0129603166819232
-224.059199259984,-126.895786464041,0,1.81192093835493,16.0633267781932,-0.0125496783783788
-224.106958230743,-126.701572456533,0,1.80837538274015,16.0633267781932,-0.0128572559018732
-224.153338774338,-126.50702485571,0,1.80469551916218,16.0819919976225,-0.0128572453651611
-224.199667103137,-126.312464618378,0,1.80432534933205,16.1006355965097,-0.0122791918734441
-224.245903572268,-126.117882861272,0,1.8006785523296,16.1006355965097,-0.012743020712749
-224.290811639164,-125.922989902118,0,1.79726762656637,16.119257632149,-0.0127430312494611
-224.33571970606,-125.728096942964,0,1.79671215651778,16.1378581791883,-0.0120022461126321
-224.380411078823,-125.533154875519,0,1.79310138161948,16.1378581791883,-0.0126183982541287
-224.423910560144,-125.337942695764,0,1.79004608902553,16.1564373118455,-0.0126183982541287
-224.467410041466,-125.142730516008,0,1.78922031457361,16.1689734788937,-0.0117208556197283
-224.510586864586,-124.947447646549,0,1.78564831241528,16.1689734788937,-0.0124840829269211
-224.552690654251,-124.751929691119,0,1.78290210090988,16.1875168991779,-0.0124840829269211
-224.594794443915,-124.556411735688,0,1.7818536939037,16.1875168991779,-0.0114369166278627
-224.636487958457,-124.360806944186,0,1.77832301561164,16.1875168991779,-0.0123407801476855
-224.677210091491,-124.164996556614,0,1.77584076270257,16.2060391015562,-0.0122228472729496
-224.717932224524,-123.969186169042,0,1.77461544133965,16.2060391015562,-0.0112700822102126
-224.758174150081,-123.773277659716,0,1.77112844792749,16.2060391015562,-0.0121891476242847
-224.797529728624,-123.577188041333,0,1.76886679520529,16.2245401586969,-0.0119114116715998
-224.836885307167,-123.38109842295,0,1.76750803646629,16.2245401586969,-0.0111458535798005
-224.875707642882,-123.184903689221,0,1.7640669085359,16.2245401586969,-0.012029823305878
-224.913712764933,-122.988547862473,0,1.76198455881751,16.2430201428542,-0.0116169342541266
-224.951717886985,-122.792192035725,0,1.76053334752332,16.2430201428542,-0.0109991339905579
-224.989152729557,-122.595727836353,0,1.75714009520258,16.2430201428542,-0.011863392338713
-225.025824420677,-122.399118612076,0,1.75519807330242,16.2614791258719,-0.0113391756665192
-225.062496111797,-122.2025093878,0,1.7536926865532,16.2614791258719,-0.0108319765560896
-225.09857549045,-122.005791733021,0,1.75034915960958,16.2614791258719,-0.0116903942133398
-225.133931638618,-121.808941681493,0,1.748511037919,16.2799171791864,-0.0110777302894458
-225.169287786786,-121.612091629965,0,1.74698686351558,16.2799171791864,-0.0106464800795345
-225.204043515066,-121.415135776499,0,1.7436947615982,16.2799171791864,-0.0115113855056775
-225.238102808859,-121.218057202051,0,1.74192685182623,16.29833437383,-0.0108320025006002
-225.272162102652,-121.020978627603,0,1.74041623915839,16.29833437383,-0.0104447327743235
-225.305625646816,-120.823799081405,0,1.73717712211828,16.29833437383,-0.0113268447245777
-225.33840751705,-120.626504000412,0,1.73544863466135,16.3167307804342,-0.0106012352421511
-225.371189387283,-120.429208919419,0,1.73398077647371,16.3167307804342,-0.0102288095907008
-225.403391750919,-120.231819445114,0,1.73079607472982,16.3167307804342,-0.0111372248021607
-225.434916315876,-120.034319567129,0,1.72907924722508,16.3351064692327,-0.0103845275462243
-225.466440880832,-119.836819689144,0,1.72768009063149,16.3351064692327,-0.0100007598744467
-225.497412505312,-119.639233325156,0,1.72455111555025,16.3351064692327,-0.0109429424666403
-225.527700519657,-119.441540036987,0,1.72282131220849,16.3534615100647,-0.010180861989609
-225.557988534002,-119.243846748818,0,1.721513497326,16.3534615100647,-0.00976260636642175
-225.587759214307,-119.046075827218,0,1.71844145159294,16.3534615100647,-0.0107443887683227
-225.616832021772,-118.848200179736,0,1.71667723491834,16.3717959723779,-0.00998907877729495
-225.645904829237,-118.650324532255,0,1.71548005951729,16.3717959723779,-0.00951629223983571
-225.674503644664,-118.452380702479,0,1.71246604748599,16.3717959723779,-0.0105418975066788
-225.702383134576,-118.254333399942,0,1.7106492239671,16.3901099252314,-0.00980797551392888
-225.730262624488,-118.056286097404,0,1.70957863259754,16.3901099252314,-0.00926375521008514
-225.757717883718,-117.858180353016,0,1.70662367060869,16.3901099252314,-0.0103357769061574
-225.78442645143,-117.6599717447,0,1.70473931191204,16.4084034372991,-0.00963619545127602
-225.811135019142,-117.461763136383,0,1.70380790805181,16.4084034372991,-0.0090067914376719
-225.837474219184,-117.263505844154,0,1.70091293471923,16.4084034372991,-0.010126288608539
-225.863034730457,-117.065145918102,0,1.69894937583588,16.4266765768724,-0.00947237833622771
-225.88859524173,-116.866785992049,0,1.6981664557227,16.4396917102463,-0.00874718326117338
-225.913845040246,-116.668386922676,0,1.69533234219631,16.4396917102463,-0.00991367932226198
-225.938280799634,-116.469885301365,0,1.69328115788578,16.4579301106774,-0.00931509969745129
-225.962716559022,-116.271383680053,0,1.69265276483089,16.4757218885359,-0.00848661647956679
-225.986902759589,-116.07285203992,0,1.68988032504786,16.4757218885359,-0.00969815974043098
-226.010237482871,-115.874217977662,0,1.68773628579035,16.4939204481039,-0.0091628619981365
-226.033572206153,-115.675583915403,0,1.68726528394134,16.5120989504175,-0.00822665046447106
-226.05671975607,-115.476928378855,0,1.68455528488648,16.5120989504175,-0.00947986231067513
-226.078977546773,-115.278170760754,0,1.68231629339643,16.5302574616483,-0.00901415874449707
-226.101235337477,-115.079413142653,0,1.68200246010046,16.5483960476047,-0.00803237634259617
-226.123368337786,-114.880641884294,0,1.67935563210644,16.5483960476047,-0.00919533307620621
-226.144573667857,-114.681769226604,0,1.6770226412841,16.566514773735,-0.00886748627157864
-226.165778997928,-114.482896568914,0,1.67686277742072,16.5846137051298,-0.00784189154144773
-226.18692072541,-114.284017295533,0,1.67427982454088,16.5846137051298,-0.00890793079717535
-226.207098420092,-114.085037747244,0,1.67185673752531,16.6026929065251,-0.00872128805710475
-226.227276114775,-113.886058198955,0,1.67184479541745,16.6207524423048,-0.00764926636103253
-226.247449055773,-113.687078180706,0,1.66932640591869,16.6207524423048,-0.00862488099031759
-226.266624282769,-113.487999526226,0,1.66681995867843,16.6387923765032,-0.00857404939446767
-226.285799509764,-113.288920871745,0,1.66681995867836,16.656812772808,-0.00745455222360057
-226.30497473676,-113.089842217265,0,1.66449404449057,16.656812772808,-0.00834726859941557
-226.323223668816,-112.89067663507,0,1.66204089998723,16.6748136839148,-0.00842423238861675
-226.341421931816,-112.691506297862,0,1.66191367112364,16.692795194133,-0.00725773632752815
-226.359620194816,-112.492335960653,0,1.65978157224268,16.692795194133,-0.00807602953610491
-226.376968973896,-112.293090050187,0,1.65739436181342,16.7107573359369,-0.00827031565907315
-226.394216110598,-112.093835097236,0,1.65713925286203,16.7287002107327,-0.00705877239820896
-226.411463247301,-111.894580144285,0,1.65518802517776,16.7287002107327,-0.00781196996644333
-226.427932646788,-111.695259689805,0,1.65286745503988,16.7466238351427,-0.00811083357146936
-226.444254831537,-111.495926836805,0,1.65249811593101,16.764528322496,-0.00685761118855317
-226.460577016286,-111.296593983806,0,1.65071268521305,16.764528322496,-0.00755568922761122
-226.476187281819,-111.097204450517,0,1.64845949016654,16.7824136784189,-0.0078807059386355
-226.491611033033,-110.89780006767,0,1.64799172960168,16.8002800236657,-0.00671774920502546
-226.507034784248,-110.698395684823,0,1.64635512431851,16.8002800236657,-0.00730760505393179
-226.521805734368,-110.498942243086,0,1.64417007983678,16.8181273570066,-0.00764180358201438
-226.536357926967,-110.299472361423,0,1.64362164456071,16.835955802879,-0.00657575378957463
-226.550910119566,-110.10000247976,0,1.64211525162131,16.835955802879,-0.00706792725555467
-226.56486126081,-109.900490027232,0,1.63999918655038,16.853115607693,-0.00739990541921478
-226.578569143884,-109.700960345376,0,1.63938951830556,16.8709070795339,-0.00642429078992972
-226.592277026959,-109.50143066352,0,1.63799336430803,16.8709070795339,-0.00683663548254916
-226.605427684616,-109.301863845146,0,1.63594717430854,16.886844849446,-0.00715477128520122
-226.618318904645,-109.102279736444,0,1.63529714202061,16.9046008225353,-0.00626205490938621
-226.631210124674,-108.902695627743,0,1.63399020329542,16.9046008225353,-0.00661345442854157
-226.64357959079,-108.703078853549,0,1.63201486518074,16.9198606001418,-0.00690610955904221
-226.655682220764,-108.503445373522,0,1.6313464692424,16.9375819622587,-0.00608781635046544
-226.667784850737,-108.303811893495,0,1.63010701480657,16.9375819622587,-0.00639783632643375
-226.679392551314,-108.104149354153,0,1.6282036019549,16.952870861015,-0.00665358512963911
-226.690735126191,-107.904471248205,0,1.6275396466718,16.9705577524798,-0.00590038756140473
-226.702077701067,-107.704793142256,0,1.6263456191838,16.9705577524798,-0.00618914385153093
-226.712943384887,-107.505088822425,0,1.62451531823322,16.986583703379,-0.00639712183781677
-226.723554943902,-107.30537053379,0,1.62387904755162,17.004235528594,-0.00569904379875871
-226.734166502916,-107.105652245155,0,1.62270848852111,17.004235528594,-0.00598782344938233
-226.744310454965,-106.905909934629,0,1.62095261759202,17.0215405882432,-0.00613818215825601
-226.754220591395,-106.706155612533,0,1.62036730809946,17.0391561996835,-0.0054847013032813
-226.764130727825,-106.506401290437,0,1.61919883304538,17.0391561996835,-0.00579524523015115
-226.773574010167,-106.30662459312,0,1.61751885896597,17.0567535973293,-0.00587888310644147
-226.782812928155,-106.106838101098,0,1.61700736194878,17.0743328795009,-0.00525915502712548
-226.792051846144,-105.907051609076,0,1.61582018093511,17.0743328795009,-0.00561288138456624
-226.800816364185,-105.707243941022,0,1.61421704276369,17.0918940637785,-0.00562132188619799
-226.809414665395,-105.507428853463,0,1.61380108718932,17.1094372405239,-0.00509882491229055
-226.818012966605,-105.307613765904,0,1.61257349506407,17.1094372405239,-0.00536750882077958
-226.826120653371,-105.107778317722,0,1.6110451846107,17.1269624348405,-0.00536750882077958
-226.834108156617,-104.907937881894,0,1.61074446741111,17.1444697277121,-0.00494666326128561
-226.842095659863,-104.708097446066,0,1.60945498270027,17.1444697277121,-0.00511942677742718
-226.84956775141,-104.508237161527,0,1.60799822167939,17.1619591534766,-0.00511941624071505
-226.856972982189,-104.308374302153,0,1.60783094599786,17.1794307817692,-0.00479561068888651
-226.864378212969,-104.108511442779,0,1.60645953658929,17.1794307817692,-0.00487902719365152
-226.871235228639,-103.908629033268,0,1.60507124611489,17.1968846585019,-0.00487902719365152
-226.878085496192,-103.70874638311,0,1.6049053300946,17.2143208392843,-0.00464700068511303
-226.884876182026,-103.508861769895,0,1.60358265533213,17.2143208392843,-0.00464794147758655
-226.891197666846,-103.308961697785,0,1.60240901605104,17.231739377028,-0.00464794147758655
-226.897519151666,-103.109061625675,0,1.60208014699826,17.2491403251819,-0.00450096673380659
-226.903709149403,-102.909157561313,0,1.6008204403165,17.2491403251819,-0.00442621486833538
-226.909526983934,-102.709242197218,0,1.5998896034586,17.2665237369257,-0.0044860058263535
-226.915344818465,-102.509326833123,0,1.59936873872165,17.2838896651714,-0.00429684203692694
-226.920954388112,-102.309405658163,0,1.59816954294873,17.2974381842124,-0.00421320416063662
-226.92629273122,-102.109476915624,0,1.59749121276002,17.3147731067043,-0.00440940062206077
-226.931631074328,-101.909548173086,0,1.59676808424376,17.3262737895082,-0.00401670586787765
-226.936680260466,-101.709612039846,0,1.59562711772102,17.3435798803597,-0.0040082653662459
-226.941562366204,-101.509671636116,0,1.59520928040396,17.3608687301764,-0.00426629050481773
-226.946444471943,-101.309731232386,0,1.59427563729615,17.3608687301764,-0.00381083425379817
-226.950953222101,-101.109782117401,0,1.59319078023831,17.3781403751092,-0.00383910719540238
-226.955401503233,-100.909831591533,0,1.59292000577676,17.3953948761447,-0.00408580004081373
-226.959801970778,-100.709880051266,0,1.59188928747561,17.3953948761447,-0.00362038139417153
-226.963838057463,-100.509920780403,0,1.59097813021699,17.4126322793827,-0.00380514646054683
-226.967874144148,-100.309961509539,0,1.59058573746521,17.4298526355504,-0.00377558435209443
-226.971753302649,-100.109999224752,0,1.58960732496555,17.445956563808,-0.00343641904412406
-226.975398096646,-99.9100324388179,0,1.58902130566786,17.4631440590254,-0.00377335469337301
-226.979042890643,-99.7100656528841,0,1.58835622050369,17.4765300583834,-0.00346741638367301
-226.982421690382,-99.5100942655442,0,1.58742840818343,17.4936875092673,-0.00337193291936804
-226.985695415086,-99.3101210605227,0,1.58710913547418,17.5108281549416,-0.00362863203670042
-226.988946524146,-99.1101475051443,0,1.58623033455987,17.5108281549416,-0.00316181041883248
-226.99186877072,-98.9101688550965,0,1.58540807960473,17.5279520387265,-0.00336131090667832
-226.994791017295,-98.7101902050487,0,1.58503854958944,17.5450592097005,-0.00337473550274614
-226.997565465885,-98.5102095181445,0,1.58420727856678,17.5621497108738,-0.00302025062489225
-227.000155235717,-98.3102262861168,0,1.58374553784317,17.5792236025128,-0.00324621545421567
-227.002745005549,-98.1102430540891,0,1.58307166659497,17.5918089145912,-0.00305001899279152
-227.005065246842,-97.9102565433311,0,1.58228654297482,17.6088540455513,-0.0030219780680111
-227.007340990516,-97.7102694912734,0,1.58194842014342,17.6258826955568,-0.00306334931791957
-227.009525991083,-97.510281473791,0,1.58120815125625,17.6428949058185,-0.00286185039244994
-227.01150564402,-97.3102912715953,0,1.58069475311876,17.6598907317616,-0.00288557081068919
-227.013485296957,-97.1103010693996,0,1.58014453851719,17.6763551355697,-0.00288094754342068
-227.015244873379,-96.9103088420465,0,1.57944791379081,17.6933188176247,-0.00271256620818843
-227.016945888268,-96.7103160758065,0,1.57909931623916,17.7102662538459,-0.00271256620818843
-227.018566030626,-96.5103226746183,0,1.57844519898923,17.7271974850077,-0.00271507257671093
-227.02000540672,-96.3103278541942,0,1.57799326939799,17.7441125636777,-0.00254405402774097
-227.021444782815,-96.1103330337701,0,1.57746333173538,17.7608919349945,-0.00265032867633721
-227.022672188449,-95.9103368176567,0,1.57685065152575,17.7777749528431,-0.00243541114913035
-227.023866497799,-95.7103403836256,0,1.57650582157456,17.7946419540809,-0.00242434515493088
-227.024955973689,-95.5103433835588,0,1.57593356631223,17.8114929799943,-0.00247624070494696
-227.025921384301,-95.3103457136165,0,1.57557609925513,17.8283280813537,-0.00221954158761457
-227.026867875347,-95.1103479624278,0,1.57504330761975,17.8451472997235,-0.00241115907123006
-227.027620171285,-94.9103493773058,0,1.57455781535462,17.8619506815138,-0.00213634326626279
-227.028372467223,-94.7103507921838,0,1.57418327250965,17.878738270606,-0.00220685374902284
-227.028974946825,-94.5103517175737,0,1.57368902586372,17.8955101099418,-0.00213638787362834
-227.029529545177,-94.3103524865235,0,1.57335677283034,17.9122662467659,-0.00201889467352154
-227.029999124044,-94.110353058533,0,1.57290018728519,17.9290067218679,-0.00206761727744192
-227.030371088683,-93.9103534044276,0,1.5725670307887,17.9457315825459,-0.00188634028704333
-227.030707405248,-93.7103536989875,0,1.57214724877281,17.9624408696987,-0.00190174497399619
-227.030911457265,-93.5103538030805,0,1.5718165870571,17.979134628714,-0.00183796754687174
-227.031115509282,-93.3103539071736,0,1.57143335208109,17.9958129018231,-0.00173979316658972
-227.031166267343,-93.1103539137039,0,1.57104953355107,18.0124757320351,-0.00177332033055633
-227.031216791983,-92.9103539200858,0,1.57076151900298,18.0291231621828,-0.00158173356275087
-227.031152344227,-92.7103539375124,0,1.57041283217314,18.0457552342934,-0.00163324106594284
-227.031063394141,-92.5103539572926,0,1.5701346330989,18.0623719919624,-0.00148743559016182
-227.03088766678,-92.3103540429489,0,1.56982024463033,18.0789734761313,-0.00147604260206207
-227.030672961347,-92.1103541581949,0,1.56955541572772,18.0955597302393,-0.00139942837699515
-227.030391302497,-91.9103543641271,0,1.56927448014992,18.1121307947975,-0.00132377650230698
-227.03006422294,-91.7103546315799,0,1.56902639564226,18.1286867127172,-0.00129666344309117
-227.029683330423,-91.510355000403,0,1.56877804400058,18.1452275243237,-0.00117505455804867
-227.029256910388,-91.3103554549886,0,1.56854987132925,18.1617532719029,-0.00118359210420449
-227.028784749009,-91.1103560170105,0,1.56833319891876,18.178263995647,-0.00102686575552894
-227.02827166025,-90.9103566751618,0,1.56812786518585,18.1947597372275,-0.00103356697920546
-227.027717365646,-90.7103574466869,0,1.56794191826229,18.1779889597478,-0.000907569981098897
-227.027129898401,-90.5103583094832,0,1.567762068555,18.1561031103993,-0.000884143034734928
-227.026503664226,-90.3103592922083,0,1.56760582991638,18.1342385519185,-0.000781644081096197
-227.025853701825,-90.1103603483389,0,1.56745377657933,18.1122344083342,-0.000735063088216178
-227.025166646639,-89.9103615297489,0,1.56732614992048,18.090299924842,-0.000650405703322181
-227.024465633866,-89.7103627583,0,1.56720381179582,18.0681980925722,-0.00058783879100928
-227.023729643738,-89.5103641129546,0,1.56709929275118,18.0461904409875,-0.000511684045635004
-227.02298682362,-89.310365492534,0,1.56701243539559,18.0240169326199,-0.000447965234538354
-227.022216090794,-89.1103669776122,0,1.56692866762238,18.0019017354508,-0.000368208503639088
-227.021439763809,-88.9103684845251,0,1.56687924512053,17.9796717689996,-0.000304105417822902
-227.020649262133,-88.7103700467636,0,1.56682940618078,17.9574339229675,-0.000236104659765908
-227.019852999725,-88.5103716319232,0,1.56680305889104,17.9351490226274,-0.000163985160343912
-227.019051959217,-88.3103732360943,0,1.56678683029317,17.9128351885624,-9.69177737332821e-05
-227.018249205422,-88.1103748471361,0,1.56678447811991,17.890491231969,-4.69186570929044e-05
-227.017447224051,-87.9103764550904,0,1.56679799113581,17.8681190659208,3.62540496033835e-05
-227.016649875419,-87.7103780445089,0,1.56682734992192,17.8457212247341,7.51710135870044e-05
-227.015859637471,-87.5103796058019,0,1.56685874538809,17.8232985206665,0.000141230059824582
-227.015074846927,-87.3103811455483,0,1.56691752378964,17.8008451863171,0.000177794530374057
-227.014308120161,-87.1103826152446,0,1.56698857101665,17.7783968439543,0.000240383320707153
-227.013551748298,-86.9103840458255,0,1.56704744497043,17.7558953806608,0.000267692466549726
-227.012808570946,-86.7103854266118,0,1.56714173856089,17.7333727685011,0.000304935241699558
-227.012089916262,-86.5103867179134,0,1.56724026262534,17.7108689807724,0.000330678908083559
-227.011386148279,-86.3103879566559,0,1.56731815699372,17.6882941037354,0.000354908314318594
-227.01069865115,-86.1103891382902,0,1.56743244729927,17.6656950138617,0.000366017992110743
-227.010040599022,-85.9103902208913,0,1.56754899998419,17.6431331630669,0.000369646580233944
-227.009399722711,-85.7103912482202,0,1.56763661388347,17.6204791697265,0.000362902862243651
-227.008776715965,-85.5103922188798,0,1.56773734187035,17.5977985009988,0.000346164913011192
-227.008176130653,-85.3103931206385,0,1.56784879103383,17.5751083348318,0.000323089417760863
-227.00759770337,-85.1103939573011,0,1.56794481913415,17.5523872810923,0.00027103436445761
-227.007035529136,-84.910394747739,0,1.5680245004703,17.5296120219917,0.000215765055417837
-227.006488974262,-84.7103954947214,0,1.56810063441497,17.5068048154718,0.000145050554980022
-227.005957253492,-84.5103962015399,0,1.56817423328012,17.4839651620784,4.48393115047477e-05
-227.005440138059,-84.310396870073,0,1.56822868288144,17.4610947927847,-6.05890355807705e-05
-227.004930197055,-84.1103975202141,0,1.5682558072492,17.4381771345082,-0.000186919515217725
-227.004423931334,-83.9103981609814,0,1.56826309006897,17.4152252778022,-0.00035072421775714
-227.003916903449,-83.7103988036925,0,1.56824548559538,17.3922417647328,-0.000521892409836337
-227.003403595961,-83.5103994624859,0,1.56819725417498,17.369231911093,-0.000718110776689425
-227.002877275572,-83.310400155093,0,1.56810577149181,17.3462050793525,-0.00094540327419953
-227.00232737514,-83.1104009110706,0,1.56796216999199,17.3231878154245,-0.00119860183394365
-227.001743614373,-82.9104017632251,0,1.56776907632106,17.3002010070059,-0.00147109304127263
-227.00111647681,-82.7104027473235,0,1.56752151842337,17.2772593156811,-0.00176944032815985
-227.000433693387,-82.510403914671,0,1.56720876330842,17.2544123065782,-0.00209292686619356
-226.999681454534,-82.3104053326294,0,1.56682314002912,17.2317132738842,-0.002441199627272
-226.998844422932,-82.1104070893568,0,1.56635715997904,17.209229443902,-0.00280368676327329
-226.997905793753,-81.9104092994247,0,1.56580376688728,17.1870432612989,-0.00318323563076695
-226.996847407443,-81.7104121102074,0,1.56515660769061,17.1652531701939,-0.00357615148207118
-226.995649918341,-81.5104157088248,0,1.56441031398008,17.1439737456595,-0.00397817160370944
-226.994293020081,-81.310420329288,0,1.56356078107595,17.1233350655074,-0.00438455252966166
-226.992755725886,-81.1104262593703,0,1.56260542971404,17.103481265362,-0.0047870601025371
-226.991016698697,-80.9104338466161,0,1.56154343415614,17.0845682907904,-0.00518249261030875
-226.989054622757,-80.7104435028232,0,1.56037590057311,17.0667609505684,-0.00556822773320575
-226.98684860513,-80.5104557063183,0,1.55910598098693,17.0502294895077,-0.0059373287154101
-226.984378592885,-80.3104710013915,0,1.55773891096955,17.0351460594681,-0.00628454453022486
-226.981625789687,-80.1104899943871,0,1.55628196355466,17.0216817360144,-0.00660488772409768
-226.978573054512,-79.9105133461485,0,1.55474431712688,17.0100053073182,-0.00689375551584498
-226.975205265312,-79.710541760779,0,1.5531368409372,17.0002866560411,-0.00715262497468931
-226.971509631816,-79.5105759709788,0,1.55147180776194,16.9927132492967,-0.00744895460694983
-226.967475944098,-79.3106167205211,0,1.54976254846066,16.987557888071,-0.00763315307429217
-226.963096747016,-79.110664744697,0,1.54802306723235,16.9857569829715,-0.0077727847921156
-226.958367434681,-78.9107207497657,0,1.54626763878453,16.9857569829715,-0.00786635621666165
-226.953286263553,-78.7107853925547,0,1.54451040919944,16.9857569829715,-0.00791321797273583
-226.947854287084,-78.5108592613618,0,1.54276502102061,16.9857569829715,-0.0080341635456951
-226.942075218711,-78.310942859214,0,1.54104428020792,16.9899475585881,-0.00802051250704084
-226.935955233191,-78.1110365903455,0,1.53935987853582,16.996510467179,-0.00794036477659778
-226.929502718541,-77.9111407505086,0,1.53771101104732,17.0042588236421,-0.00783806796925927
-226.922723527118,-77.7112556771199,0,1.53595345362175,17.0042588236421,-0.00783675395056875
-226.915568395419,-77.5113837120778,0,1.53424610367854,17.0151172052056,-0.00764509855097192
-226.908106699376,-77.3115230092735,0,1.53274891053577,17.027658518852,-0.0074226919822311
-226.900353109889,-77.1116734451586,0,1.53132715316265,17.0416855824194,-0.00737080061622075
-226.892323138669,-76.9118347856521,0,1.52998429138802,17.0570242183053,-0.00709615776116397
-226.884032834273,-76.7120066971233,0,1.5284811431202,17.060115300106,-0.006859315645446
-226.875402122741,-76.5121930068555,0,1.52699663442588,17.0759650176084,-0.00671027537544934
-226.866518564694,-76.3123904593755,0,1.5258171618775,17.0935245370713,-0.00639041368306823
-226.857416531156,-76.1125977509861,0,1.52472510343503,17.111066036326,-0.00623316664808619
-226.848096599722,-75.9128150218076,0,1.52339467853097,17.120253587086,-0.00595880561964256
-226.838462977998,-75.7130471859274,0,1.52217314092985,17.1377677323515,-0.00571645313162
-226.82865499373,-75.5132878855907,0,1.52133623135972,17.1552639926562,-0.00544354251155837
-226.818687009845,-75.313536441798,0,1.52017556759324,17.1656663625318,-0.00515124772175148
-226.808415342429,-75.1138003849691,0,1.51908915437957,17.1831342212757,-0.00501442354290402
-226.79801335991,-74.9140711237258,0,1.51835669537429,17.2005843362705,-0.0047097500507089
-226.787449106651,-74.7143503272297,0,1.51737123017683,17.2175075267257,-0.00462186264127424
-226.776653490662,-74.5146419292146,0,1.51656364538424,17.2349228415613,-0.00420877304198582
-226.765766669739,-74.3149384811588,0,1.51579712153924,17.2523205766597,-0.00412152167879606
-226.754664902622,-74.1152468419575,0,1.51497593572592,17.2697007872122,-0.00385126126744243
-226.743450109942,-73.9155615561397,0,1.51436049514181,17.2870635206486,-0.00378418985197767
-226.732102554642,-73.7158837331631,0,1.51363346405938,17.3044088361013,-0.00340038961391198
-226.720597418567,-73.516214956606,0,1.51305652492275,17.3217367801441,-0.00335263538095926
-226.709019466988,-73.3165503602519,0,1.51241756957806,17.3390474098377,-0.00317893401771411
-226.697259180691,-73.1168964355102,0,1.51187880718874,17.3563407732041,-0.0029256900523258
-226.685466092333,-72.9172444305943,0,1.5113210669816,17.3736169243939,-0.00281595990803447
-226.673483102746,-72.7176037383181,0,1.5108198726177,17.3908759129889,-0.0026905495527691
-226.661489891429,-72.5179636549623,0,1.51033604572243,17.408117790875,-0.00248728473125957
-226.649313724181,-72.3183346478139,0,1.50987159661242,17.4253426083264,-0.00239892381907413
-226.637135072748,-72.118705791059,0,1.50945420172301,17.4425504160818,-0.00225250065503088
-226.624792261614,-71.9190870197437,0,1.50902551998308,17.4597412640886,-0.00211099564853016
-226.612442460187,-71.7194686778893,0,1.50866709127845,17.4769152028874,-0.00205205109471189
-226.599956554311,-71.5198588102494,0,1.50827309289094,17.4940722814101,-0.00188096704862698
-226.587449458128,-71.3202502619728,0,1.50796631974776,17.5112125504547,-0.00183292270824985
-226.574841084941,-71.1206480961738,0,1.50760585474521,17.5283360577865,-0.00168055973326612
-226.562190088233,-70.9210486165096,0,1.50734367676911,17.5454428543339,-0.00163948698947122
-226.549477054191,-70.7214530893277,0,1.50701556178604,17.5625329870862,-0.00149100831141626
-226.53669507706,-70.5218619546031,0,1.50679122847579,17.5796065064748,-0.00149409718604187
-226.523892492085,-70.3222721457663,0,1.50649427277855,17.5966634595111,-0.00128919314606537
-226.510991977767,-70.122688637604,0,1.50624894322027,17.613703895186,-0.00135374542533402
-226.49809146345,-69.9231051294418,0,1.50603440176994,17.6307278609617,-0.00114815890192209
-226.485105312743,-69.7235271795326,0,1.50576742777852,17.6477354041189,-0.00118725552060323
-226.472098233059,-69.5239505880242,0,1.50562874542346,17.6647265728568,-0.00104798274490821
-226.45905672702,-69.3243762484307,0,1.50539060466368,17.6817014135538,-0.00102144356870952
-226.445954594175,-69.1248058745901,0,1.50523871373023,17.6986599740792,-0.00095289728450846
-226.432852461329,-68.9252355007495,0,1.50506007636718,17.7156023007425,-0.000907883884366883
-226.419679028019,-68.7256698229726,0,1.50484966163098,17.732528439883,-0.000834036056450139
-226.406492911241,-68.5261049805671,0,1.50476946508483,17.7494384381946,-0.00079857074013254
-226.393287469168,-68.3265414186343,0,1.50458571949591,17.7663323413528,-0.000772757674248164
-226.380028014963,-68.1269814354859,0,1.5044503930849,17.7832101956705,-0.000658451667355381
-226.366768560759,-67.9274214523375,0,1.50435469117311,17.8000720465788,-0.000693312551782409
-226.353470910413,-67.7278640131373,0,1.50419661477953,17.8169179393136,-0.000586041824656717
-226.340148365427,-67.5283082319754,0,1.50413424029983,17.833747919499,-0.00056763100451202
-226.326825820442,-67.3287524508135,0,1.50401763806227,17.8505620319427,-0.000548765699507144
-226.313456738571,-67.1291997827341,0,1.50388429243348,17.8673603213763,-0.000472820231163942
-226.300080974278,-66.9296475616752,0,1.50385983686279,17.8841428325176,-0.000477509837535659
-226.286702132042,-66.7300955472659,0,1.50375034812725,17.9009096096525,-0.000404748315097558
-226.27328267063,-66.5305462599822,0,1.50364857157192,17.9176606970037,-0.000388859629237873
-226.259863209218,-66.3309969726985,0,1.50363185401819,17.9343961385085,-0.000365998039904444
-226.246437075892,-66.1314481346727,0,1.50354541469347,17.951115977887,-0.000307717966127083
-226.232983116869,-65.9319011703095,0,1.5034756929226,17.9678202587724,-0.000307717966127083
-226.219529157846,-65.7323542059463,0,1.50346008203403,17.9845090244786,-0.000259867010359205
-226.206068968639,-65.532807662039,0,1.50339595193638,18.0011823181324,-0.000229144702285702
-226.192589415794,-65.3332624249244,0,1.50334743272734,18.0178401827367,-0.000229162952406452
-226.179109862949,-65.1337171878098,0,1.50333805352542,18.0344826610203,-0.000170861834424438
-226.165626566965,-64.9341722037092,0,1.5032955600009,18.0511097955298,-0.000155631036323697
-226.152130055408,-64.7346281129028,0,1.50326244567828,18.0677216286468,-0.000149109084881393
-226.138633543851,-64.5350840220963,0,1.50325974962463,18.0843182025276,-9.82208073307808e-05
-226.125135956332,-64.3355400040875,0,1.50323828729677,18.1008995591437,-9.02765421308318e-05
-226.111630879426,-64.1359964927978,0,1.50321952102256,18.1174657402797,-7.05309816807061e-05
-226.09812580252,-63.9364529815083,0,1.50321952102254,18.1340167875242,-3.56700972536788e-05
-226.084620725614,-63.7369094702188,0,1.5032185914029,18.1505527422778,-3.47466760093831e-05
-226.071115277709,-63.5373659840388,0,1.50321762159716,18.1670736457529,1.10066896064041e-06
-226.057609813766,-63.3378224989442,0,1.50321758141093,18.1835795389744,2.53708109426622e-05
-226.044104349823,-63.1382790138495,0,1.50323129962032,18.2000704627814,2.53708109426622e-05
-226.030604360646,-62.9387351583178,0,1.50325034959654,18.2165464578257,5.25131619973147e-05
-226.017106499311,-62.7391911588106,0,1.50325568136325,18.2330075645825,8.50773026136245e-05
-226.003608637975,-62.5396471593032,0,1.50327156988864,18.2494538233373,8.50773026136245e-05
-225.990117117575,-62.3401027311188,0,1.50331023198512,18.265885274185,8.96660732111993e-05
-225.976634685858,-62.1405576884968,0,1.50333300555639,18.2823019570755,0.000143653894478774
-225.963152254142,-61.9410126458749,0,1.50333485253569,18.2987039117443,0.000143653894478774
-225.949670559539,-61.7414675534922,0,1.50339278331512,18.3150911777573,0.000143653894478774
-225.936211247512,-61.541920950114,0,1.50344886711562,18.3314637945136,0.000171828786531976
-225.922751935486,-61.3423743467357,0,1.50344886711569,18.3478218012265,0.000201290829044265
-225.909292623459,-61.1428277433575,0,1.50349377260968,18.364165236938,0.000201290829044265
-225.895851233004,-60.9432799325638,0,1.50357069207479,18.3804941404696,0.000194421192173056
-225.882422619172,-60.7437312609808,0,1.50360270604543,18.3968085506111,0.000247302035700007
-225.868994005341,-60.5441825893977,0,1.5036091876088,18.41310850584,0.000258170926228524
-225.855567978301,-60.3446337439853,0,1.50370487854645,18.4293940444916,0.000250226661028575
-225.842177554714,-60.1450825060633,0,1.50379408792048,18.4456652047885,0.000248196623794187
-225.828787131127,-59.9455312681415,0,1.50379408792053,18.4619220247282,0.000314501963395126
-225.81539670754,-59.7459800302197,0,1.50384950784471,18.4781645421601,0.00031357854215083
-225.802028402352,-59.5464273106335,0,1.50396381535233,18.4943927946615,0.000285536643193575
-225.788683599524,-59.3468730166745,0,1.50402270293518,18.5106068199621,0.000315102419435718
-225.775338796696,-59.1473187227154,0,1.50402270293523,18.5268066553097,0.000370450452306856
-225.761993993867,-58.9477644287565,0,1.50413379638711,18.5429923378949,0.000347997707623921
-225.748693529783,-58.7482071756466,0,1.50426662761832,18.5591639046679,0.000331990726918761
-225.735401741511,-58.5486493435164,0,1.504288365397,18.5753213926524,0.000380216108063487
-225.722109953238,-58.3490915113861,0,1.50430707888796,18.5914648384771,0.000422983847056439
-225.708825633888,-58.1495331829146,0,1.50445840305924,18.6075942786098,0.000378379158732971
-225.69559424207,-57.9499713371862,0,1.50459101373881,18.6237097496002,0.000378379158732971
-225.682362850252,-57.7504094914577,0,1.50459101373869,18.6398112876003,0.000442197921620595
-225.669131458434,-57.5508476457292,0,1.50465016636343,18.6558989286861,0.000454291912057085
-225.655923676095,-57.3512842386676,0,1.50482001505543,18.6719727085676,0.000424848119665547
-225.642760075676,-57.1517179097842,0,1.50493071112054,18.6880326634318,0.000424848119665547
-225.629596475256,-56.9521515809008,0,1.50493071112067,18.7040788286805,0.00049979692605372
-225.616432874837,-56.7525852520175,0,1.50502716188413,18.7201112397735,0.000482435430001832
-225.603307771545,-56.5530163911108,0,1.50521562966879,18.7361299317347,0.000471566539473315
-225.590219395706,-56.3534451145755,0,1.50530764668658,18.75213494029,0.000471577076185443
-225.577131019867,-56.1538738380403,0,1.50530764668656,18.7681263001623,0.000542441682140759
-225.564042644028,-55.9543025615051,0,1.50543528420842,18.78410404621,0.000518684817686776
-225.551005214447,-55.7547279543925,0,1.50564252963869,18.8000682128191,0.000518684817686776
-225.537999560199,-55.5551512699887,0,1.50572213754279,18.8160188352013,0.000518684817686776
-225.524993905952,-55.3555745855849,0,1.50572213754279,18.8319559474488,0.000567459006487659
-225.511988251704,-55.1559979011811,0,1.50587201407916,18.8478795838325,0.000566356924543788
-225.499042422061,-54.9564173318277,0,1.50609826107447,18.863789778115,0.000566356924543788
-225.486127076391,-54.7568347828756,0,1.50617463152831,18.8796865650073,0.000566356924543788
-225.473211730721,-54.5572522339235,0,1.5061746315284,18.8955699779847,0.000586174885705278
-225.460296385051,-54.3576696849713,0,1.50633507423488,18.9114400507448,0.000614762536171197
-225.447445083526,-54.1580830073984,0,1.5065806138977,18.9272968164113,0.000614762536171197
-225.434627750271,-53.958494140053,0,1.50666571084735,18.9431403092658,0.000614762536171197
-225.421810417017,-53.7589052727076,0,1.50666571084722,18.9589705621516,0.000598987200418855
-225.408993083763,-53.5593164053621,0,1.50682241184598,18.9747876082061,0.000664076631252201
-225.396238303121,-53.3597235376271,0,1.50708760475216,18.9905914798916,0.000664076631252201
-225.383526830766,-53.1601279002234,0,1.50719609665048,19.006382211145,0.000664076631252201
-225.370815358411,-52.9605322628198,0,1.50719609665046,19.0221598341548,0.000606246197795429
-225.358103886057,-52.7609366254162,0,1.50733218332945,19.037924381511,0.000714445420148875
-225.345446739302,-52.5613375437862,0,1.50761746233547,19.0536758850298,0.000714445420148875
-225.332849149898,-52.3617346862384,0,1.50776665465085,19.0694143783119,0.000714434883436747
-225.320251560494,-52.1621318286907,0,1.50776665465076,19.0851398929054,0.000634213528746325
-225.307653971089,-51.962528971143,0,1.5078627415024,19.1008524608659,0.000739766878655018
-225.295094740845,-51.7629237044029,0,1.50816861512377,19.1165521134847,0.000765685924759197
-225.282619260286,-51.5633131776644,0,1.50837840188122,19.1322388838206,0.000765685924759197
-225.270143779726,-51.3637026509259,0,1.50837840188129,19.147912802903,0.000687335423004044
-225.257668299167,-51.1640921241874,0,1.50841261754947,19.1635739022652,0.000735537069974961
-225.245206478502,-50.9644807482016,0,1.5087396021266,19.179222212998,0.000817369388422641
-225.232861539727,-50.7648621055687,0,1.509032371029,19.1948577670051,0.000817369388422641
-225.220516600952,-50.5652434629356,0,1.50903237102894,19.210480595122,0.000749326046116425
-225.208171662177,-50.3656248203026,0,1.50903237102894,19.2260907283711,0.000717812907683048
-225.195826723403,-50.1660061776695,0,1.50932857467395,19.2416881976493,0.000869013293346264
-225.183600042703,-49.9663802629633,0,1.50967661642413,19.2572730332498,0.000869013293346264
-225.17139405815,-49.7667530755838,0,1.50972845451885,19.2728452667771,0.000820969866210981
-225.159188073596,-49.5671258882042,0,1.50972845451887,19.2884049282757,0.000716087020157138
-225.146982089042,-49.3674987008246,0,1.50993334970214,19.3039520481463,0.000889729857461124
-225.134857911625,-49.1678665417006,0,1.51030190953685,19.3194866556255,0.000920148961225402
-225.122799079495,-48.9682304112842,0,1.51046557416344,19.3350087829535,0.000903041125006128
-225.110740247365,-48.7685942808678,0,1.51046557416345,19.3505184591238,0.000756656673305022
-225.098681415235,-48.5689581504512,0,1.5105517402036,19.3660157140515,0.000851903255338102
-225.086656987622,-48.3693199552793,0,1.51094030702391,19.3815005767258,0.000970298852596309
-225.074753303067,-48.1696745138236,0,1.51124270778391,19.3969730784373,0.000970288315884181
-225.062849618511,-47.970029072368,0,1.51124270778389,19.4124332479373,0.000822175954116405
-225.050945933956,-47.7703836309125,0,1.51124270778384,19.4278811146667,0.000798200495897362
-225.039042249401,-47.5707381894568,0,1.51158999345122,19.4433167079493,0.00101930418930219
-225.027277236207,-47.3710845366377,0,1.51199811733737,19.4587400563415,0.00101930418930219
-225.015536515742,-47.1714294453352,0,1.51205895553897,19.4741511902385,0.00091685659140401
-225.003795795278,-46.9717743540329,0,1.51205895553909,19.4895501379654,0.00083502427295633
-224.992055074814,-46.7721192627305,0,1.51224944868885,19.5049369283848,0.000960889361039403
-224.98039042211,-46.5724597308765,0,1.51267673305279,19.5203115888589,0.00106732172494568
-224.968820324901,-46.3727946792259,0,1.51291352422849,19.5356741507976,0.00102423870258996
-224.957250227693,-46.1731296275754,0,1.51291352422847,19.5510246413363,0.000873038316926742
-224.945680130485,-45.973464575925,0,1.51291741143078,19.5663630888865,0.000884461945225983
-224.934111585593,-45.7737994350164,0,1.51336350603428,19.5813997471937,0.00111444826644309
-224.92271963197,-45.5741241401183,0,1.51380571343392,19.5967144200093,0.00111443772973096
-224.911327678346,-45.3744488452202,0,1.51380571343392,19.6120171338748,0.000940805429139101
-224.899935724723,-45.174773550322,0,1.51380571343398,19.6273079167623,0.000910386325374823
-224.8885437711,-44.975098255424,0,1.51405744358552,19.6425867965347,0.00104241850665391
-224.877252348716,-44.7754172718351,0,1.51452203849344,19.6578537993113,0.00116078603874994
-224.866045936224,-44.575731477851,0,1.5147349032,19.6731089560115,0.00106553945671686
-224.854839523733,-44.3760456838668,0,1.5147349032,19.6883522925383,0.000947143859458652
-224.843633111241,-44.1763598898826,0,1.51475775044853,19.7035838363253,0.00094715439617078
-224.832435823539,-43.9766735882327,0,1.51524057035568,19.7177860135782,0.00120223093437382
-224.821422240793,-43.7769770659919,0,1.51570054300408,19.7329948380183,0.0012045006415817
-224.810408658047,-43.577280543751,0,1.51570054300403,19.748191949575,0.000983396948176865
-224.799395075301,-43.37758402151,0,1.5157005430041,19.7633773752681,0.000983396948176865
-224.788381492555,-43.1778874992691,0,1.51596460733739,19.7785511420139,0.0010956267614473
-224.777473378169,-42.9781852132572,0,1.51646540677052,19.7937132747305,0.0012514562561949
-224.766659816712,-42.7784777599947,0,1.51670214180784,19.8088638039198,0.00112559116811183
-224.755846255255,-42.5787703067321,0,1.51670214180793,19.8240027542937,0.00101915880420555
-224.745032693798,-42.3790628534695,0,1.51670214180779,19.8391301523591,0.00101915880420555
-224.734219132341,-42.179355400207,0,1.5172122738283,19.8511391196131,0.00124995538063526
-224.723609330902,-41.9796370199171,0,1.51773083243441,19.8662458542392,0.00128448348098405
-224.71300289526,-41.7799184591298,0,1.51773925901526,19.8813411102238,0.00105449715976694
-224.702396459617,-41.5801998983425,0,1.51773925901521,19.8964249135636,0.00105448662305482
-224.691790023975,-41.3804813375551,0,1.51796371861323,19.9114972902862,0.0011205156051612
-224.681273248372,-41.1807580634027,0,1.51849983723716,19.9265582642143,0.0013398292682689
-224.67088096445,-40.9810282448105,0,1.5188114961882,19.9416078653936,0.00120779708698982
-224.660488680529,-40.7812984262183,0,1.51881149618821,19.9566461174499,0.00108942955489379
-224.650096396608,-40.581568607626,0,1.51881149618823,19.9716730460202,0.00108942955489379
-224.639704112686,-40.3818387890336,0,1.51927308931895,19.9852172990006,0.00126953601321739
-224.629496221866,-40.1820994784874,0,1.51982658594559,20.0002227596936,0.00138330865140548
-224.619325043819,-39.9823582780877,0,1.51991848939454,20.0152169720282,0.00112824264991457
-224.609153865772,-39.782617077688,0,1.51991848939442,20.0301999599945,0.00112402935482156
-224.598982687726,-39.5828758772882,0,1.52005056841612,20.045171748762,0.00112402935482156
-224.588864274453,-39.3831320202024,0,1.52062127479341,20.0593193835086,0.0014202954918694
-224.578921090123,-39.1833793404071,0,1.52105990208296,20.0742694544435,0.00131412913302267
-224.568977905793,-38.9836266606119,0,1.52105990208294,20.0892083997753,0.00115829963827507
-224.559034721463,-38.7838739808168,0,1.52105990208289,20.1041362443056,0.00115829963827507
-224.549091537133,-38.5841213010215,0,1.52142011494803,20.119053012744,0.00126217592626734
-224.53929226396,-38.3843615424841,0,1.52200787315048,20.1339587272658,0.00146900649458973
-224.529583898978,-38.1845973123291,0,1.52223541839172,20.1488534172852,0.00123820991816002
-224.519875533997,-37.9848330821742,0,1.52223541839178,20.1637371047939,0.00119226872622412
-224.510167169016,-37.7850688520194,0,1.52223541839172,20.1786098141384,0.00119226872622412
-224.500458804034,-37.5853046218644,0,1.52282795069225,20.1838033112073,0.00140843015189307
-224.49098717947,-37.3855290298156,0,1.52343260990845,20.1986612451638,0.0014452511593571
-224.481520400093,-37.1857532052316,0,1.5234447368155,20.213508258016,0.00122592695953727
-224.472053620716,-36.9859773806476,0,1.52344473681549,20.2283443735982,0.00122592695953727
-224.462586841338,-36.7862015560636,0,1.52365248935745,20.24316961587,0.00122958442826261
-224.453203072267,-36.5864218495673,0,1.52427390308387,20.2576881355461,0.00155316944113593
-224.443984586995,-36.3866344137028,0,1.52468756416131,20.2724919187811,0.00137306298281232
-224.434766101722,-36.1868469778384,0,1.52468756416124,20.2872848995878,0.00125929034462423
-224.42554761645,-35.9870595419739,0,1.52468756416128,20.3020671015797,0.00125930088133636
-224.416329131178,-35.7872721061097,0,1.52511986587582,20.3158823598894,0.00137219541884947
-224.407283387857,-35.587476810123,0,1.525757888722,20.330643766348,0.00159469890812035
-224.398319847895,-35.3876777737105,0,1.52596360973991,20.3453944654348,0.0012984327710725
-224.389356307933,-35.187878737298,0,1.52596360973991,20.3601344778011,0.0012923693166488
-224.380392767971,-34.9880797008855,0,1.52597092467214,20.3748638266406,0.0012923693166488
-224.371432151128,-34.7882805352509,0,1.52662540967521,20.3748638266406,0.0015174159430729
-224.362730149715,-34.5884699370049,0,1.52727257973992,20.389582535063,0.00153196746062552
-224.354028148302,-34.3886593387588,0,1.52727257973985,20.404290626095,0.00132513689230314
-224.345326146889,-34.1888487405128,0,1.52727257973985,20.41898812268,0.00132513689230314
-224.336624145477,-33.9890381422668,0,1.52749836877113,20.4336750476792,0.00132513689230314
-224.32801237677,-33.7892236749145,0,1.5281691648411,20.4467677127033,0.00166546565587941
-224.31957844741,-33.5894015819529,0,1.52861417174505,20.46143469792,0.00146045287158487
-224.311144518049,-33.3895794889914,0,1.52861417174498,20.4760911772058,0.00135759234530233
-224.302710588688,-33.1897573960298,0,1.52861417174491,20.4907371731045,0.00135760288201446
-224.294276659327,-32.9899353030682,0,1.52906426491753,20.5035128250142,0.00145720341474419
-224.286022612258,-32.790105741567,0,1.52975121379868,20.5181392440346,0.00171331476555551
-224.277863225867,-32.5902722498451,0,1.52998806936087,20.5327552471068,0.0013897297526822
-224.269703839477,-32.3904387581232,0,1.52998806936087,20.5473608533454,0.0013897297526822
-224.261544453087,-32.1906052664014,0,1.5299880693608,20.5619560849057,0.00138974028939433
-224.253385066697,-31.9907717746795,0,1.53066872691944,20.5619560849057,0.0016037623802256
-224.24549772438,-31.7909273666889,0,1.53137166070824,20.5765409634223,0.00164400954158022
-224.237619285383,-31.591082601436,0,1.5313939369173,20.5911155117783,0.00142151658902147
-224.229740846386,-31.3912378361831,0,1.53139393691738,20.6056797514519,0.00142150605230934
-224.22186240739,-31.1913930709302,0,1.53159313794271,20.6202337042866,0.00142150605230934
-224.214063589203,-30.9915452241164,0,1.53231187667181,20.6293142381324,0.00175391276324346
-224.206472430563,-30.791689340264,0,1.53283141422669,20.6438515286177,0.00157133246258356
-224.198881271922,-30.5918334564114,0,1.53283141422664,20.6583785892217,0.00145291519375079
-224.191290113282,-30.3919775725587,0,1.53283141422664,20.6728954415102,0.00145291519375079
-224.183698954641,-30.1921216887061,0,1.53325947938266,20.6860786564438,0.00152542978612576
-224.17627890341,-29.992259431483,0,1.53399382805315,20.700576079502,0.00183536023257688
-224.168981280619,-29.7923926140733,0,1.53430011137517,20.7150633603484,0.00149503146900061
-224.161683657827,-29.5925257966632,0,1.53430011137512,20.7295405164526,0.00148389336433832
-224.154386035035,-29.3926589792532,0,1.53430011137512,20.7440075690125,0.00148389336433832
-224.147088412243,-29.1927921618432,0,1.53496492477058,20.7440075690125,0.00167594633777162
-224.140056544908,-28.9929158405655,0,1.53571467089213,20.7584645375204,0.00177420341290772
-224.133058628933,-28.7930383051296,0,1.53579960353364,20.772911446292,0.00151443459337105
-224.126060712959,-28.5931607696935,0,1.53579960353366,20.7873483146719,0.00151443459337105
-224.119062796985,-28.3932832342573,0,1.53594463269223,20.8017751635645,0.00151443459337105
-224.112122858698,-28.1934037133643,0,1.53670954388281,20.8017751635645,0.00183081354933216
-224.105430727893,-27.993515706257,0,1.53732942577727,20.8161920138024,0.00169761678741067
-224.098738597088,-27.79362769915,0,1.53732942577727,20.8305988861456,0.00154447508854294
-224.092046466283,-27.5937396920428,0,1.53732942577721,20.8449958012826,0.00154446455183081
-224.085354335477,-27.3938516849355,0,1.53771353161655,20.8592777421079,0.00158583714113428
-224.078815764944,-27.193958656603,0,1.53849335279926,20.8731763609321,0.00194886115510125
-224.072435395909,-26.9940604552829,0,1.53888906790562,20.8875439292075,0.001616443907455
-224.066055026873,-26.7941622539631,0,1.53888906790569,20.9019016214931,0.00157397758169081
-224.059674657838,-26.594264052643,0,1.53888906790564,20.9162494581264,0.00157396704497868
-224.053294288802,-26.394365851323,0,1.53952184680407,20.9162494581264,0.00174291992085204
-224.047166908816,-26.1944597762624,0,1.54031629756378,20.9305874564431,0.00191283004062797
-224.041104166224,-25.9945516895018,0,1.54047796926263,20.9449156425088,0.00160288905746473
-224.035041423632,-25.7946436027415,0,1.54047796926263,20.9592340335188,0.0016028785207526
-224.02897868104,-25.5947355159809,0,1.5405606933569,20.9735426495337,0.0016028785207526
-224.022949013688,-25.3948264529002,0,1.54136946555298,20.9735426495337,0.00190500453489869
-224.017209639072,-25.1949088209138,0,1.54209551355743,20.9878415105463,0.00182900881220767
-224.011470264456,-24.9949911889275,0,1.54209551355742,21.0021306364809,0.00163115120434183
-224.00573088984,-24.7950735569413,0,1.54209551355742,21.0164100471943,0.0016311406676297
-223.999991515223,-24.5951559249549,0,1.54243341920407,21.0306797624758,0.00164739294496083
-223.99438725036,-24.395234525395,0,1.54325617440493,21.0404541565431,0.00205592600805712
-223.988976849854,-24.1953077198726,0,1.54374102368956,21.0547075760646,0.00173953651538389
-223.983566449349,-23.9953809143502,0,1.54374102368947,21.0689513529647,0.00165870064976198
-223.978156048843,-23.7954541088281,0,1.54374102368947,21.083185506787,0.00165870064976198
-223.972745648338,-23.5955273033057,0,1.54434527558503,21.083185506787,0.00181334057876761
-223.967576865511,-23.3955941613726,0,1.54518164215249,21.0974100530204,0.00204850359281407
-223.962500896564,-23.1956585854006,0,1.5454137565901,21.1116250190573,0.00168546904213497
-223.957424927617,-22.9957230094285,0,1.54541375659015,21.125830420253,0.00168547957884709
-223.952348958671,-22.7957874334567,0,1.54544626114501,21.1400262758892,0.00168547957884709
-223.947285987638,-22.5958515385429,0,1.54629583191861,21.1400262758892,0.00198467699595409
-223.94254974469,-22.3959076264006,0,1.54711289809214,21.1542126051831,0.00195382837091723
-223.937813501742,-22.1959637142583,0,1.54711289809214,21.1683894272872,0.00171140365876633
-223.933077258794,-21.9960198021161,0,1.5471128980922,21.1825567612903,0.00171140365876633
-223.928341015846,-21.796075889974,0,1.54742217784941,21.1967146262171,0.0017182061385365
-223.923728452604,-21.5961291548349,0,1.54828450787413,21.1987883240375,0.0021545880166553
-223.919337051747,-21.3961773716507,0,1.54883755784662,21.2129353557528,0.00185245146579708
-223.914945650891,-21.1962255884666,0,1.54883755784655,21.227072959015,0.00173639421505481
-223.910554250034,-20.9962738052824,0,1.54883755784661,21.2412011526502,0.00173639421505481
-223.906162849177,-20.7963220220985,0,1.54943595251896,21.2412011526502,0.0018945754709964
-223.902010752984,-20.5963651926273,0,1.5503105558938,21.2553199507561,0.00216891152959827
-223.897969115618,-20.3964060338788,0,1.55058676430739,21.2694293813682,0.00176036792978985
-223.893927478252,-20.1964468751303,0,1.55058676430739,21.2835294584571,0.00176036792978985
-223.889885840887,-19.9964877163817,0,1.55060034820202,21.2976202006001,0.00176036792978985
-223.885849636066,-19.7965284526461,0,1.55148669596398,21.2976202006001,0.00207634529669723
-223.882162471567,-19.5965624434896,0,1.55235945981008,21.3117016263134,0.00205976113371529
-223.878475307067,-19.3965964343332,0,1.55235945981001,21.3257737540519,0.00178323606707749
-223.874788142567,-19.1966304251767,0,1.55235945981008,21.3398366022097,0.00178324660378962
-223.871100978068,-18.9966644160202,0,1.55267580113762,21.3538901891203,0.00180436449634563
-223.867540330655,-18.7966961876091,0,1.55357331928629,21.3538901891203,0.00224221770027744
-223.864212118082,-18.5967238820238,0,1.55415449577732,21.367934533057,0.00194302028317045
-223.860883905508,-18.3967515764386,0,1.55415449577732,21.3819696522329,0.00180491603233395
-223.857555692935,-18.1967792708533,0,1.55415449577739,21.3959955648016,0.00180491603233395
-223.854227480361,-17.9968069652681,0,1.55478645033265,21.3959955648016,0.0019916780827934
-223.851152018315,-17.7968306826375,0,1.5556945166442,21.4100122839671,0.00226167128567367
-223.848186987195,-17.5968526623691,0,1.55597062808351,21.4240198375474,0.00182528940755487
-223.845221956076,-17.3968746421007,0,1.55597062808358,21.4380182386251,0.001825299944267
-223.842256924956,-17.1968966218322,0,1.5560128638619,21.4520075051176,0.001825299944267
-223.83930878652,-16.9969183666093,0,1.55693080616307,21.4520075051176,0.00218392717149755
-223.836710896745,-16.7969352398995,0,1.55780651261809,21.4659876548838,0.00213486327894026
-223.834113006971,-16.5969521131894,0,1.55780651261803,21.4799587057243,0.00184427494300726
-223.831515117196,-16.3969689864794,0,1.55780651261803,21.4939206753822,0.00184428547971939
-223.828917227421,-16.1969858597693,0,1.55818003657316,21.5073819545288,0.00190916121707511
-223.826468736378,-15.9970009308168,0,1.55910713100233,21.5073819545288,0.0023157893869606
-223.824241657265,-15.7970133309048,0,1.55966070109297,21.5213261333495,0.0019998014833411
-223.822014578153,-15.5970257309926,0,1.55966070109305,21.5352612832533,0.00186174571731741
-223.81978749904,-15.3970381310804,0,1.55966070109312,21.5491874217566,0.00186173518060528
-223.817560419928,-15.1970505311681,0,1.56037795538439,21.5491874217566,0.00210650364988346
-223.815620227589,-14.9970600048641,0,1.56131342355447,21.5631045619636,0.00231544546815739
-223.813767316165,-14.7970685882503,0,1.56153163714053,21.5770127299905,0.00187759226422558
-223.811914404742,-14.5970771716364,0,1.56153163714061,21.5909119388268,0.00187760280093771
-223.810061493319,-14.3970857550224,0,1.56166138858927,21.6048022057637,0.00187760280093771
-223.808260480695,-14.1970939065131,0,1.56260439649473,21.6048022057637,0.00230768660889916
-223.806784759277,-13.9970993509714,0,1.56341765275243,21.6186835480372,0.00216851793474089
-223.80530903786,-13.79710479543,0,1.56341765275243,21.6325559828277,0.00189173278880257
-223.803833316442,-13.5971102398883,0,1.56341765275244,21.6464195272607,0.00189173278880257
-223.802357595025,-13.3971156843466,0,1.56390718949014,21.6537669245575,0.00203194898238624
-223.801077684269,-13.1971198699173,0,1.56485684588596,21.6630981430268,0.00237175415255742
-223.799981817416,-12.9971228722502,0,1.56531696511627,21.676942154151,0.00201312692532687
-223.798885950564,-12.7971258745833,0,1.56531696511634,21.6907773294184,0.00190402009865469
-223.797790083712,-12.5971288769162,0,1.56531696511634,21.7046036857255,0.00190402009865469
-223.79669421686,-12.397131879249,0,1.56617713269746,21.7046036857255,0.00223673495322431
-223.795942413479,-12.1971333250257,0,1.56713248717254,21.7184212376535,0.00232097450719008
-223.795228684417,-11.9971345985526,0,1.56722767391006,21.732230006517,0.00191433580059246
-223.794514955355,-11.7971358720798,0,1.56722767391006,21.7460300067888,0.00191434633730458
-223.793801226293,-11.5971371456068,0,1.56750810619415,21.7598212551519,0.00196041968266966
-223.793199669787,-11.3971381265186,0,1.56846814897749,21.7598212551519,0.00239743231673657
-223.7928699564,-11.197138398296,0,1.56914775911072,21.7736037682364,0.00215266384745839
-223.792540243012,-10.9971386700735,0,1.56914775911072,21.78737756262,0.00192260413662844
-223.792210529625,-10.7971389418511,0,1.56914775911072,21.8011426548279,0.00192260413662844
-223.791880816237,-10.5971392136286,0,1.569813188605,21.8011426548279,0.00216754660490315
-223.791817274577,-10.397139303103,0,1.57077684894974,21.814899055875,0.00240633811548492
-223.791873025101,-10.1971393108732,0,1.57107507941757,21.8286467931023,0.00197625430752348
-223.791928775625,-9.99713931864352,0,1.5710750794175,21.8423858774177,0.00192866093122229
-223.791984526149,-9.79713932641402,0,1.57116722609531,21.8561163251392,0.00192866093122229
-223.792077135329,-9.59713938006979,0,1.57213337709394,21.8561163251392,0.00237534197985004
-223.792519345861,-9.39713986894573,0,1.57300738125908,21.8698381525336,0.00227228022185714
-223.792961556394,-9.19714035782167,0,1.57300738125915,21.8835513758169,0.00193247505168597
-223.793403766927,-8.99714084669761,0,1.57300738125922,21.8972560111539,0.00193248558839809
-223.793845977459,-8.79714133557378,0,1.57349728705928,21.9035064997119,0.00209953399689837
-223.794484149336,-8.59714244732344,0,1.57446477612777,21.9108103524133,0.00241583422451277
-223.79531335339,-8.39714416627918,0,1.57494235894326,21.9244979486287,0.00208311936994315
-223.796142557444,-8.19714588523493,0,1.57494235894326,21.9381770049251,0.00193400407862166
-223.796971761498,-7.99714760419068,0,1.57494235894327,21.9518475372672,0.00193401461533379
-223.797800965552,-7.79714932314665,0,1.57583572104077,21.9518475372672,0.00230695531451931
-223.798987509727,-7.59715286944962,0,1.57680339212508,21.9655095597567,0.00237022508635788
-223.800203777068,-7.39715656774936,0,1.5768777009832,21.9791630918869,0.00193322298900309
-223.801420044408,-7.19716026604911,0,1.5768777009832,21.9928081476596,0.00193322298900309
-223.802636311749,-6.99716396434885,0,1.57721179766559,22.0064447428421,0.00203221366526567
-223.803986214468,-6.79716860453609,0,1.57817849498665,22.0064447428421,0.00241386474596865
-223.805589150991,-6.59717502815294,0,1.57881109521691,22.0200728931528,0.00216891174098181
-223.807192087514,-6.39718145176979,0,1.57881109521691,22.0336926142615,0.00193010969368791
-223.808795024037,-6.19718787538664,0,1.57881109521684,22.0473039217897,0.00193010969368791
-223.81039796056,-5.99719429900348,0,1.57955697644072,22.0473039217897,0.00223790918443265
-223.812299237524,-5.79720340159164,0,1.58052154414363,22.0609068268742,0.00240853309262872
-223.814287985452,-5.59721328963184,0,1.58074023030799,22.0745013539157,0.00196185204400096
-223.816276733379,-5.39722317767205,0,1.58074023030806,22.0880875139525,0.00192469760841019
-223.818265481306,-5.19723306571226,0,1.58093821160178,22.1016653224146,0.00196523986746127
-223.820333417065,-4.9972438173448,0,1.58189949519048,22.1016653224146,0.0024003168677802
-223.822706655447,-4.79725789849172,0,1.58266279719507,22.1152347946845,0.00223326845927993
-223.825079893829,-4.59727197963841,0,1.58266279719513,22.1287959460976,0.00191696823166553
-223.82745313221,-4.3972860607851,0,1.58266279719513,22.1423487919422,0.00191696823166553
-223.829826370592,-4.1973001419318,0,1.58327839595666,22.1423487919422,0.00216789631861322
-223.832445828233,-3.99731738059916,0,1.58423524280015,22.1557679167155,0.00238923109007167
-223.835201773745,-3.79733636958994,0,1.58457649048032,22.1693042736879,0.00201629039088615
-223.837957719258,-3.5973553585805,0,1.58457649048038,22.1828323705373,0.00190693673697038
-223.840713664771,-3.39737434757106,0,1.58465757498757,22.1963522223666,0.00190693673697038
-223.843502040579,-3.1973938143406,0,1.58560883469016,22.1963522223666,0.00236654557251754
-223.846638448602,-2.99741840849093,0,1.58647900975119,22.2098638442328,0.00227627004710342
-223.849774856625,-2.7974430026415,0,1.58647900975126,22.2233672511471,0.00189461896640044
-223.852911264648,-2.59746759679183,0,1.58647900975125,22.2368624580753,0.00189461896640044
-223.856047672671,-2.39749219094217,0,1.58698086572344,22.2390426113273,0.00209647108351062
-223.859384795345,-2.19752012272445,0,1.58792539147609,22.247724656874,0.00235844533946473
-223.862898961305,-1.99755099851366,0,1.58836806083676,22.2612050978396,0.00205064584872
-223.866413127264,-1.7975818743031,0,1.58836806083669,22.2746773805611,0.00188003247723606
-223.869927293223,-1.5976127500923,0,1.58836806083668,22.2881415198325,0.00188003247723606
-223.873441459183,-1.39764362588151,0,1.58928727860771,22.2881415198325,0.0022894368697083
-223.877323249223,-1.19768130657475,0,1.59022392670119,22.301597529972,0.00229823052469696
-223.88121201019,-0.997719116303277,0,1.59024135699349,22.3150454265469,0.0018631429876659
-223.885100771156,-0.797756926032033,0,1.59024135699335,22.3284852237865,0.0018631429876659
-223.888989532122,-0.597794735760562,0,1.59064503999385,22.3391097722532,0.00202308552731292
-223.893039732798,-0.397835834900784,0,1.59157267170108,22.3391097722532,0.00231624340285548
-223.897299469316,-0.197881203434518,0,1.59209662001548,22.3525351004484,0.00206531531590779
-223.901559205834,0.00207342803174684,0,1.59209662001563,22.3659523699926,0.00184398054444934
-223.905818942353,0.202028059497785,0,1.59209662001556,22.3793615953802,0.00184398054444934
-223.910078678871,0.40198269096405,0,1.59291542875941,22.3793615953802,0.00220892120808372
-223.914665858017,0.601930046186747,0,1.59383290946294,22.3927627888973,0.00229088981580206
-223.91929249616,0.801876524574097,0,1.59393158127428,22.4061559692827,0.0018312809802549
-223.923919134304,1.00182300296145,0,1.59393158127422,22.4195411487351,0.00182255529269432
-223.928545772447,1.20176948134857,0,1.59425146623924,22.4329183415762,0.00194711617486893
-223.933300327619,1.40171288383176,0,1.59515766710887,22.4329183415762,0.00226269380158765
-223.938289341242,1.6016506485064,0,1.59574398267344,22.4462875620853,0.00206086275790172
-223.943278354865,1.80158841318103,0,1.59574398267351,22.4596488244991,0.0017988885019476
-223.948267368489,2.00152617785566,0,1.59574398267345,22.4730021430121,0.0017988885019476
-223.953256382112,2.20146394253007,0,1.5964738428173,22.4730021430121,0.0021243832210925
-223.958537242299,2.40139416378616,0,1.59736764035335,22.4863475285837,0.0022317008242355
-223.96388365548,2.60132269068042,0,1.59753157753167,22.4996850017115,0.00182229643176327
-223.969230068662,2.80125121757468,0,1.59753157753182,22.5130145732695,0.00177296051772352
-223.974576481844,3.00117974446893,0,1.59778069921977,22.5263362572843,0.0018679505951717
-223.980022505725,3.20110551986145,0,1.59866097628137,22.5263362572843,0.00219791573314937
-223.985720895376,3.40102432426814,0,1.59929213137821,22.5396500677416,0.00203796265679022
-223.991419285027,3.60094312867482,0,1.59929213137814,22.5529560185853,0.00174481531795979
-223.997117674679,3.80086193308151,0,1.59929213137814,22.5662541237185,0.00174481531795979
-224.00281606433,4.00078073748819,0,1.59994314175399,22.5662541237185,0.00203524590300082
-224.00877474588,4.20069189715004,0,1.60080878751998,22.5795443932903,0.00216135444106671
-224.014819244503,4.40060053637408,0,1.60102342266843,22.5928268485501,0.00179642431414446
-224.020863743126,4.60050917559812,0,1.60102342266843,22.6061014995635,0.00171445570642611
-224.026908241749,4.80041781482216,0,1.60121340277668,22.6193683600707,0.00178497502340538
-224.033028695739,5.00032409282062,0,1.60206331325673,22.6193683600707,0.00212204439928567
-224.039412994318,5.20022216867825,0,1.60272324341511,22.6326274437717,0.00199748351711107
-224.045797292898,5.4001202445361,0,1.60272324341509,22.6458787643264,0.00168190589039235
-224.052181591477,5.60001832039396,0,1.60272324341516,22.6591223353546,0.00168190589039235
-224.058565890056,5.79991639625181,0,1.60330410444796,22.6591223353546,0.00194092409055284
-224.065182408376,5.99980686186949,0,1.60413718273025,22.6723581665597,0.00207998204682114
-224.071899759382,6.19969402302644,0,1.60438939973554,22.6855862792383,0.00175447679096412
-224.078617110389,6.39958118418362,0,1.6043893997356,22.6988066830123,0.00164714865110899
-224.085334461395,6.59946834534079,0,1.60453043834404,22.7120193913435,0.0016976099898789
-224.092108194464,6.79935356572504,0,1.60534559470898,22.7120193913435,0.00203518544477023
-224.099151414951,6.99922950986337,0,1.60601971231071,22.7252244176546,0.00194020590403419
-224.106194635438,7.19910545400147,0,1.60601971231078,22.7384217753292,0.00161024076605651
-224.113237855925,7.39898139813979,0,1.60601971231069,22.7516114777122,0.00161025130276864
-224.120281076413,7.59885734227812,0,1.60653774858539,22.7516114777122,0.00184085746764661
-224.127531377002,7.79872582425944,0,1.60733390092554,22.7647935343125,0.00198770485232078
-224.134892851781,7.99859030006515,0,1.6076120167616,22.7779679659946,0.00169728480399188
-224.142254326561,8.19845477587062,0,1.6076120167616,22.7911347821883,0.00157117626592599
-224.14961580134,8.39831925167632,0,1.60771293942759,22.8042939960849,0.0016053519798781
-224.157017616675,8.59818221029467,0,1.60848901306846,22.8042939960849,0.00193753801044533
-224.164689301543,8.79803501925989,0,1.60916416393756,22.8174456208375,0.00186701869346606
-224.172360986412,8.9978878282251,0,1.60916416393751,22.8305896695612,0.00152994931758577
-224.180032671281,9.19774063719009,0,1.60916416393744,22.8437261553336,0.00152994931758577
-224.18770435615,9.3975934461553,0,1.60962539723184,22.8484601705479,0.00173458114378596
-224.195560393164,9.59743903907283,0,1.61038032542492,22.861586384207,0.00188467263136667
-224.203533818173,9.79728003710287,0,1.61067402011918,22.8747050691929,0.0016256649679183
-224.211507243182,9.9971210351329,0,1.6106740201192,22.8878162349002,0.00148660701165
-224.219480668191,10.1969620331627,0,1.61074237154415,22.9009198942436,0.00150769448833392
-224.227481411234,10.3968019211857,0,1.61147509508542,22.9009198942436,0.00182920164439134
-224.235747683971,10.5966310200053,0,1.61213946713506,22.9140160601009,0.00177874030562142
-224.244013956707,10.7964601188249,0,1.61213946713506,22.9271047453131,0.00144116485073009
-224.252280229444,10.9962892176445,0,1.61213946713509,22.9401859626848,0.00144115431401797
-224.260546502181,11.1961183164639,0,1.61254873069801,22.9490377431623,0.00162169670344356
-224.268976335617,11.3959405330722,0,1.6132581984147,22.9621064623796,0.00177107082908957
-224.277526144491,11.5957577014243,0,1.61355840239424,22.9751677510667,0.00154045412749947
-224.286075953365,11.7955748697764,0,1.61355840239424,22.9882216186823,0.00139359620611318
-224.294625762239,11.9953920381285,0,1.61360057734656,23.0012680778616,0.00140428672411931
-224.303192425177,12.1952084737566,0,1.61428574558428,23.0012680778616,0.00171032039242478
-224.312016042685,12.3950137383872,0,1.61492873883244,23.0143071412036,0.00167614467847266
-224.320839660193,12.5948190030177,0,1.61492873883244,23.0273388212719,0.00134396918461756
-224.3296632777,12.7946242676483,0,1.61492873883244,23.0403631305944,0.00134396918461756
-224.338486895208,12.9944295322789,0,1.61528982354159,23.0515053721504,0.0015018912680311
-224.347454801735,13.1942283295543,0,1.61594965658468,23.064516032053,0.00164702232391332
-224.356542087686,13.3940217759785,0,1.61624840477626,23.0775193596025,0.00144239049771313
-224.365629373637,13.5938152224027,0,1.61624840477619,23.0905153643835,0.00129228847342029
-224.374716659588,13.7936086688268,0,1.61626980688262,23.1035040587533,0.00129488748064079
-224.383812497293,13.9934017208595,0,1.61690327636423,23.1035040587533,0.00158112155734141
-224.393152901982,14.1931834939024,0,1.61751534372287,23.1164854550347,0.0015600340806575
-224.402493306671,14.3929652669456,0,1.61751534372299,23.1294595655158,0.00123853746131221
-224.41183371136,14.5927470399888,0,1.61751534372299,23.1424264024503,0.00123853746131221
-224.421174116048,14.792528813032,0,1.61783116676351,23.1551504472985,0.00137493090477759
-224.430640708515,14.9923046097633,0,1.61843725197803,23.1681029030653,0.0015126788946541
-224.440223275818,15.1920749138724,0,1.61872751404079,23.1810481239961,0.00133213650522851
-224.44980584312,15.3918452179816,0,1.61872751404083,23.1939861198334,0.0011827623795825
-224.459388410423,15.5916155220909,0,1.61873273313146,23.2069169026612,0.0011827623795825
-224.468973062906,15.791385724971,0,1.61931042040637,23.2069169026612,0.00143821164015094
-224.478786433286,15.9911448242926,0,1.61988288858745,23.2198404845301,0.00143101114540227
-224.488599803666,16.190903923614,0,1.61988288858752,23.2327568774569,0.00112497747709681
-224.498413174046,16.3906630229357,0,1.61988288858743,23.2456660934253,0.00112497747709681
-224.508226544426,16.5904221222573,0,1.62015567543662,23.2585681443855,0.00124070233334263
-224.518148895167,16.7901758079092,0,1.62070395830948,23.271463040317,0.00136820743296712
-224.528181308572,16.9899240261273,0,1.62097945425078,23.2843507969804,0.00121029588626571
-224.538213721978,17.1896722443451,0,1.62097945425085,23.2972314242882,0.0010651648303835
-224.548246135383,17.3894204625632,0,1.62097945425075,23.310104934059,0.0010651648303835
-224.558278548788,17.5891686807813,0,1.62149033171689,23.310104934059,0.00128436380049216
-224.568515050575,17.7889065426375,0,1.6220082102995,23.3229713379867,0.00128960332210549
-224.57875434921,17.9886442625691,0,1.6220152114123,23.3358306480088,0.00100336924540487
-224.588993647844,18.1883819825005,0,1.6220152114123,23.3486828757544,0.00100335870869274
-224.599232946478,18.3881197024322,0,1.62224668217363,23.3615280329123,0.00109913445662665
-224.609564709682,18.5878526371844,0,1.62273316316447,23.374366129624,0.00121372353624066
-224.619998340636,18.7875803001286,0,1.62298817333651,23.3871971805455,0.00107733009277528
-224.630431971589,18.9873079630727,0,1.62298817333654,23.4000211957536,0.000939582102898767
-224.640865602543,19.1870356260167,0,1.62298817333647,23.4128381868093,0.000939582102898767
-224.651299233496,19.3867632889609,0,1.62342657128467,23.4175475403241,0.00112220959594374
-224.661907980667,19.58648172422,0,1.62388066736265,23.4303549438561,0.00113277558054248
-224.672522998388,19.7861998290548,0,1.62389636548615,23.443155350658,0.000877326319974034
-224.683138016109,19.9859179338896,0,1.62389636548604,23.4559487720084,0.000873825760004444
-224.693753033831,20.1856360387242,0,1.62408791696669,23.4687352193313,0.000950263441119136
-224.704444562433,20.3853500447234,0,1.62450864662513,23.4815147028978,0.00104936222452588
-224.715227631029,20.5850591467485,0,1.62473782476593,23.4942872363135,0.000933637368280057
-224.726010699625,20.7847682487736,0,1.62473782476593,23.5070528297872,0.000806121731943437
-224.736793768221,20.9844773507988,0,1.62473782476589,23.5198114946188,0.000806121731943437
-224.747576836817,21.1841864528237,0,1.62510307975463,23.529824671487,0.000951818218486778
-224.758505791847,21.3838876213405,0,1.62548946672386,23.5425709951496,0.000963517668077679
-224.769443187196,21.583588330861,0,1.62551059869841,23.555310421679,0.000744318697969019
-224.780380582545,21.7832890403815,0,1.62551059869855,23.5680429620632,0.000736469632423054
-224.791317977894,21.982989749902,0,1.62566347405009,23.5693947286039,0.000794188745238628
-224.802316430699,22.1826870938701,0,1.62601454697775,23.5534245430844,0.000875254032942125
-224.813394042361,22.3823800745175,0,1.62621274453282,23.5381628959321,0.000779478285008223
-224.824471654024,22.582073055165,0,1.62621274453282,23.5211630774565,0.000664889205394207
-224.835549265687,22.7817660358124,0,1.62621274453275,23.5041509635462,0.000664889205394207
-224.84662687735,22.9814590164599,0,1.6265041375064,23.4871265274655,0.000773333791314592
-224.857820865236,23.1811455045962,0,1.626818929386,23.4740692670991,0.000784561104317504
-224.869024198151,23.380831471383,0,1.62684232828771,23.457045626753,0.000601933611272534
-224.880227531067,23.5805174381699,0,1.62684232828778,23.4399869781443,0.000591357089961661
-224.891430863982,23.7802034049567,0,1.6269577665088,23.4229159059152,0.000631046679108525
-224.902680298964,23.9798867723623,0,1.62723531423692,23.4063882607741,0.000691459050070371
-224.913994474919,24.1795664894654,0,1.6273974237336,23.3904050370958,0.00061502136895568
-224.925308650873,24.3792462065688,0,1.6273974237335,23.3732977519091,0.000515922585548936
-224.936622826828,24.5789259236721,0,1.6273974237335,23.3561779364561,0.000515912048836809
-224.947937002783,24.7786056407755,0,1.62761431290477,23.339045563163,0.000586883842499165
-224.959337794296,24.9782804293034,0,1.6278536566961,23.3239308447101,0.00059595611990841
-224.970747553151,25.1779547075738,0,1.62787611131393,23.3067952065984,0.000450259633365069
-224.982157312007,25.3776289858444,0,1.62787611131397,23.2896265062864,0.000438560183774168
-224.993567070862,25.577303264115,0,1.62795546942033,23.27244514019,0.000460980782223126
-225.0050085209,25.7769757251279,0,1.6281556522705,23.2555064377512,0.000498059188470264
-225.01649822157,25.9766454193193,0,1.6282764770105,23.2388964768744,0.00044034007565469
-225.02798792224,26.1763151135106,0,1.62827647701057,23.221677576413,0.000359285324663322
-225.03947762291,26.3759848077021,0,1.62827647701061,23.2044458986394,0.000359285324663322
-225.05096732358,26.5756545018935,0,1.62841839952361,23.187201415067,0.0003926533294568
-225.062513698977,26.7753209257189,0,1.62857846659447,23.1707654652633,0.000397773613248073
-225.074067320144,26.9749869314333,0,1.62859661115148,23.1535089783701,0.000289329027327687
-225.08562094131,27.1746529371476,0,1.62859661115141,23.1362265292218,0.000278101714324776
-225.097174562476,27.3743189428621,0,1.62864145234731,23.1189311606628,0.000284172616378148
-225.108746090044,27.5739839102893,0,1.62876045035659,23.1017023562885,0.000295113886146176
-225.120347230597,27.7736471606332,0,1.62883460716922,23.0845989725474,0.000255434833711439
-225.13194837115,27.973310410977,0,1.62883460716926,23.0672648947233,0.000195022462749593
-225.143549511703,28.1729736613207,0,1.62883460716919,23.0499177812706,0.000195022462749593
-225.155150652256,28.3726369116645,0,1.62890134317887,23.0325576027356,0.000190925002419466
-225.166778442147,28.5722986115294,0,1.62897831974856,23.0153589571003,0.000190185778655832
-225.178410321347,28.7719600734751,0,1.62898856030836,22.9979767740354,0.000119235058417732
-225.190042200546,28.9716215354208,0,1.62898856030833,22.980577357827,0.000110152244296359
-225.201674079746,29.1712829973663,0,1.62900070211469,22.9631647579133,0.000101287390198003
-225.213310807437,29.3709441766831,0,1.62903470537676,22.9457446445405,8.38689222735883e-05
-225.224956264892,29.5706048471235,0,1.62905656683242,22.9283240354038,6.14483238246308e-05
-225.236601722347,29.7702655175638,0,1.62905656683235,22.9108717222299,2.43593808653644e-05
-225.248247179801,29.9699261880042,0,1.62905656683245,22.893406104651,2.43593808653644e-05
-225.259892637256,30.1695868584443,0,1.62904837190988,22.8759271521937,-1.44333519322477e-05
-225.271534822301,30.3692477197202,0,1.62903869867222,22.8584374011804,-2.25231112368232e-05
-225.283176417023,30.5689086154218,0,1.62903722035738,22.8409317723961,-5.58911160303021e-05
-225.294818011746,30.7685695111233,0,1.62903722035738,22.823412633347,-6.10113998215741e-05
-225.306459606468,30.9682304068248,0,1.62901949064765,22.8058800363589,-8.21795995743513e-05
-225.318094121309,31.1678917149582,0,1.6289669239999,22.7883458583794,-0.000127628516749683
-225.329714724959,31.3675538334755,0,1.62893208706194,22.7708321742961,-0.000133699418803055
-225.341335328609,31.5672159519928,0,1.62893208706201,22.7532590612853,-0.000144630151858955
-225.352955932259,31.7668780705101,0,1.62893208706194,22.7356723654859,-0.000144630151858955
-225.364576535909,31.9665401890275,0,1.62885450159575,22.7180720553202,-0.000213737384398971
-225.376166157633,32.1662041078194,0,1.62876073661321,22.700684894295,-0.000230122361371953
-225.387749318449,32.3658684020373,0,1.62874455709701,22.683067215839,-0.000226014364329698
-225.399332479265,32.5655326962552,0,1.62874455709708,22.665426056403,-0.000225285677278193
-225.410915640081,32.7651969904731,0,1.62870222069579,22.6477711556407,-0.000256284970619018
-225.422481894631,32.9648622632172,0,1.62856898646183,22.6301690794666,-0.000328799783652129
-225.434011850798,33.1645296368933,0,1.62847808863036,22.6127950592596,-0.000319934929553773
-225.445541806965,33.3641970105697,0,1.62847808863033,22.5950990347923,-0.000302516461629359
-225.457071763131,33.563864384246,0,1.62847808863026,22.5773891402897,-0.000302516461629359
-225.468601719298,33.7635317579224,0,1.62833987416655,22.5596653430868,-0.000397975082132867
-225.480076481083,33.9632023093748,0,1.62816888974745,22.5426422936337,-0.000423196260389823
-225.491538156558,34.1628736142616,0,1.62813611979373,22.5249304721286,-0.000384403527592211
-225.502999832032,34.3625449191488,0,1.62813611979369,22.5071653651666,-0.000376313768287636
-225.514461507507,34.5622162240359,0,1.6280741422794,22.4893862249659,-0.000415169503034023
-225.525898432425,34.7618889445313,0,1.62786711406443,22.4717330549459,-0.000513343247906189
-225.537277431733,34.9615649780826,0,1.6277220633675,22.4547051949644,-0.000492175048153412
-225.54865643104,35.1612410116337,0,1.62772206336757,22.4368844849895,-0.000446726130978081
-225.560035430348,35.360917045185,0,1.62772206336747,22.4190496094897,-0.000446736667690208
-225.571414429655,35.5605930787363,0,1.62753112505479,22.4012005346312,-0.000565297296190948
-225.582717176307,35.7602734392556,0,1.62728974438072,22.3846975949541,-0.000599277701883249
-225.593999778422,35.9599549428796,0,1.62723930202393,22.3669124486043,-0.000530181006055361
-225.605282380537,36.1596364465034,0,1.62723930202386,22.3490217343742,-0.000513796029082378
-225.616564982652,36.3593179501273,0,1.62716159055704,22.3311166868908,-0.000559357785179564
-225.627816549202,36.559001198821,0,1.62688753159795,22.313413267666,-0.000681031327153985
-225.638989700619,36.7586888566454,0,1.62669118411408,22.2969037110913,-0.000650053107237416
-225.650162852036,36.9583765144699,0,1.62669118411419,22.2789567776787,-0.000577527757492177
-225.661336003454,37.1580641722941,0,1.62669118411412,22.2609953753573,-0.000577527757492177
-225.672509154871,37.3577518301186,0,1.62645406286232,22.2430194690913,-0.000716870913229173
-225.683587604302,37.5574447578347,0,1.62614898079312,22.2271272189381,-0.000758650985748314
-225.694638911401,37.757139195943,0,1.62608101998537,22.2092865439693,-0.000663181828532678
-225.7056902185,37.9568336340514,0,1.62608101998533,22.191268751309,-0.000637960650275722
-225.7167415256,38.1565280721596,0,1.6259899175534,22.1732363175253,-0.000690102626440574
-225.727756446728,38.3562245117,0,1.6256554469581,22.1554803952105,-0.000832176992128402
-225.738674167533,38.5559262978023,0,1.62541207880952,22.1396083567922,-0.000793331794094142
-225.749591888337,38.7556280839047,0,1.62541207880959,22.1215338119405,-0.000695158049221976
-225.760509609141,38.955329870007,0,1.62541207880955,22.1034444870664,-0.000695158049221976
-225.771427329946,39.1550316561091,0,1.62513339250716,22.085340345868,-0.000854232865853946
-225.782233740249,39.3547394871284,0,1.62477114604836,22.0701260223243,-0.000901674093081772
-225.793006775675,39.5544491306305,0,1.62468758590856,22.0522357434114,-0.000783113464581032
-225.8037798111,39.7541587741326,0,1.62468758590856,22.0340895269805,-0.000749133058888731
-225.814552846525,39.9538684176348,0,1.6245833019632,22.0159283538758,-0.00080910915682598
-225.82528422806,40.1535802918664,0,1.62419486927585,21.9981265046051,-0.000967188738784165
-225.835902112748,40.3532982443013,0,1.62391072055695,21.9829262762801,-0.000921637519399107
-225.846519997435,40.5530161967362,0,1.62391072055695,21.9647227997311,-0.000799953440712559
-225.857137882123,40.7527341491711,0,1.62391072055695,21.9465042243412,-0.000799942904000431
-225.867755766811,40.952452101606,0,1.6235925709372,21.928270512492,-0.000979247027252027
-225.878246568339,41.152176757701,0,1.62317951776958,21.9138271084629,-0.00102879063080907
-225.888699461161,41.3519034134875,0,1.62308461424657,21.8958712873279,-0.000889458011784205
-225.899152353984,41.551630069274,0,1.6230846142465,21.8775953758916,-0.000847677939265064
-225.909605246806,41.7513567250604,0,1.62296464098558,21.8593041845167,-0.000918398506369316
-225.920010214821,41.951085868081,0,1.6225285085459,21.8414840563047,-0.00108656164977599
-225.930288889148,42.1508215655765,0,1.62221234940011,21.8268624272488,-0.00103441967361114
-225.940567563475,42.3505572630722,0,1.62221234940009,21.8085286853113,-0.000892345307923309
-225.950846237803,42.5502929605679,0,1.62221234940009,21.7901795178022,-0.000892334771211182
-225.96112491213,42.7500286580637,0,1.62185374117135,21.7718148857197,-0.00109417758040033
-225.971260329371,42.9497716620263,0,1.62139604571083,21.7583244729928,-0.00114052152783751
-225.98135616318,43.1495166848419,0,1.62129695851148,21.7402586511548,-0.000981446711205543
-225.991451996989,43.3492617076578,0,1.62129695851146,21.7218518137783,-0.00093399494726559
-226.001547830798,43.5490067304737,0,1.62115551739133,21.7034293654193,-0.00102021550398482
-226.011587158926,43.7487545822256,0,1.62067774996542,21.6856561184695,-0.00119076434574223
-226.021492124833,43.9485091607724,0,1.62034142370512,21.6713541046313,-0.00113077771109285
-226.03139709074,44.1482637393189,0,1.62034142370512,21.652888692466,-0.000972698129134668
-226.041302056647,44.3480183178657,0,1.62034142370502,21.634407519697,-0.000972708665846796
-226.051207022554,44.5477728964125,0,1.61993773810581,21.6159105458993,-0.00120142805926828
-226.060950708422,44.7475353918891,0,1.61944136458332,21.603743996139,-0.00123735260646336
-226.070657363721,44.9472997051258,0,1.61934867669715,21.5854993336353,-0.00105804848321176
-226.080364019019,45.1470640183623,0,1.61934867669708,21.5669604136134,-0.00100850487965472
-226.090070674318,45.3468283315989,0,1.6191762356027,21.5484055438533,-0.00111704522114007
-226.099708432749,45.5465959571076,0,1.61866269679795,21.5308100683786,-0.00128031681802448
-226.109209909523,45.7463701344657,0,1.61832159914796,21.5164025978807,-0.00120959625092023
-226.118711386297,45.9461443118239,0,1.61832159914799,21.4978040914435,-0.00104143310751355
-226.128212863071,46.1459184891819,0,1.61832159914792,21.479189480846,-0.00104143310751355
-226.137714339844,46.3456926665401,0,1.61786416037466,21.4605587241966,-0.00130354792399237
-226.147033043139,46.5454754398472,0,1.61733487248076,21.4504986299717,-0.00131974973529181
-226.156323038529,46.7452595633047,0,1.61726302339509,21.4320062703066,-0.00111790692610265
-226.165613033918,46.9450436867622,0,1.61726302339519,21.4133344617428,-0.00107156297866548
-226.174903029308,47.1448278102196,0,1.6170459216687,21.3946463576863,-0.00121145470673369
-226.184106275557,47.3446159202652,0,1.61650227671173,21.3774785515681,-0.00135570069931467
-226.193179042251,47.544410026546,0,1.61617573355814,21.362449477896,-0.00126949067930757
-226.202251808945,47.7442041328267,0,1.61617573355814,21.3437168200775,-0.00109894183755015
-226.211324575638,47.9439982391075,0,1.61617573355824,21.3249677067905,-0.00111392621894378
-226.220397342332,48.1437923453881,0,1.61565150391916,21.3062020945935,-0.00138823816047162
-226.229260627789,48.3435958474921,0,1.61509487063505,21.3004190748468,-0.00138823816047162
-226.238110964811,48.5433999303698,0,1.61506246700896,21.2816642300068,-0.00115951876705013
-226.246961301834,48.7432040132475,0,1.61506246700896,21.2628604002084,-0.00112359421985505
-226.255811638856,48.9430080961253,0,1.61478268359497,21.2440399265005,-0.00130604439013768
-226.264550169342,49.1428170678218,0,1.61421440814612,21.2277745128639,-0.00141739681686522
-226.273173413206,49.3426310805068,0,1.61392591620291,21.2116640911234,-0.00130884593866774
-226.281796657069,49.5424450931919,0,1.61392591620284,21.19279815209,-0.00114557434178333
-226.290419900933,49.7422591058769,0,1.61389594743778,21.1739154035154,-0.0012053484449433
-226.299031168139,49.9420736284885,0,1.61331735476112,21.1550430306969,-0.00144324009938235
-226.307423184436,50.1418974860791,0,1.61276873086852,21.1514499807187,-0.00144322956267022
-226.315815200732,50.3417213436699,0,1.6127687308685,21.1325302859693,-0.0011811147461914
-226.324207217029,50.5415452012608,0,1.6127687308685,21.113593637451,-0.00116491293489196
-226.332599233325,50.7413690588516,0,1.61240383057922,21.0946399895189,-0.00140326557165482
-226.340845414481,50.9411989552484,0,1.61181622537578,21.0802025565673,-0.00146580728903793
-226.349002589979,51.1410325372306,0,1.61159352055711,21.0627648906851,-0.00132591556096971
-226.357159765476,51.340866119213,0,1.61159352055723,21.0437654624898,-0.00118168010510087
-226.365316940974,51.5406997011954,0,1.61147397236379,21.0247488650941,-0.00130184087597478
-226.373426335826,51.7405352050842,0,1.61087864082973,21.006143796363,-0.00148516553252068
-226.381345571145,51.9403783578615,0,1.61040285755706,20.9957782281603,-0.00147018115112705
-226.389264806465,52.1402215106386,0,1.61040285755713,20.9767181276443,-0.00119586920959921
-226.397184041784,52.3400646634159,0,1.61040285755711,20.9576406927555,-0.00119989832385946
-226.405103277103,52.5399078161933,0,1.6099261523225,20.9385458761262,-0.00150133576664551
-226.412831975365,52.7397584045905,0,1.60932436359573,20.928036011232,-0.00150133576664551
-226.420510678308,52.9396109440318,0,1.60919928017522,20.9093774653772,-0.00131889613307501
-226.428189381251,53.1394634834728,0,1.60919928017508,20.8902385335741,-0.00120754370634747
-226.435868084194,53.3393160229141,0,1.60895893759934,20.8710820512537,-0.001405449174586
-226.44345071876,53.539172195082,0,1.60835194565984,20.8536648238913,-0.00151438700722759
-226.450886798365,53.7390339090748,0,1.60798529640297,20.8388715584725,-0.00145461290406762
-226.45832287797,53.9388956230676,0,1.60798529640292,20.8196678126841,-0.00121672124962857
-226.465758957574,54.1387573370602,0,1.60797721710872,20.8004463372908,-0.00130663164355416
-226.473191807622,54.3386191692364,0,1.60736626289271,20.7812089579811,-0.00152433048217751
-226.480383669024,54.5384898202325,0,1.60676338797695,20.7812089579811,-0.00152433048217751
-226.487575530425,54.7383604712286,0,1.60676338797703,20.7619518772989,-0.00128597784541466
-226.494767391827,54.9382311222247,0,1.60676338797712,20.7426769187538,-0.00122343612803155
-226.501959253229,55.1381017732206,0,1.60636757709836,20.7233840324355,-0.00151770202132547
-226.508992889211,55.3379780203509,0,1.60575389048523,20.7092090882999,-0.00153117175524907
-226.515939429393,55.5378573478951,0,1.60553601485665,20.6912810911644,-0.00141098991095091
-226.522885969574,55.7377366754392,0,1.60553601485658,20.6719402377614,-0.00122766525440501
-226.529832509756,55.9376160029834,0,1.60535621516953,20.6525812719277,-0.00142368683088548
-226.536707171927,56.1374977842804,0,1.60474101776322,20.6341353711654,-0.0015349524266013
-226.543407776444,56.337385507513,0,1.60430562014043,20.6211048423232,-0.00153091277562893
-226.550108380961,56.5372732307457,0,1.60430562014043,20.6016981076338,-0.00122947533284288
-226.556808985478,56.7371609539783,0,1.60430562014043,20.5822730746165,-0.00133315547402839
-226.563509589995,56.9370486772109,0,1.60371708833839,20.5628296914137,-0.00153568621460113
-226.569974909152,57.1369441426657,0,1.6031015959857,20.5609281959603,-0.00153568621460113
-226.576429449928,57.3368399627906,0,1.60307463545474,20.5414847799397,-0.0013377807463626
-226.582883990705,57.5367357829155,0,1.60307463545481,20.52200275229,-0.0012469383931251
-226.589338531481,57.7366316030403,0,1.60268259236061,20.502502212291,-0.00153338983638579
-226.595636333625,57.9365323877549,0,1.60206801800551,20.4878098208972,-0.00153338983638579
-226.601845167919,58.1364359904654,0,1.60184548685177,20.4696867676002,-0.00144350051588447
-226.608054002214,58.3363395931761,0,1.60184548685182,20.4501363409555,-0.00122580167726111
-226.614262836508,58.5362431958868,0,1.60163812660407,20.4305672061171,-0.0014681168713818
-226.620388765114,58.736149322754,0,1.60102568375614,20.4121867720005,-0.00152806151701961
-226.626352735769,58.9360603806124,0,1.60062060125901,20.3977083098646,-0.00152807205373174
-226.632316706424,59.1359714384705,0,1.60062060125909,20.3780888283058,-0.00123379562372569
-226.638280677079,59.3358824963288,0,1.60058441030549,20.35845043942,-0.00138994486824181
-226.644230177527,59.5357939770572,0,1.59997531643234,20.3388283846611,-0.00151967998072833
-226.649950614622,59.7357121518174,0,1.59940241353823,20.3325318064481,-0.00151967998072833
-226.655671051716,59.9356303265777,0,1.59940241353825,20.3128493732471,-0.00132365840424786
-226.66139148881,60.1355485013377,0,1.59940241353818,20.2931478499692,-0.00131760657590061
-226.667111925904,60.335466676098,0,1.59891778318736,20.2734271809358,-0.00150821410834491
-226.672638586857,60.5353902783125,0,1.59831326348857,20.2614762336641,-0.00150820357163279
-226.678117310894,60.7353152231866,0,1.59819337421089,20.2421099527184,-0.00140452343044727
-226.68359603493,60.9352401680608,0,1.59819337421091,20.2223395119955,-0.00125158916977383
-226.689074758967,61.1351651129348,0,1.5978541152339,20.2025497237079,-0.00149363270539431
-226.694417828135,61.3350936940046,0,1.59725540704285,20.1860459068694,-0.00149363270539431
-226.699657154918,61.5350250558639,0,1.59699595793423,20.1680742575719,-0.00147553722599022
-226.704896481701,61.7349564177231,0,1.59699595793423,20.1482311694832,-0.00119233541478545
-226.710135808484,61.9348877795824,0,1.59678553043105,20.128368519553,-0.00147591388699052
-226.715290991857,62.134821296656,0,1.59619388781979,20.1096740639306,-0.00147590335027839
-226.72029373922,62.3347587181629,0,1.5958126728067,20.0939941429598,-0.00147590335027839
-226.725296486583,62.5346961396699,0,1.5958126728067,20.0740778273315,-0.0012335881561577
-226.730299233946,62.7346335611768,0,1.59571345878239,20.0541417322648,-0.00142145311501226
-226.73526230754,62.9345719522277,0,1.59513015765825,20.0344407254054,-0.00145497009576544
-226.740031804117,63.1345150738956,0,1.5946460706143,20.0218495111422,-0.00145498063247757
-226.744801300694,63.3344581955638,0,1.59464607061429,20.0018613595542,-0.00128534058061359
-226.749570797272,63.534401317232,0,1.59463957134717,19.9818532135241,-0.0013702575971025
-226.754337694846,63.7343444994057,0,1.59406591510528,19.9618260882813,-0.00143077322015039
-226.758877791096,63.9342929615804,0,1.5934987581346,19.9532238991362,-0.00143077322015039
-226.763417887346,64.134241423755,0,1.59349875813453,19.9331669327545,-0.00132555945278182
-226.767957983596,64.3341898859298,0,1.59349875813466,19.9130897645006,-0.00132557351458117
-226.772498079846,64.5341383481045,0,1.59300313893858,19.8929923332077,-0.00140322663689727
-226.776839977011,64.734091199076,0,1.59244046467637,19.8804947961953,-0.00140321610018514
-226.781155058734,64.9340446438319,0,1.59237340964752,19.8604774134123,-0.00135361962028584
-226.785470140457,65.1339980885875,0,1.59237340964745,19.8403266880528,-0.00128721537248655
-226.78978522218,65.3339515333434,0,1.59194412649424,19.8201554759063,-0.00137220557774006
-226.793928628604,65.5339085884082,0,1.59139381204954,19.8052327165051,-0.00137220557774006
-226.798023633232,65.7338666613563,0,1.59127278081543,19.7853921091266,-0.00136895594568414
-226.802118637859,65.9338247343044,0,1.59127278081544,19.7651648339165,-0.00125478290561968
-226.806213642487,66.1337828072522,0,1.59089153766255,19.7449168372999,-0.00133759726730654
-226.810156180171,66.3337439207829,0,1.59035500929231,19.7286061683407,-0.00133759726730654
-226.814036616137,66.5337062727813,0,1.5901997241385,19.708920221125,-0.00133759726730654
-226.817917052103,66.7336686247797,0,1.5901997241385,19.688614382,-0.00126123085835145
-226.821797488069,66.9336309767781,0,1.58984844559729,19.6682875788291,-0.00129927871935838
-226.825537437667,67.1335959817746,0,1.58932718660389,19.6511971589135,-0.00129928925607051
-226.829209407226,67.3335622705325,0,1.58915720621388,19.631543601832,-0.00129929979278263
-226.832881376785,67.5335285592903,0,1.58915720621381,19.6111576453465,-0.00126604974256211
-226.836553346343,67.7334948480482,0,1.58881839538142,19.5907504754318,-0.00125758594553236
-226.840089813175,67.9334635566595,0,1.58831395578721,19.5732927251174,-0.00125758594553236
-226.843560039084,68.1334334482233,0,1.58814832708192,19.5535132165655,-0.00125758594553236
-226.847030264992,68.3334033397874,0,1.58814832708191,19.5330458226668,-0.00126602582045498
-226.850500490901,68.5333732313515,0,1.58780544071703,19.5125569598247,-0.00121349376294019
-226.853833581772,68.7333454360494,0,1.5873194035618,19.4950548507516,-0.00121350429965232
-226.857109420486,68.9333186064517,0,1.58717625281902,19.4750162371714,-0.00122209585766322
-226.860385259201,69.1332917768537,0,1.58717625281895,19.4544662594094,-0.00125314633982503
-226.863661097915,69.333264947256,0,1.58681346975407,19.4338945514917,-0.00116815613457151
-226.866791841779,69.5332404267532,0,1.58634658300834,19.4166577094763,-0.00116815613457151
-226.869880949454,69.7332165688647,0,1.58624247936275,19.3963005439424,-0.00121663832035018
-226.872970057129,69.9331927109761,0,1.58624247936283,19.3756670798953,-0.00120553135647711
-226.876059164804,70.1331688530874,0,1.58584435643026,19.355011619499,-0.00112271699479025
-226.87898904122,70.3331473834979,0,1.58539601242126,19.3384027354026,-0.00112271699479025
-226.881898831471,70.5331262151794,0,1.5853457913627,19.3177656947007,-0.00121665393375036
-226.884808621721,70.733105046861,0,1.58532858717632,19.2970482570614,-0.00114989175270657
-226.887711530982,70.9330839757009,0,1.58489800343822,19.276315338605,-0.00107831637423433
-226.89044910491,71.1330652390455,0,1.58448462389227,19.2599193250916,-0.0010783058375222
-226.893186678838,71.3330465023904,0,1.5844846238922,19.239139596381,-0.00122269195962906
-226.895924252766,71.5330277657353,0,1.58438765952894,19.2183373997086,-0.0010876995385526
-226.898623044364,71.7330095439356,0,1.58397409821754,19.1977266377535,-0.00103564771253445
-226.901195208352,71.9329930031827,0,1.58365750129501,19.1792807587347,-0.00105164569349736
-226.903767372341,72.1329764624296,0,1.58365750129515,19.158413567474,-0.00121891348428049
-226.906339536329,72.3329599216767,0,1.58346962743103,19.1375236230389,-0.00101985201511422
-226.908836556608,72.5329443175589,0,1.58307239152092,19.1174155108112,-0.000994741487025036
-226.911249838585,72.7329297572041,0,1.58286302950639,19.0974816115105,-0.00107671702446728
-226.913663120562,72.9329151968494,0,1.58286302950646,19.0765249430283,-0.00116218386389243
-226.916076402539,73.1329006364945,0,1.58257425727359,19.0555452270981,-0.00095549409390943
-226.918374183509,73.3328874258457,0,1.58219268678255,19.0364719292433,-0.00095549409390943
-226.920634847718,73.532874648931,0,1.58209988854484,19.0156383645345,-0.00110650952617222
-226.922895511926,73.7328618720162,0,1.58206789258036,18.9945913988893,-0.00107611974036775
-226.925143378513,73.932849235075,0,1.58170136102785,18.973543474777,-0.000917821272100211
-226.927257438874,74.1328380616347,0,1.58136682544774,18.9550489782717,-0.000977996114580718
-226.929371499235,74.3328268881947,0,1.58136682544766,18.9339346615721,-0.00108026519525752
-226.931485559595,74.5328157147546,0,1.58120287438129,18.9127967727853,-0.000986328256297412
-226.933534042953,74.7328052114306,0,1.58085078543532,18.8922234124057,-0.000881647241803924
-226.935507275095,74.932795477081,0,1.58066264757745,18.8718142816096,-0.00102191372062103
-226.937480507237,75.1327857427312,0,1.58066264757745,18.8506067350514,-0.00103768949770664
-226.93945373938,75.3327760083816,0,1.5803606167151,18.8293753024248,-0.000893303375599789
-226.941306164663,75.5327674251274,0,1.58002240104337,18.8101607436338,-0.000918750668405177
-226.943144116681,75.73275897978,0,1.57998621624123,18.7889114164817,-0.000996798083575207
-226.9449820687,75.9327505344327,0,1.57986586656089,18.7676101892701,-0.000980800102612306
-226.946771882737,76.1327425158396,0,1.57954097871215,18.7465923343723,-0.000829732122354337
-226.948479884728,76.3327352225296,0,1.5793364405596,18.7261409740486,-0.000957523347695578
-226.950187886719,76.5327279292197,0,1.57933644055953,18.704768263198,-0.000957523347695578
-226.95189588871,76.7327206359097,0,1.57905590760317,18.6833711032014,-0.000875537273541207
-226.953491681318,76.9327142658827,0,1.57874382308485,18.6636545344556,-0.00089202268820464
-226.955074853731,77.1327079996971,0,1.57871227152849,18.6422308337743,-0.000919796039309787
-226.956658026143,77.3327017335118,0,1.57856857870668,18.6207618120131,-0.000919796039309787
-226.958183723093,77.5326959050771,0,1.57826879104727,18.599697447849,-0.00084056356328054
-226.959646983924,77.7326905521749,0,1.57811269622318,18.5786852282915,-0.000883587282167731
-226.961110244755,77.9326851992727,0,1.57808029660814,18.557142689863,-0.000883597818879859
-226.96256054606,78.1326799374563,0,1.57779231453963,18.5355965170318,-0.000866309245677451
-226.963908616911,78.3326753941673,0,1.57753673209086,18.5153741610009,-0.000848855721689982
-226.965256687763,78.5326708508782,0,1.57753673209079,18.4937578745333,-0.000848855721689982
-226.966604758614,78.7326663075891,0,1.57731562339616,18.4721162924607,-0.000871786863868246
-226.967864387836,78.9326623359725,0,1.57703896798966,18.4514554749282,-0.000831323324507471
-226.969101798839,79.1326585079707,0,1.5769834212845,18.4298261126329,-0.000815547547421857
-226.970339209842,79.3326546799692,0,1.57683985537674,18.4081093690223,-0.000826589926320862
-226.971519195489,79.5326511920041,0,1.57657405722436,18.3867809050015,-0.000861696603672578
-226.972650289098,79.7326479935467,0,1.57645182498892,18.3653114571348,-0.000783649188502548
-226.973781382707,79.9326447950893,0,1.57636605245284,18.3435183353109,-0.00079005352490522
-226.974878167801,80.1326417819026,0,1.57611064880093,18.3218445709746,-0.000880936520565202
-226.975907101442,80.332639135124,0,1.57594101769245,18.3005715329684,-0.000753134758511833
-226.976936035083,80.5326364883454,0,1.57589515540643,18.2787012239189,-0.000761398345932584
-226.977946624028,80.7326339314423,0,1.57564968723958,18.2568457126532,-0.00086235717586799
-226.978877371583,80.9326317657032,0,1.57545008136305,18.2357102574867,-0.000751802827056384
-226.979808119137,81.1326295999638,0,1.57542799660472,18.2137620659491,-0.000739961969169565
-226.980730032873,81.3326274732506,0,1.57519200566134,18.1917967928095,-0.000829203543712333
-226.981566384972,81.5326257245309,0,1.57497809947846,18.1706922793542,-0.000757410050766664
-226.982402737072,81.7326239758112,0,1.57496529078934,18.1486654581261,-0.000725088061954394
-226.983233965735,81.9326222473537,0,1.57473831648596,18.1266149979018,-0.000797663263903068
-226.983979528824,82.132620857688,0,1.57452415087316,18.1054235736014,-0.000754776994624969
-226.984725091913,82.3326194680224,0,1.57450762370479,18.0833172504335,-0.000716269717379715
-226.985464044175,82.532618101557,0,1.57428919994844,18.0611890203289,-0.000767798684666887
-226.9861222383,82.7326170185054,0,1.57408730336186,18.0398079862427,-0.000744867542488623
-226.986780432425,82.9326159354538,0,1.57405543837847,18.0176211576474,-0.000713083432303238
-226.987425880617,83.1326148916675,0,1.57384509024517,17.9954259178434,-0.000739620679913795
-226.98799993589,83.3326140678172,0,1.57366660709751,17.9737843207239,-0.000730592646469507
-226.988573991162,83.5326132439669,0,1.5736090188404,17.9515158916509,-0.000713173435291467
-226.989125011213,83.7326124815637,0,1.57340625910606,17.9292810548346,-0.000713173435291467
-226.989617962882,83.9326118740594,0,1.5732610876323,17.9073479673441,-0.000740620934277858
-226.99011091455,84.1326112665549,0,1.57316847107542,17.8849968192209,-0.000688513948349686
-226.990566819691,84.3326107431126,0,1.57297279658289,17.8627747044912,-0.000688524485061814
-226.990981501765,84.5326103132091,0,1.57286973865098,17.8405615437213,-0.000749075032478106
-226.991396183839,84.7326098833056,0,1.57273370099303,17.8181266185676,-0.000665723110022022
-226.991756450947,84.9326095559364,0,1.5725445888411,17.7959996897024,-0.000688274345168465
-226.992095488295,85.1326092685702,0,1.57248748566079,17.773559183761,-0.000734105806515708
-226.99243291417,85.332608983641,0,1.57230438921099,17.7510398673797,-0.00064486423197294
-226.992698713023,85.5326088070183,0,1.57212532145044,17.7290708982832,-0.000710427485540486
-226.992964511876,85.7326086303957,0,1.5720576177816,17.7064947100309,-0.000698643099525133
-226.993203229279,85.932608484953,0,1.57187996247212,17.683970963701,-0.000656531162167204
-226.993397966056,86.1326083901468,0,1.57177001083398,17.6615512664403,-0.000707232834950293
-226.993592702833,86.3326082953408,0,1.57163238256338,17.6388886593544,-0.000661820609797157
-226.99373238832,86.5326082446234,0,1.57145956155107,17.6165307352463,-0.000689575391199606
-226.993857996715,86.7326082051798,0,1.57137926633734,17.5938317318024,-0.000689575391199606
-226.993965564122,86.9326081740244,0,1.57121063595487,17.571117124363,-0.000677329163852654
-226.994023720372,87.1326081655688,0,1.57108710804782,17.5486031557116,-0.000674622761040771
-226.994081876621,87.3326081571134,0,1.57095600261441,17.5257944960179,-0.000707819771619733
-226.994087590698,87.5326081552478,0,1.57079087768832,17.503252994226,-0.000662551298354254
-226.994079696979,87.732608155092,0,1.57069591059576,17.4804049511891,-0.000681518913970898
-226.994047424219,87.9326081500161,0,1.5705335596488,17.4575705203412,-0.000708531825367821
-226.993974590123,88.132608136754,0,1.57043036420244,17.4348178214766,-0.000660287038777021
-226.993901039185,88.332608123116,0,1.57027000460152,17.4118601636294,-0.000734260907998573
-226.993764061258,88.5326080762087,0,1.57011143710337,17.3892991929539,-0.00066544677316153
-226.99362708333,88.7326080293013,0,1.56999989190216,17.3662813066606,-0.000728297761147994
-226.993445487338,88.932607944732,0,1.56984068501451,17.343441526567,-0.00070742989561279
-226.993244826679,89.13260784407,0,1.5697226006181,17.3204005002022,-0.000723489967074598
-226.993015996954,89.3326077106685,0,1.56956364709169,17.2973732086709,-0.000729813640498061
-226.992751754927,89.5326075361089,0,1.56943718104483,17.2743624790771,-0.000743965949673952
-226.992472338824,89.7326073390784,0,1.56927751631654,17.251214890784,-0.000734045400777699
-226.992144230977,89.9326070699414,0,1.56914232476898,17.2282562702282,-0.000789960613283498
-226.991810738317,90.1326067911009,0,1.56898091497434,17.2050258864373,-0.000747192080696711
-226.991418066657,90.332606405623,0,1.5688329672351,17.1821191950925,-0.000836212279060111
-226.991025394997,90.5326060201451,0,1.56867207251739,17.1588233872363,-0.000774243750401112
-226.990568365596,90.7326054977381,0,1.5685078109907,17.1359165301069,-0.00085582032822605
-226.990109989475,90.9326049724658,0,1.56834879613036,17.1125580071418,-0.000836418098483188
-226.989589354322,91.1326042940246,0,1.56818050073414,17.0895575587166,-0.000880645171602006
-226.989063660246,91.3326036031378,0,1.56800844333824,17.0661379461613,-0.000907774671173924
-226.9884742024,91.5326027335805,0,1.56783485490049,17.0430896770008,-0.000911935045383829
-226.987879073223,91.7326018481317,0,1.56764789848813,17.0196067433381,-0.00098932576184159
-226.987214833179,91.9326007445775,0,1.56745925417836,16.996562004742,-0.000963810872019396
-226.986544246657,92.1325996197523,0,1.56726355538947,16.9730154570532,-0.00106918779869188
-226.985801727581,92.3325982414112,0,1.56704909244729,16.9499417139953,-0.00105415641965943
-226.985045356436,92.5325968089029,0,1.56685130885571,16.926344979854,-0.00112972770361328
-226.984223724528,92.7325951211983,0,1.56661541495785,16.9031116820933,-0.00116449860913617
-226.983372996594,92.9325933078846,0,1.56640655837506,16.8795123831955,-0.00122172420595451
-226.982467822833,93.1325912595251,0,1.56614576083235,16.8560840271601,-0.00126710884959352
-226.981512776951,93.3325889744003,0,1.56592422755874,16.8325754446174,-0.00136336062753079
-226.980518990882,93.5325865053583,0,1.56563465933807,16.8089381863981,-0.0013595507915415
-226.979448119192,93.7325836350969,0,1.56537124296389,16.7856933455739,-0.00151311359917861
-226.978348968031,93.932580612269,0,1.56507632733037,16.7619220373348,-0.00153269568703151
-226.977160131955,94.1325770789096,0,1.56473422643251,16.738808229598,-0.00162123542126585
-226.975924142797,94.332573252573,0,1.56446519888138,16.7151031747479,-0.00171451857418021
-226.974627697781,94.5325690506047,0,1.56408361979212,16.6914979615748,-0.00182746547761826
-226.973239080268,94.7325642246408,0,1.56373536533202,16.6683167158582,-0.00186667598922842
-226.971803336764,94.9325590651868,0,1.5633711300602,16.6445075005436,-0.00201586874078974
-226.970269029001,95.1325531798492,0,1.56291956183145,16.6213676466063,-0.00212838442755879
-226.968652663505,95.3325466380616,0,1.56256262054895,16.5979087046632,-0.00221477459570941
-226.966975583867,95.5325396027376,0,1.56208952616504,16.5741298174587,-0.00232861470902187
-226.965169987468,95.7325314521257,0,1.56155627997139,16.551525788382,-0.00249412426661695
-226.96327961794,95.9325225044919,0,1.56115139202203,16.5279991229261,-0.00263869699338174
-226.961312073621,96.1325128215717,0,1.560592047465,16.5043216497075,-0.00271550904910062
-226.959197977365,96.3325016477522,0,1.55996512442501,16.4820743237256,-0.00287341337474359
-226.956979677715,96.5324893282719,0,1.55946302600668,16.4587761381468,-0.00309236810140153
-226.954664754552,96.7324759189584,0,1.55885032558996,16.4352987270158,-0.00320061818156753
-226.952201391352,96.9324607479873,0,1.55811805216952,16.4129765374211,-0.0033751090178248
-226.949593581104,97.1324437287868,0,1.55745944293513,16.3905003144852,-0.00349535648404287
-226.946866796732,97.3324251160119,0,1.55683744911364,16.3673525421817,-0.00374505755345489
-226.944010211978,97.5324047147802,0,1.5559891815604,16.344414106739,-0.00394686662177169
-226.940944155915,97.7323812093004,0,1.55510560063586,16.3240967753713,-0.00406577941176986
-226.937734179963,97.9323554176227,0,1.55436791547648,16.3014407382676,-0.00424936281671877
-226.934373088403,98.1323271452433,0,1.55355638184665,16.2789415678383,-0.0044826743882177
-226.93083854471,98.3322959103065,0,1.55253363623251,16.2570900960195,-0.00469262504265055
-226.927068419671,98.532260363763,0,1.55149764756454,16.2377981836544,-0.00488671213051444
-226.923119553905,98.7322213354665,0,1.55058391135458,16.2160415015054,-0.0050993252514213
-226.918984006525,98.9321785328281,0,1.5496301995473,16.1945202946482,-0.00525581785547121
-226.914653737134,99.1321316446082,0,1.54843873425659,16.1732522867373,-0.00546775946295107
-226.910041716862,99.3320784607095,0,1.54717877274964,16.1564907987434,-0.00576020419979379
-226.905207596224,99.5320199865039,0,1.54606423476074,16.1362830651324,-0.00597007093655777
-226.900149892696,99.7319559641764,0,1.54492599634268,16.1160927099249,-0.00608711313569458
-226.894860622679,99.9318859697279,0,1.54368731853439,16.0962275583635,-0.00629226544663796
-226.889307620978,100.131808865295,0,1.54224144960502,16.078042865536,-0.00654328322283169
-226.883440228023,100.331722761883,0,1.54080645115746,16.0635009882285,-0.00681490130237026
-226.877313473962,100.531628828845,0,1.53949095254845,16.0449599316804,-0.00692841025441157
-226.870920130988,100.731526535515,0,1.53814004096116,16.0267892671913,-0.00711671039065988
-226.864253288458,100.931415339653,0,1.5366708992214,16.0089879451901,-0.0072980934437676
-226.857272615019,101.131293478023,0,1.53500351740051,15.9940992860314,-0.00755683153723446
-226.849939228149,101.331158956549,0,1.53337690076341,15.9832794818671,-0.00770525444579618
-226.842308345947,101.531013239033,0,1.53187481567823,15.9669764389638,-0.00785720098614726
-226.834374566037,101.730855713397,0,1.53034684612846,15.9510226890161,-0.00800772463932184
-226.826132976757,101.930685771975,0,1.52869682095545,15.935393965159,-0.00814801714610678
-226.81753974668,102.130501077687,0,1.52684001576235,15.9240660960975,-0.00843613212611052
-226.808556123913,102.330299173513,0,1.52504701624935,15.9206065970776,-0.00848181952473099
-226.799246418233,102.530082269315,0,1.52340740983277,15.9064349827903,-0.00859426714791697
-226.789607668465,102.729849749801,0,1.5217543076652,15.8924781117077,-0.00869491265465001
-226.779637488602,102.929601025898,0,1.51992035373123,15.8786857492693,-0.00895656254820701
-226.769266070353,103.129331929074,0,1.51791456671059,15.8786857492693,-0.00904774835558819
-226.75849465625,103.329041591731,0,1.51605386657916,15.8786857492693,-0.0090421999003275
-226.747380040635,103.528732376888,0,1.5143343886969,15.8660516084964,-0.00910066819977914
-226.735921902054,103.728403762335,0,1.51261451816477,15.8533856074066,-0.00936985358496576
-226.724120460835,103.928055273687,0,1.5105190253916,15.8406282555074,-0.00944572355346708
-226.711825597825,104.127677006775,0,1.50840555177827,15.8406282555074,-0.00943316726943444
-226.69918035643,104.327276718006,0,1.50665428364369,15.8286106380673,-0.0094335245087615
-226.686186398042,104.526854009324,0,1.50491259908406,15.8163325699061,-0.00965846220934952
-226.672845949371,104.726408552074,0,1.50283709667586,15.8037362564719,-0.00966746204958316
-226.659023648283,104.925930340339,0,1.50066228385307,15.8037362564719,-0.00966480235190988
-226.644815347325,105.125424878085,0,1.49882362768079,15.7971591556308,-0.00982625404806594
-226.630259449846,105.324894319484,0,1.49709117169728,15.7845941385264,-0.00979075158643163
-226.61535999681,105.524338534936,0,1.49493377914892,15.771524314279,-0.00976188095625944
-226.599943556575,105.723743483146,0,1.49271569892167,15.7816233096243,-0.00992557182006637
-226.584159497097,105.923119503816,0,1.49093904662656,15.7949059967374,-0.0100335516115648
-226.568034622189,106.122468254841,0,1.48910663978434,15.8004643790038,-0.00980215111606489
-226.551519980932,106.32178525518,0,1.48686305091475,15.8004643790038,-0.00992948846389968
-226.534500750163,106.521059734216,0,1.48475556935711,15.8141797044918,-0.010057663363213
-226.517146161756,106.72030515482,0,1.4830897867368,15.8173303410093,-0.00999314313130674
-226.49946312993,106.919521839074,0,1.48093824891728,15.8029723236639,-0.00997559302531068
-226.481251318329,107.118690937878,0,1.47868056389305,15.8123112140183,-0.010033651399861
-226.462668945189,107.317825610315,0,1.47694860993348,15.8274260764457,-0.00994806490272494
-226.443767353606,107.51693029794,0,1.47495949138973,15.8274260764457,-0.0101763406448052
-226.424392905967,107.715989662901,0,1.4726962804059,15.8274260764457,-0.00999165334043615
-226.404590283098,107.915006712515,0,1.47084762929103,15.8434027110443,-0.00985886590545913
-226.384480003779,108.113992919077,0,1.46894228217553,15.8434027110443,-0.0102209341168579
-226.363919115568,108.312933236449,0,1.46667999052913,15.8434027110443,-0.0100572116766114
-226.342908715913,108.511826408343,0,1.46481099640025,15.8603180122368,-0.00990123791879534
-226.321604354482,108.710688313792,0,1.46289963470372,15.8603180122368,-0.0101173794802032
-226.299833777949,108.909499887895,0,1.46064380646187,15.8603180122368,-0.0100001904353438
-226.277632442963,109.108263619601,0,1.45886020623196,15.8782087342093,-0.0100327239500714
-226.25515282022,109.306996143021,0,1.45684237152948,15.8782087342093,-0.00997490524211134
-226.232149500696,109.505668857028,0,1.45459780327693,15.8871625262657,-0.00999300178700858
-226.208777982844,109.704298352012,0,1.45301467192187,15.9060081930245,-0.0100823090664272
-226.185145730774,109.902897229635,0,1.4507794577099,15.9060081930245,-0.00980134615394646
-226.16088646126,110.101420497396,0,1.44855035903552,15.9248578215493,-0.0101528859973479
-226.136369083474,110.299911804361,0,1.44694616164532,15.9311850941403,-0.0099380285066217
-226.111472999291,110.498356217213,0,1.44471834588743,15.9311850941403,-0.00987393755122499
-226.086071454107,110.69673638495,0,1.44285465791767,15.9500049521818,-0.0100905568698243
-226.060435885296,110.895086487846,0,1.44087243084648,15.9500049521818,-0.00977960034267982
-226.034248049779,111.093364568508,0,1.43866531696392,15.9640199335065,-0.0100472112372632
-226.007737188831,111.291599441933,0,1.43701280682968,15.9770505068174,-0.0098986743588015
-225.980894184906,111.489789888575,0,1.43480888197685,15.9770505068174,-0.00998020067284427
-225.953509779651,111.687906087,0,1.43292898088592,15.9958164030589,-0.00984569353227712
-225.925921827728,111.885994085582,0,1.43093917542086,15.995300472249,-0.0100791954175551
-225.897749192836,112.083999900252,0,1.42876046455413,15.995300472249,-0.00979432067840602
-225.869298374592,112.281965650628,0,1.42705606813996,15.9778721579406,-0.00986560348837478
-225.840450944361,112.479874280478,0,1.42488201946241,15.9778721579406,-0.0100552967588585
-225.811139619402,112.677714476073,0,1.42315933158158,15.9778721579406,-0.00966341007631777
-225.781610492582,112.875522541301,0,1.42099019364634,15.9571277030523,-0.0101832828227783
-225.751441133592,113.073233891436,0,1.41896844482613,15.9571277030523,-0.00960921656124216
-225.721112439166,113.270920774931,0,1.4170846306018,15.9342399685779,-0.0101221603396056
-225.690198381144,113.468517133745,0,1.41494602418283,15.9342399685779,-0.00982409846978009
-225.659024437611,113.66607235898,0,1.4131649032138,15.9155143273934,-0.00996654064031263
-225.627406691704,113.863557341051,0,1.41103243749304,15.9155143273934,-0.00992134945909041
-225.59539047802,114.060977791002,0,1.40923052226874,15.9155143273934,-0.00993037202051868
-225.56306123715,114.258347545992,0,1.40710437544083,15.9004855732501,-0.0098651453657794
-225.5302058155,114.455630126878,0,1.40528094427482,15.9004855732501,-0.0100497532789374
-225.497157011354,114.652880669449,0,1.40316128520311,15.8786010930129,-0.00980709935643714
-225.463465523167,114.850022312133,0,1.40128744442866,15.8786010930129,-0.010173308055151
-225.429677724374,115.047147593026,0,1.39920257312613,15.8541624035185,-0.00974720319774862
-225.395164477256,115.244147176207,0,1.39712029870572,15.8541624035185,-0.0101611447966021
-225.360556059927,115.44112990037,0,1.39522761074787,15.8296646453975,-0.00982551579124353
-225.325297344681,115.637997426893,0,1.39315320889648,15.8296646453975,-0.0101048768568076
-225.289872001076,115.834834780629,0,1.39123574023528,15.806752236387,-0.00995055917470553
-225.253858572803,116.031565644969,0,1.38916943844331,15.806752236387,-0.0100665363731483
-225.217620093726,116.228254859526,0,1.38722627927723,15.7859523421169,-0.0100604106627074
-225.180842381175,116.424844279026,0,1.38516832300991,15.7859523421169,-0.0100467661578967
-225.143794662247,116.621382635382,0,1.38319852546784,15.7674374355557,-0.010154512081554
-225.106242755073,116.81782564052,0,1.38114918251234,15.7674374355557,-0.0100462249082907
-225.068389804578,117.014210474906,0,1.37915176020694,15.7509614160809,-0.0102181992152714
-225.030053440592,117.21050189906,0,1.37711132470557,15.7509614160809,-0.0100796578384501
-224.991399388763,117.406730609253,0,1.37508525216567,15.7357789221883,-0.0101722209435171
-224.952267941146,117.602865077941,0,1.37305404836707,15.7507865660439,-0.0102263786037175
-224.912817050743,117.798935130396,0,1.37099826033783,15.7475133303196,-0.0101244676812532
-224.872879515187,117.99490704995,0,1.36897664609543,15.7635817400271,-0.0103785445758087
-224.832636193254,118.190815987807,0,1.3668900367147,15.7635817400271,-0.0100924644515295
-224.791881174984,118.386619533449,0,1.36487840676548,15.7816608573354,-0.010518687882363
-224.750849985665,118.58236498548,0,1.36275982861688,15.7816608573354,-0.0101928835071953
-224.709265686324,118.777994088756,0,1.36075861766781,15.8006588285411,-0.0105301199387438
-224.667451364632,118.973573779312,0,1.35860688070295,15.8006588285411,-0.0103167964897263
-224.625025568986,119.169022114848,0,1.35661656635013,15.8196339848921,-0.0105218014929279
-224.582433035432,119.364433874868,0,1.3544304366929,15.8196339848921,-0.0104650563480847
-224.539153097863,119.559694846401,0,1.35245154220042,15.8385864083874,-0.0104926607703265
-224.495787473853,119.754936625553,0,1.35022974082303,15.8385864083874,-0.0106381548698845
-224.451640304622,119.950003351186,0,1.34822746478573,15.8575161805358,-0.0104412189094023
-224.407493135392,120.145070076818,0,1.34600403905856,15.8575161805358,-0.0108355110438374
-224.362478979773,120.339938527856,0,1.34374523997271,15.8764233793879,-0.0103658759751891
-224.317451031019,120.534803824487,0,1.34175258008683,15.8764233793879,-0.0110562697738501
-224.271660675053,120.729491104145,0,1.33945540662958,15.8953080663218,-0.0103497500873908
-224.225737926493,120.924147471019,0,1.33747462505945,15.8953080663218,-0.0112149453332903
-224.179176709504,121.11865163634,0,1.33513766553065,15.9131832249286,-0.0105178650943603
-224.132344658794,121.313091238855,0,1.33316987959167,15.9131832249286,-0.0111843254809346
-224.085018343224,121.507410550496,0,1.3307924745277,15.9131832249286,-0.0106852404142614
-224.037262303299,121.701625278698,0,1.3288395756643,15.9260818768779,-0.0111473710408676
-223.989177370301,121.895758291132,0,1.32642324462548,15.9260818768779,-0.010850328728886
-223.940483318784,122.089739963841,0,1.32448732564541,15.9449077748672,-0.011086067260316
-223.891647040508,122.283685563104,0,1.32203417307488,15.9449077748672,-0.011029279248382
-223.842001846335,122.47742599434,0,1.31994784891041,15.9637114716165,-0.0110115927422819
-223.792356652162,122.671166425577,0,1.31762928319122,15.9637114716165,-0.0112092554600674
-223.741813634475,122.864674411252,0,1.31514131480417,15.9824930307414,-0.0111675453280644
-223.691205019127,123.058165413763,0,1.31321224122606,15.9824930307414,-0.0111450761366861
-223.639915893355,123.251476591047,0,1.31069136086755,15.9982162929024,-0.0113166935445451
-223.588332391327,123.444709979256,0,1.30878637873137,15.9982162929024,-0.0110727585795717
-223.536307158022,123.6378242392,0,1.30623440135031,15.9982162929024,-0.011457964285881
-223.483738079274,123.830791832229,0,1.30435471636995,16.0169574062769,-0.0110343375307399
-223.430987161331,124.023709383246,0,1.30177336843003,16.0169574062769,-0.0115500890162491
-223.377422555572,124.216403007971,0,1.29966352284142,16.0356766166722,-0.0114079878253113
-223.323857949813,124.409096632697,0,1.2973109098376,16.0356766166722,-0.0112162220416665
-223.269387338466,124.601535859368,0,1.29470183029187,16.0543739781549,-0.011717411693638
-223.214817961144,124.79394735346,0,1.29284940883424,16.0543739781549,-0.0109339372769653
-223.159634883543,124.986183048793,0,1.29021415280048,16.0543739781549,-0.0118363509220794
-223.104052163415,125.178304263715,0,1.28839100269431,16.0690421446045,-0.0109565231235407
-223.048168483028,125.370337539406,0,1.28573105553517,16.0690421446045,-0.0118227604532398
-222.991564491191,125.562160343338,0,1.28385497707797,16.0877007507312,-0.0113766821858048
-222.934960499354,125.753983147269,0,1.28125437443647,16.0877007507312,-0.0114015928155538
-222.877359592413,125.945508866535,0,1.27857114785352,16.1063377335518,-0.0118186518164056
-222.819727012706,126.137025147191,0,1.27678573577824,16.1063377335518,-0.0109496688350036
-222.761442742581,126.328343391909,0,1.27408056120652,16.1063377335518,-0.01215415587766
-222.702774843255,126.519545059237,0,1.2723265706865,16.121873920485,-0.0109778490414033
-222.64381976498,126.710657751982,0,1.2696007245685,16.121873920485,-0.0118665198404597
-222.584110371547,126.901536740705,0,1.26762650100991,16.1404714524704,-0.0114501659707224
-222.524400978114,127.092415729428,0,1.26513282418909,16.1404714524704,-0.0113636939985727
-222.463740425734,127.282994314238,0,1.26238751594046,16.1590475571748,-0.0119447314618768
-222.402983894922,127.473542586242,0,1.26067787989699,16.1590475571748,-0.0110066900246374
-222.341672213746,127.663912156226,0,1.25791424977619,16.1590475571748,-0.0122459514162282
-222.279863408482,127.854121702758,0,1.25623675663756,16.1776023549547,-0.0111196932879222
-222.217913260336,128.04428488481,0,1.25345589795557,16.1776023549547,-0.0116944140551408
-222.155047525689,128.234147728482,0,1.25104692585636,16.1961358957943,-0.0116469960636995
-222.092181791042,128.424010572154,0,1.24901312546982,16.1961358957943,-0.0111458064117279
-222.028544488715,128.613615544092,0,1.24621606375357,16.2109193438935,-0.0121667671895778
-221.964617628735,128.803123740678,0,1.2445864653762,16.2211093359425,-0.0112091961595464
-221.900362721742,128.992520248541,0,1.24177417746511,16.2211093359425,-0.0119447417403266
-221.835370977143,129.181665888549,0,1.23982824476767,16.2395932242345,-0.0113945805534999
-221.770379232543,129.370811528557,0,1.237349744797,16.2395932242345,-0.0113219760261813
-221.704450808288,129.5596323559,0,1.23452315597096,16.25805606625,-0.0119775430671722
-221.638390834914,129.748407565919,0,1.23294301220535,16.25805606625,-0.0113247349981783
-221.571866160538,129.937018675676,0,1.23010298854938,16.25805606625,-0.0119323380592183
-221.504735008566,130.125415619481,0,1.22849503593365,16.2764979972145,-0.01137730565896
-221.437603856595,130.313812563286,0,1.22570149503697,16.2764979972145,-0.01145356097105
-221.369421191062,130.50183143923,0,1.22284886714394,16.2949190502824,-0.0118082904118968
-221.3012162849,130.689842318637,0,1.22131867435447,16.2949190502824,-0.0114266629412168
-221.232458787348,130.877650940823,0,1.21845420614569,16.2949190502824,-0.0117859206903612
-221.16317790617,131.065267996293,0,1.21695443723625,16.3133193083215,-0.0114730044814439
-221.093857135301,131.252870191311,0,1.2140788672788,16.3133193083215,-0.01151522666047
-221.023498394203,131.440085702289,0,1.21130971819475,16.3316988355546,-0.0116905506629226
-220.953139653104,131.627301213268,0,1.20972263569168,16.3316988355546,-0.0115165083773053
-220.882187305834,131.814291679821,0,1.20683663699474,16.3316988355546,-0.01163566578702
-220.810749137549,132.001097964811,0,1.20538522220393,16.3500577018938,-0.0115573572935483
-220.739254052549,132.187882294669,0,1.20248944395939,16.3500577018938,-0.0115573572935483
-220.666735189702,132.37427171103,0,1.1997461786338,16.368395976859,-0.0115794970516479
-220.594216326855,132.560661127391,0,1.19816132055966,16.368395976859,-0.0115957230781338
-220.521107332437,132.746818964151,0,1.19525634985776,16.368395976859,-0.0114853990102996
-220.447506790304,132.932783907616,0,1.19385180507091,16.3867137295815,-0.0116317754839777
-220.373874877031,133.11873632928,0,1.19093820722719,16.3867137295815,-0.0115785658633985
-220.299191936767,133.30426923319,0,1.18810905509036,16.4050110288062,-0.0114814916686361
-220.224508996503,133.489802137101,0,1.1866386816594,16.4050110288062,-0.0116656812154003
-220.149281094562,133.675113824072,0,1.18371696013605,16.4050110288062,-0.0113384798354288
-220.07351528687,133.860207158325,0,1.18226562451382,16.4232879428954,-0.0116975991798644
-219.997749479179,134.045300492578,0,1.17942780447755,16.4232879428954,-0.0116213438677744
-219.920934413933,134.229960732446,0,1.17649844483975,16.4415445303515,-0.0113585188138941
-219.844085503152,134.41460700214,0,1.17515644760797,16.4415445303515,-0.0117276927586038
-219.766775372978,134.599059723529,0,1.17221987444428,16.4415445303515,-0.0111978681457312
-219.688843341555,134.783251467314,0,1.17053377281584,16.4597808777496,-0.0117561101526506
-219.610911310133,134.967443211098,0,1.16795877606774,16.4597808777496,-0.0117138879736245
-219.532031878841,135.151230815541,0,1.16501539533278,16.4779970082908,-0.0111864326595102
-219.453016912169,135.334960603659,0,1.16371433468405,16.4779970082908,-0.0117830147356398
-219.373659658099,135.518541989452,0,1.16076449958718,16.4779970082908,-0.0110661822311574
-219.293562129693,135.701802421469,0,1.15874735783565,16.4961930579525,-0.0118085427116543
-219.213464601286,135.885062853487,0,1.15652974920745,16.4961930579525,-0.0118085532483664
-219.132555327147,136.067965634712,0,1.15357378536085,16.5106154509989,-0.0110165882676532
-219.051375784134,136.250749336929,0,1.15231022632615,16.5287755920021,-0.0118328706633039
-218.97000449303,136.433447197418,0,1.14934841944819,16.5287755920021,-0.0112076280769336
-218.887743641936,136.615746819956,0,1.14691183364726,16.5469158023712,-0.0115942179910181
-218.805482790842,136.798046442493,0,1.14513760114213,16.5469158023712,-0.0118560993146674
-218.722575924825,136.98005224695,0,1.14217019668953,16.5469158023712,-0.0109015632769224
-218.639234617634,137.161860460504,0,1.14094032314988,16.565036147584,-0.0118784150865618
-218.555879978766,137.34366251476,0,1.13796754249946,16.565036147584,-0.0114120722764026
-218.471459199221,137.524972007013,0,1.13503147664583,16.58313669276,-0.0113265237168369
-218.387038419676,137.706281499266,0,1.13377759399825,16.58313669276,-0.0118999481040733
-218.3021635904,137.887377930663,0,1.13079960215601,16.58313669276,-0.0108011438723172
-218.216664440546,138.06818140235,0,1.12907550583721,16.6012175026642,-0.0119208388616141
-218.131165290692,138.248984874038,0,1.12661622192615,16.6012175026642,-0.0116582314532937
-218.0447781059,138.429365161793,0,1.12363316900828,16.6192785952058,-0.011029780912717
-217.958201792825,138.609655322408,0,1.12244348298456,16.6355718966524,-0.0119412402615132
-217.871385705386,138.789829459144,0,1.11945547142347,16.6355718966524,-0.0110541101815841
-217.783733528156,138.969599022271,0,1.11713339380524,16.65359577775,-0.0116242732890935
-217.696081350925,139.149368585398,0,1.11528734971888,16.65359577775,-0.0119429191852029
-217.607766420088,139.328812543922,0,1.11229444878998,16.65359577775,-0.0107100473235717
-217.519039756846,139.508054222194,0,1.11112759901675,16.6716001730095,-0.0119811075227499
-217.430305932571,139.687292328907,0,1.10812985114231,16.6716001730095,-0.0113541636526074
-217.34050622779,139.865998828568,0,1.10515210922851,16.6895851454939,-0.0112978728914258
-217.250706523008,140.044705328229,0,1.10397242548346,16.6895851454939,-0.012000924619684
-217.160485821382,140.223198692039,0,1.10096981695747,16.6895851454939,-0.0107712807358164
-217.069614573234,140.401362707092,0,1.09914690509064,16.7075507579265,-0.0118851986033865
-216.978743325086,140.579526722146,0,1.09681341994579,16.7075507579265,-0.0116881508321323
-216.887041870555,140.757264145307,0,1.09380592144965,16.7233087835137,-0.0109585112123938
-216.7951006184,140.934878351248,0,1.09266160012101,16.7412382059615,-0.0120422598762997
-216.70299255688,141.112405570865,0,1.08964913734886,16.7412382059615,-0.0111192344490317
-216.609982868823,141.289462617964,0,1.08710699921795,16.742287849449,-0.0115459224474569
-216.516973180767,141.466519665064,0,1.08549548442701,16.718379180824,-0.0120548790297729
-216.423393739485,141.643275218365,0,1.0824778794864,16.718379180824,-0.0106138962713337
-216.329317177766,141.819767712639,0,1.08107180301226,16.718379180824,-0.0120894448308798
-216.235240616046,141.996260206913,0,1.078320205274,16.6944362718185,-0.0114996005582612
-216.14019435255,142.17223204591,0,1.07529677224622,16.6944362718185,-0.0112059998228037
-216.045052291588,142.348152449035,0,1.07416214112651,16.6715809099833,-0.0121163629540623
-215.949607160477,142.523907755439,0,1.07113183852132,16.6647351602177,-0.0109496177704233
-215.85340067124,142.699248313863,0,1.06896434760354,16.6647351602177,-0.0118045545246924
-215.757194182003,142.874588872288,0,1.06696412980369,16.6407150675743,-0.0119108012212942
-215.660287426761,143.049542433609,0,1.06392598473866,16.6407150675743,-0.0108719525468846
-215.563017302209,143.224295181426,0,1.06279229779099,16.6407150675743,-0.0121785342762216
-215.46571376149,143.399029195694,0,1.05974542403683,16.6167953161844,-0.0113727735778318
-215.367380550704,143.573185963167,0,1.05679432430241,16.6167953161844,-0.0114811272516839
-215.269047339918,143.747342730639,0,1.05555861232151,16.5927058245473,-0.0122142802268963
-215.17028445811,143.921255160325,0,1.05250218858506,16.5927058245473,-0.0108384810356769
-215.070888499783,144.094807583149,0,1.05068149058264,16.5927058245473,-0.0120994443114495
-214.971492541456,144.268360005973,0,1.0482976166167,16.5685813086084,-0.0118216907736519
-214.871270586691,144.441435998951,0,1.04523092289871,16.5685813086084,-0.0111706008714687
-214.770812042069,144.614375528303,0,1.04408367011791,16.5525593960497,-0.0122946547312793
-214.67019314374,144.787221248853,0,1.04100605954543,16.5317273640377,-0.0112945423456178
-214.568672029097,144.959539162262,0,1.03839289945587,16.5317273640377,-0.0118020033709891
-214.467150914455,145.131857075671,0,1.03677011673585,16.5075137328089,-0.0122907519151253
-214.365071550894,145.303843769391,0,1.03368101981691,16.5075137328089,-0.010873881696545
-214.262487769605,145.47553118249,0,1.03221472031913,16.5075137328089,-0.0123847131242519
-214.159903988317,145.647218595589,0,1.02942096376064,16.4832645322119,-0.0117668545109131
-214.056362684654,145.818329849088,0,1.02631990600296,16.4832645322119,-0.011518906087974
-213.952716058934,145.989377728282,0,1.02514729586365,16.460366930854,-0.0124325503823557
-213.848773972065,146.160245312471,0,1.02203386861904,16.4518654163174,-0.0112406106480142
-213.744064274414,146.330644488577,0,1.01978576775242,16.4518654163174,-0.0121741720400899
-213.639354576762,146.501043664684,0,1.01773293453207,16.4275340716925,-0.0122495949800373
-213.533946624359,146.671010752827,0,1.01460682262044,16.4275340716925,-0.0112505479206729
-213.428173608758,146.840751935723,0,1.01341620110405,16.4275340716925,-0.0125321803087538
-213.322360830607,147.010468167244,0,1.01027717696682,16.4033619560349,-0.0117207854433556
-213.215524263499,147.179541961572,0,1.00725551165636,16.4033619560349,-0.0119198190825263
-213.108687696391,147.348615755901,0,1.00593070934001,16.3789585584888,-0.0125833011931315
-213.00140404446,147.517405064513,0,1.00277861100364,16.3789585584888,-0.0111864328692557
-212.893503735521,147.685801986489,0,1.00095133024489,16.3789585584888,-0.0125992720136139
-212.785603426581,147.854198908464,0,0.998401400760758,16.35451874745,-0.0122021890307134
-212.676846063902,148.022042839042,0,0.995236173233537,16.35451874745,-0.0116803528841138
-212.56788189663,148.189753334393,0,0.994005817683249,16.3360654174291,-0.0126864584482759
-212.458711849231,148.357329133654,0,0.990827480721382,16.3175545803229,-0.0116600380360634
-212.348683811346,148.524343596738,0,0.988264221220774,16.3175545803229,-0.0123733331310636
-212.238655773461,148.691358059822,0,0.986399856136773,16.2930226625331,-0.0126791108396425
-212.128006295982,148.857960272603,0,0.98320851721716,16.2930226625331,-0.0114555475230922
-212.016914509634,149.024269066736,0,0.981881559172034,16.2930226625331,-0.0127884912401719
-211.905822723286,149.190577860869,0,0.978748580756943,16.2684537520324,-0.0121260870685645
-211.793691090641,149.356187224413,0,0.975544449386993,16.2684537520324,-0.012161378859226
-211.681535842406,149.521780703431,0,0.974268867981244,16.2439172163043,-0.012838199240029
-211.568982573083,149.687102734011,0,0.971052219777627,16.2439172163043,-0.0115632318789338
-211.455764343726,149.851971265093,0,0.969040017044889,16.2439172163043,-0.0128758715135989
-211.34254611437,150.016839796176,0,0.96654016392199,16.2192739211763,-0.0125790123037183
-211.22850542339,150.181139611311,0,0.963311389525208,16.2192739211763,-0.0119625515506368
-211.114224917368,150.345273599088,0,0.96200794552439,16.2033978354695,-0.0129331751428832
-210.999756235923,150.509275659761,0,0.958767518678854,16.1836723962811,-0.0120009885285001
-210.884414410575,150.672665571706,0,0.956101636253465,16.1836723962811,-0.0126877903351578
-210.769072585227,150.83605548365,0,0.954203772695521,16.1589372246492,-0.0129776879063375
-210.653112002969,150.99900557515,0,0.950952258211171,16.1589372246492,-0.0118111901886723
-210.536710097355,151.161641968277,0,0.94959862399128,16.1589372246492,-0.01301973808154
-210.420308191741,151.324278361405,0,0.946358049495833,16.134164131747,-0.0124175203683289
-210.302854683732,151.486156903485,0,0.9430961236327,16.134164131747,-0.0125098600796455
-210.185394247065,151.648030452336,0,0.941744435925349,16.1093590418069,-0.0130589205299661
-210.06750414179,151.809590069437,0,0.938472843859344,16.1093590418069,-0.0119633652887387
-209.94898706139,151.970691595355,0,0.936531605482282,16.1093590418069,-0.0130948491815177
-209.830469980989,152.131793121274,0,0.933831042822405,16.0845095895972,-0.012807581070361
-209.711084876502,152.292251671354,0,0.930550655456693,16.0845095895972,-0.0123399876919834
-209.591513405212,152.452572173018,0,0.929170864872072,16.0645750276445,-0.0131271396250086
-209.471686058452,152.612700523045,0,0.925882635624435,16.0504739631264,-0.0121781930032533
-209.351062841438,152.772231208235,0,0.923394395619473,16.0504739631264,-0.0130842639835217
-209.230439624423,152.931761893424,0,0.921197513901117,16.025533203017,-0.0131553730224619
-209.109117217579,153.090760282121,0,0.91790250046172,16.025533203017,-0.0121862253030034
-208.987445318425,153.249492600683,0,0.916495636057019,16.025533203017,-0.0131791926416527
-208.865675650594,153.408149463749,0,0.91319500255656,16.0018364650993,-0.0125140210066533
-208.742958576618,153.566075141695,0,0.910203123735717,16.0018364650993,-0.0129218074234861
-208.620241502642,153.724000819641,0,0.908472431625331,15.9768197791607,-0.0131981684322423
-208.496979193663,153.881499922003,0,0.905167425567665,15.9768197791607,-0.0123033492032092
-208.373220920357,154.038610996687,0,0.903593129630315,15.9768197791607,-0.0132119133596553
-208.249462647051,154.195722071371,0,0.900427344471001,15.9517638603373,-0.0128119237340949
-208.124712213114,154.352046276775,0,0.897119338381297,15.9517638603373,-0.0127582524666037
-207.999917207613,154.50833513307,0,0.895674853036777,15.926931391784,-0.013220022365172
-207.874716219587,154.664297610464,0,0.892365291889959,15.926931391784,-0.0123990734325968
-207.748889463075,154.819757017852,0,0.890358015438769,15.926931391784,-0.0132220949956093
-207.623062706563,154.975216425241,0,0.88760120033013,15.9017968657191,-0.013067720422133
-207.496381106041,155.129979238245,0,0.884291654774344,15.9017968657191,-0.0125895170207931
-207.369528114995,155.28460238872,0,0.882828008888607,15.8809021099258,-0.0132177437890115
-207.242394188844,155.438993500743,0,0.879520132562234,15.8708984468767,-0.0124682916428989
-207.114521035016,155.592774047399,0,0.877123196205597,15.8708984468767,-0.0132065606351209
-206.986647881187,155.746554594056,0,0.874742299618359,15.8708984468767,-0.013206571171833
-206.858044472666,155.899723819101,0,0.871437852632203,15.8801272010264,-0.0124821794439356
-206.729157801709,156.052655915306,0,0.869959325741462,15.8990075137028,-0.0131881875977458
-206.600101851148,156.205444389828,0,0.866660165556314,15.8990075137028,-0.0125370506811111
-206.470208899789,156.357522728809,0,0.863916006444093,15.9178654322989,-0.0131310640032405
-206.340315948429,156.50960106779,0,0.861880542367636,15.9178654322989,-0.0131622000669
-206.209805641086,156.661148586687,0,0.858588614012898,15.9178654322989,-0.0124943279054622
-206.07891425275,156.8123684414,0,0.857100370513706,15.9367010363117,-0.0131282546306711
-205.947952959325,156.963527385814,0,0.853817727543914,15.9367010363117,-0.0126727794057292
-205.816071598128,157.11388464892,0,0.850766885275931,15.9555144047686,-0.0129201260202053
-205.68419023693,157.264241912026,0,0.849049894330176,15.9555144047686,-0.0130859620469008
-205.551794035472,157.414144610012,0,0.845778659208972,15.9555144047686,-0.0124667835699678
-205.418931798491,157.563635833784,0,0.844224432493023,15.9743056162319,-0.0130349985982078
-205.286069561511,157.713127057555,0,0.841029116085553,15.9743056162319,-0.0127574917185922
-205.152254753628,157.861766101397,0,0.837771526278924,15.9930747413373,-0.0126842243999075
-205.018421381386,158.01038853737,0,0.836288185355839,15.9930747413373,-0.0129749983606568
-204.88416683842,158.158629232687,0,0.833046532708686,15.9930747413373,-0.0123951162781884
-204.749372723497,158.306380870858,0,0.831225965655241,16.0118218726665,-0.0129056543499916
-204.614578608574,158.454132509028,0,0.828334329414513,16.0118218726665,-0.0127897561574021
-204.478932523979,158.601101846925,0,0.825111015567826,16.0305470440378,-0.012417903775089
-204.343188717704,158.747981454284,0,0.823636801419854,16.0305470440378,-0.0128266633629996
-204.207110273433,158.89454980158,0,0.820434282006165,16.0305470440378,-0.01227552948658
-204.070428490607,159.040556959773,0,0.818374320392312,16.0364403119463,-0.0127381388483016
-203.933746707781,159.186564117965,0,0.815776695929988,16.0114776919184,-0.0127381388483016
-203.796308643495,159.331858773003,0,0.812597515664782,16.0114776919184,-0.0121488148671571
-203.658701265093,159.476993914887,0,0.81114026393122,15.991383827333,-0.0126410708790248
-203.520840455987,159.621887248763,0,0.807987023253194,15.9801976212035,-0.012107818741248
-203.382320529832,159.766151693648,0,0.805709500689052,15.9801976212035,-0.0125366849894649
-203.243800603678,159.910416138533,0,0.803402370259522,15.9801976212035,-0.0125366955261771
-203.10461700453,160.054039339824,0,0.800277711860109,15.9939623244229,-0.0119529255629985
-202.965198236582,160.197435320046,0,0.798845465998938,16.0127084166002,-0.0124263476983941
-202.825603699791,160.34065934536,0,0.795751278797362,16.0127084166002,-0.0118994847817813
-202.685300220418,160.483189811141,0,0.793271830706192,16.0314325883578,-0.0123114590905288
-202.544996741045,160.625720276923,0,0.79125517357405,16.0314325883578,-0.0123114590905288
-202.404120127846,160.767683096329,0,0.788191723585394,16.0314325883578,-0.011724481839326
-202.262946019273,160.909351268719,0,0.786790372909535,16.050134916413,-0.0121935701821693
-202.121671751652,161.050919024101,0,0.783757490316511,16.050134916413,-0.0117557157236539
-201.979640920428,161.191728267342,0,0.781079184236941,16.0688154770369,-0.0119800933817221
-201.837610089205,161.332537510582,0,0.779355093152239,16.0688154770369,-0.0120742829219425
-201.695095194612,161.47285554982,0,0.776352477794332,16.0688154770369,-0.0114759748797205
-201.552221339338,161.612809333188,0,0.774985144783303,16.0874743460576,-0.0119552876223225
-201.409322697577,161.752737661979,0,0.772012400294093,16.0874743460576,-0.0116479218655682
-201.265619278946,161.891839522044,0,0.769128479302896,16.106111598864,-0.0115970202356116
-201.121915860314,162.030941382109,0,0.767704810095585,16.106111598864,-0.0118379348631682
-200.977817577359,162.169632905558,0,0.764761409535598,16.106111598864,-0.0112199538174317
-200.833297790205,162.307886408664,0,0.763241690919675,16.1247273104093,-0.0117228179162423
-200.688778003051,162.446139911769,0,0.760515405346602,16.1247273104093,-0.0115455322063778
-200.543506679721,162.583603217585,0,0.757600737890903,16.1433215361266,-0.0112126293303232
-200.398183427037,162.721011922656,0,0.756301842153387,16.1433215361266,-0.0116103559950767
-200.252555917563,162.85809697981,0,0.753415175328854,16.1433215361266,-0.0109638198359022
-200.106441786446,162.994664401577,0,0.751639036740687,16.1618943883064,-0.0115009435103766
-199.96032765533,163.131231823344,0,0.749261390099293,16.1618943883064,-0.0114565324997237
-199.813566096067,163.267102575986,0,0.746401908736213,16.180445879024,-0.0108287242494495
-199.666673335539,163.402832148683,0,0.74513938080093,16.194674717506,-0.0113949877812719
-199.519569297167,163.538331763116,0,0.742306164743772,16.194674717506,-0.0107125708031096
-199.371909797814,163.673226804725,0,0.740253657531824,16.2131887426819,-0.0112928262631985
-199.22425029846,163.808121846334,0,0.738241160404427,16.2131887426819,-0.0112928262631985
-199.076049518518,163.942421037283,0,0.735433203420236,16.2267060491462,-0.0105411482369104
-198.927634793877,164.076484714353,0,0.734206727902056,16.2451835694583,-0.0111948425614823
-198.779104856028,164.210420129037,0,0.731422936532548,16.2451835694583,-0.0106395820607702
-198.629946025652,164.343655422113,0,0.729070175460716,16.2636400970201,-0.010932294799874
-198.480787195277,164.476890715188,0,0.727441878775862,16.2636400970201,-0.0111013690746268
-198.331195814354,164.609639062468,0,0.72468106985332,16.2636400970201,-0.010309796773592
-198.181303588484,164.742048732144,0,0.723489726886515,16.2820757032204,-0.0110127459241737
-198.031395828722,164.874440719552,0,0.720750647220349,16.2820757032204,-0.0106223948301839
-197.880780494471,165.006027273152,0,0.718070409329236,16.3004904590445,-0.0105482591455579
-197.730165160219,165.137613826752,0,0.716847484554641,16.3004904590445,-0.0109292880246318
-197.579228987483,165.26883112396,0,0.714128787018841,16.3004904590445,-0.010093656001163
-197.427900396466,165.399596782834,0,0.712633024203647,16.318884435077,-0.010851302575739
-197.276571805448,165.530362441707,0,0.710271455641107,16.318884435077,-0.010635789819278
-197.12462752269,165.660411690715,0,0.707571734750459,16.3372576721776,-0.010171608716491
-196.972595080011,165.790358358133,0,0.70643908378656,16.3426293252005,-0.0107790904507983
-196.820356799683,165.920062891724,0,0.703756849778352,16.3296302113888,-0.00996493946551669
-196.667629454197,166.049192121339,0,0.701869126763393,16.3296302113888,-0.0106435741135988
-196.514902108713,166.178321350955,0,0.699964890159756,16.3051164620404,-0.0106835099619986
-196.361684530789,166.306867613574,0,0.697298590197893,16.3051164620404,-0.00980359485639183
-196.20827076656,166.43518057841,0,0.696195296943547,16.2906884843558,-0.0106531099537168
-196.054769709648,166.563388610002,0,0.69354331023591,16.2677763857567,-0.0100416454819152
-195.900677538512,166.690886071916,0,0.691232565344998,16.2677763857567,-0.0102762154186366
-195.746585367376,166.818383533831,0,0.689808168325947,16.2431692885651,-0.0105998880261568
-195.592131141968,166.945441061588,0,0.687168802609277,16.2431692885651,-0.00961430320904507
-195.43736809714,167.072123341152,0,0.685953843047079,16.2431692885651,-0.0105535315736739
-195.282605052312,167.198805620716,0,0.683464066908141,16.2185248569956,-0.0101562789501933
-195.127213214918,167.324715594956,0,0.680835576421582,16.2185248569956,-0.00992085307001133
-194.971786345551,167.450582541685,0,0.679776461322205,16.1941058103772,-0.0105142949274109
-194.816128529604,167.576162771531,0,0.67715702486403,16.1876020427392,-0.0095621849744112
-194.660044396242,167.701213734392,0,0.675457999165734,16.1876020427392,-0.0103985725079977
-194.503960262879,167.826264697254,0,0.67349309529688,16.1628728849203,-0.010311817351207
-194.347386307467,167.950700998112,0,0.670880841169185,16.1628728849203,-0.00957827453992107
-194.190650978307,168.074934796222,0,0.669843097716686,16.1446011163085,-0.0104581872529616
-194.033818966573,168.199045962672,0,0.667236090108016,16.1219418131741,-0.00974598651918302
-193.876438014485,168.3224608561,0,0.665019486850295,16.1219418131741,-0.0100636008428209
-193.719057062397,168.445875749528,0,0.663602615345675,16.0971117852666,-0.0104417961101207
-193.561327546488,168.568843756529,0,0.660998855082256,16.0971117852666,-0.00931838525206576
-193.403306046732,168.691437417111,0,0.659811975080453,16.0971117852666,-0.0104335082212323
-193.245284546977,168.814031077694,0,0.657377141837935,16.0722433974713,-0.00997329502644539
-193.086668062282,168.935853675929,0,0.65477457875493,16.0722433974713,-0.00974441382098936
-192.928010590856,169.057623157988,0,0.653763192588795,16.0477113432971,-0.010433553450385
-192.769148353095,169.179124400216,0,0.651159705298046,16.0353175022787,-0.00945109964887126
-192.609858985673,169.300066111079,0,0.649399884189316,16.0353175022787,-0.010248283129413
-192.450569618252,169.421007821942,0,0.647549696196394,16.0103531316109,-0.0102469942895312
-192.290834259071,169.541358937904,0,0.644943112418116,16.0103531316109,-0.00944150203838966
-192.130916570486,169.661468608113,0,0.643943770635181,15.9945263343504,-0.0104596682952569
-191.970940722817,169.781500420875,0,0.641331856280873,15.9702798060447,-0.00975123039730058
-191.810397787044,169.900773073957,0,0.638962898226414,15.9702798060447,-0.00996048988518365
-191.649854851271,170.02004572704,0,0.637721634371149,15.9452136104708,-0.0104862101741384
-191.489016862666,170.138919053286,0,0.635102086573631,15.9452136104708,-0.00926879376147791
-191.327851253278,170.257348974972,0,0.633723811594443,15.9452136104708,-0.0104924229806659
-191.166685643889,170.375778896658,0,0.631482101438548,15.9201079482377,-0.0101002639236713
-191.004990965653,170.493484852022,0,0.628852564550336,15.9201079482377,-0.00969213672113684
-190.84320475672,170.611065558769,0,0.627859123070684,15.8969769486052,-0.010567570918807
-190.681276647425,170.728449927836,0,0.625217168336408,15.8770388803398,-0.00964247486086174
-190.51887141484,170.845174134533,0,0.623180839438045,15.8770388803398,-0.0102447713368483
-190.356466182255,170.96189834123,0,0.621575441477836,15.8518252453092,-0.0105014286822168
-190.193687558759,171.078100103914,0,0.618918576252418,15.8518252453092,-0.00944390209761139
-190.03066438197,171.193959690612,0,0.617867117956967,15.8518252453092,-0.0106883841947412
-189.867641205182,171.309819277311,0,0.615252129498161,15.8265714419713,-0.0100677503028723
-189.704014368436,171.424824640087,0,0.612577797487845,15.8265714419713,-0.0100204249682418
-189.540373832589,171.539810617615,0,0.611574886723278,15.8013217764968,-0.0107642726012972
-189.376517135117,171.654487199199,0,0.608880446272655,15.7927777108307,-0.00964341651323532
-189.212259333606,171.768589673504,0,0.607129582767969,15.7927777108307,-0.0106180350664614
-189.048001532094,171.882692147809,0,0.60516860384104,15.7674293346668,-0.0105480682849343
-188.88329797778,171.996149196566,0,0.602451350764205,15.7674293346668,-0.00982058145505356
-188.718422515212,172.109357331622,0,0.601441179595335,15.7506540742214,-0.0109485135680211
-188.553489794088,172.222481583618,0,0.59869832850529,15.7260532489864,-0.0101458122227384
-188.387995789697,172.334783562721,0,0.596209385960649,15.7260532489864,-0.0104490684965972
-188.222501785306,172.447085541825,0,0.594925761921214,15.7005971475596,-0.0110575045082487
-188.056720652176,172.558961859051,0,0.592154437164367,15.7005971475596,-0.00975001136319272
-187.890606743702,172.670344844339,0,0.590666747031631,15.7005971475596,-0.0111048001401929
-187.724492835228,172.781727829626,0,0.588329690059624,15.6750997059016,-0.0107064079285814
-187.557860488599,172.892332924096,0,0.585526940769915,15.6750997059016,-0.0103106417707535
-187.391124836679,173.002783014088,0,0.584479897191484,15.6523773841914,-0.011310942431804
-187.224261313053,173.113038874017,0,0.581642672165852,15.6313340313363,-0.0103304506885176
-187.056901606178,173.222541058995,0,0.579386811943583,15.6313340313363,-0.0110056923684301
-186.889541899304,173.332043243973,0,0.577728843674897,15.605723424411,-0.0113291797085649
-186.721820686935,173.44098943306,0,0.574853996392473,15.605723424411,-0.0102057465177678
-186.553834147035,173.549527548081,0,0.573637128979124,15.605723424411,-0.0116139317975264
-186.385847607134,173.658065663102,0,0.570868207395823,15.5800707186845,-0.0109721175027614
-186.217262715919,173.765671747611,0,0.567952496964231,15.5800707186845,-0.01094445866268
-186.048646104655,173.873228422931,0,0.566846377941696,15.5546365096382,-0.0117832670337937
-185.87982408627,173.980460969436,0,0.563886439058077,15.5450066083551,-0.0106147265312325
-185.710573712136,174.087017578127,0,0.561885844080551,15.5450066083551,-0.0117175364588417
-185.541323338003,174.193574186817,0,0.559779098898058,15.5192535404833,-0.0116716047751942
-185.371626135645,174.299416313803,0,0.556771465520302,15.5192535404833,-0.0109180573860702
-185.201737862177,174.404952916637,0,0.555628512329015,15.5063803438897,-0.0121490418435368
-185.031798744465,174.510407111369,0,0.552570061303772,15.4812684844629,-0.0113200547440112
-184.861268096697,174.614902557069,0,0.54975369086122,15.4812684844629,-0.0117304824148033
-184.690737448929,174.719398002768,0,0.548321319669248,15.455409211277,-0.0123414613692071
-184.519908969068,174.823403992953,0,0.545211324064374,15.455409211277,-0.0109920704226699
-184.348731665043,174.926836727551,0,0.543533714597975,15.455409211277,-0.0125373637918789
-184.177554361017,175.03026946215,0,0.540862411338463,15.4295065989871,-0.0120576957520366
-184.00582735059,175.132785922659,0,0.537701605586964,15.4295065989871,-0.0117646331366288
-183.833999610549,175.235134482749,0,0.536463344604043,15.406534976685,-0.0127344611520611
-183.66201942663,175.337225233498,0,0.533252603684163,15.3882207377233,-0.0116810853416427
-183.489538005567,175.438468304314,0,0.530790641359128,15.3882207377233,-0.0126361021997259
-183.317056584505,175.539711375131,0,0.528752922731894,15.3622048376168,-0.0128092939115341
-183.144164847175,175.640250167461,0,0.525493235743848,15.3622048376168,-0.0118090437271125
-182.971027056382,175.740366626644,0,0.524201145247864,15.3622048376168,-0.0131226714967165
-182.797875301913,175.840458752178,0,0.520893627856326,15.3362016612245,-0.0124064827037425
-182.624079030367,175.939427716992,0,0.51765625033527,15.3362016612245,-0.0127040207778619
-182.45028275882,176.038396681807,0,0.516241781533798,15.3100973672196,-0.0133103028295591
-182.276208160473,176.136873050741,0,0.512887647723726,15.3100973672196,-0.012102353705634
-182.10175189588,176.234673928774,0,0.510948001119733,15.3100973672196,-0.0134926714878366
-181.927295631286,176.332474806808,0,0.508137092924259,15.2839484883241,-0.013118286763993
-181.752292885881,176.429293061509,0,0.504737715232858,15.2839484883241,-0.0127749704340761
-181.577175735187,176.525905604861,0,0.503333390199063,15.2620459192271,-0.0136692606656007
-181.401901922826,176.622231861624,0,0.499890261356032,15.2449556690214,-0.0126503969831571
-181.226123631988,176.717636224576,0,0.497263014057426,15.2449556690214,-0.0137121800083712
-181.05034534115,176.813040587528,0,0.49499033173636,15.2186948635692,-0.0138044270759168
-180.874136189992,176.907644467646,0,0.491505093562317,15.2186948635692,-0.0128505989925482
-180.697697162794,177.001821267768,0,0.490037148521384,15.2186948635692,-0.0140028108147822
-180.521210346298,177.095907770347,0,0.486511602818586,15.1931312863252,-0.0132955727691396
-180.344111661993,177.188838152986,0,0.483241471401766,15.1931312863252,-0.0138067608670868
-180.167012977688,177.281768535625,0,0.481466145488607,15.1667807488443,-0.0141585723600461
-179.98958657273,177.374068929858,0,0.477902226884217,15.1667807488443,-0.0132255254037066
-179.811830002294,177.465734635914,0,0.476113656826086,15.1667807488443,-0.0143061595422093
-179.634073431858,177.55740034197,0,0.472768132326002,15.1403843505874,-0.0138982244468722
-179.455707808723,177.64787447188,0,0.469167969585464,15.1403843505874,-0.0139034244489646
-179.277295829472,177.738257908746,0,0.467583628066449,15.1146682676851,-0.0144449116857563
-179.098645208123,177.828166001923,0,0.463949484820961,15.1146682676851,-0.013622237816542
-178.919581016479,177.917250317439,0,0.461645073259374,15.1146682676851,-0.0145741495766873
-178.740516824836,178.006334632956,0,0.458683049047876,15.0881807002093,-0.0144464451662903
-178.560928786035,178.094356237442,0,0.45501738944584,15.0881807002093,-0.0139999251048365
-178.381216308201,178.182125396666,0,0.453368954223277,15.0677745168196,-0.0146931930464559
-178.201339234273,178.269554354098,0,0.449674402297534,15.0540654063272,-0.0139962028774493
-178.020983134593,178.355993218669,0,0.446924684680209,15.0540654063272,-0.0148013131193661
-177.840627034913,178.442432083239,0,0.444287041147371,15.0540654063272,-0.0148013131193661
-177.659818488728,178.527917828179,0,0.440566407860266,15.0591223567631,-0.0142196643598296
-177.478824175516,178.613012238012,0,0.438856096621853,15.0790306769355,-0.0148978134762609
-177.297723945984,178.697879157706,0,0.43511237983415,15.0790306769355,-0.014336949728652
-177.116097574607,178.781616014706,0,0.431996020424889,15.0989127474783,-0.0149819373884848
-176.934471203229,178.865352871706,0,0.429618942927445,15.0989127474783,-0.0149819373884848
-176.752449986467,178.948224756599,0,0.425855313433034,15.0989127474783,-0.0145268769021316
-176.570198459492,179.030592110056,0,0.424087431307619,15.1187686719509,-0.0150529728904633
-176.387884635674,179.112820221188,0,0.420307267890766,15.1187686719509,-0.0146331960590064
-176.205015599904,179.193807354465,0,0.416908469210804,15.1385985532335,-0.0151101589741927
-176.022146564134,179.274794487743,0,0.414726256381319,15.1385985532335,-0.0151101589741927
-175.83892709578,179.354982167316,0,0.410933096741323,15.1385985532335,-0.0147822499951328
-175.655448936011,179.434579685418,0,0.409114187234818,15.1584024935335,-0.0151527758978957
-175.471937955605,179.514100754666,0,0.405311790855037,15.1584024935335,-0.0148731130100061
-175.287859784995,179.592300672216,0,0.401717389525583,15.1781805943915,-0.0151800739890172
-175.103781614386,179.670500589767,0,0.399665491616844,15.1781805943915,-0.0151800739890172
-174.919385405755,179.747943870977,0,0.395857763058053,15.1781805943915,-0.0149738095836077
-174.734717052688,179.824739700131,0,0.393996693710867,15.1979329566874,-0.0151913406852009
-174.550032679714,179.901496589071,0,0.390187764757421,15.1979329566874,-0.0150446524423801
-174.364784671103,179.976883426821,0,0.3864841049079,15.2176596806462,-0.015185854572028
-174.179536662493,180.05227026457,0,0.38450228035368,15.2176596806462,-0.015185854572028
-173.993992643247,180.126921711579,0,0.380696414180507,15.2176596806462,-0.015089586886496
-173.808176184249,180.20089632591,0,0.378804380732364,15.2373608658443,-0.0151629272887436
-173.622349757859,180.274845623795,0,0.375006064193454,15.2373608658443,-0.0151359464807361
-173.435976708003,180.347406538119,0,0.371275768926868,15.2570366112153,-0.0151218834439293
-173.249603658147,180.419967452443,0,0.369311219606579,15.2570366112153,-0.0151218834439293
-173.062948283566,180.491795013749,0,0.365525057131657,15.2570366112153,-0.0151180512865103
-172.876031129367,180.562942589015,0,0.363615491699484,15.2766870150555,-0.0150620775559234
-172.689101580102,180.634057227395,0,0.359846298746168,15.2766870150555,-0.0151357647922174
-172.501653404244,180.703793741271,0,0.356165087610273,15.2963121750298,-0.0149828983087587
-172.314205228386,180.773530255147,0,0.354175409144579,15.2963121750298,-0.0149828983087587
-172.126482342939,180.842519810506,0,0.350428104282194,15.2963121750298,-0.0150485927170901
-171.93851679019,180.910849533027,0,0.348516476205004,15.3159121881775,-0.0148837628123979
-171.750530403508,180.979121273395,0,0.344796167696006,15.3159121881775,-0.015034013809259
-171.562061643551,181.046050538447,0,0.341229891164,15.3354871509178,-0.0147641415719308
-171.373592883595,181.112979803499,0,0.339185656540227,15.3354871509178,-0.0147641415719308
-171.184853328937,181.179137515353,0,0.335497539935412,15.3354871509178,-0.0148720345915608
-170.995896016372,181.244674787406,0,0.333601042482977,15.3550371590552,-0.0146235342408706
-170.806905937675,181.310116462208,0,0.329950473948342,15.3550371590552,-0.0148222564737652
-170.61747516947,181.37427239769,0,0.326552551940292,15.3745623077851,-0.0144615099664665
-170.428044401266,181.438428333171,0,0.324439337312288,15.3745623077851,-0.0144614994297544
-170.238345372485,181.501782679627,0,0.320831742311513,15.3745623077851,-0.0145811426674538
-170.048456643227,181.56457018237,0,0.318968864212102,15.3940626916992,-0.0142776597164334
-169.858522135176,181.627217564804,0,0.315409793387238,15.3940626916992,-0.0144942160236582
-169.668191290483,181.688651835032,0,0.312219251443553,15.4135384047909,-0.0140716876611739
-169.47786044579,181.75008610526,0,0.310038914153609,15.4135384047909,-0.0140716876611739
-169.287264616849,181.810689470686,0,0.30653396649704,15.4135384047909,-0.0141711653789714
-169.096507805377,181.870788047015,0,0.304723953854389,15.4329895404606,-0.0138433043088672
-168.905693285616,181.930701227323,0,0.30127881342554,15.4329895404606,-0.0140462981674041
-168.714526910097,181.989484021324,0,0.298319105417487,15.4524161915205,-0.0135923199797522
-168.523360534577,182.048266815325,0,0.296090137460987,15.4524161915205,-0.0135923199797522
-168.331934990797,182.106196521257,0,0.292710512143275,15.4524161915205,-0.0136402181596621
-168.140375658599,182.16368584416,0,0.29097273328787,15.4718184502005,-0.0133185904114887
-167.948749562292,182.220950000287,0,0.287664373057513,15.4718184502005,-0.0134779441327407
-167.756814035998,182.277170581449,0,0.284943162229078,15.4795471682725,-0.0130220639481306
-167.564878509704,182.333391162612,0,0.282699967917585,15.4795471682725,-0.0130220639481306
-167.372693539934,182.388749836179,0,0.279468618139398,15.4878378925995,-0.0129896938611907
-167.180398688454,182.443728833026,0,0.277821850703981,15.5071958324979,-0.0127027428414126
-166.98803221343,182.498454301446,0,0.274673254748943,15.5071958324979,-0.0127919977313848
-166.795394964177,182.55222130062,0,0.272183295415047,15.5265296376054,-0.0123607214525024
-166.602757714924,182.605988299794,0,0.269974279163252,15.5265296376054,-0.0123607319892146
-166.409885526943,182.658903498794,0,0.266914143528807,15.5412414388165,-0.012224594654579
-166.216922819594,182.711490508336,0,0.265375808938942,15.560475888288,-0.0119962595007861
-166.023888620626,182.763812085743,0,0.262409794435747,15.560475888288,-0.0119954521445521
-165.830617362988,182.815253518177,0,0.260131015936542,15.5797435752323,-0.0116113181076457
-165.63734610535,182.866694950612,0,0.258015413095579,15.5797435752323,-0.0116113181076457
-165.443859533397,182.917317992467,0,0.255149108118608,15.5973118851713,-0.0113609093774008
-165.250296559875,182.967650638744,0,0.253734483209566,15.616534123912,-0.0112102690521754
-165.056667461239,183.01772607566,0,0.250973388312149,15.616534123912,-0.0111102531771661
-164.862829494386,183.066989069948,0,0.248876232981112,15.6357327312572,-0.010797872626329
-164.668991527533,183.116252064237,0,0.246919534171249,15.6357327312572,-0.010797872626329
-164.474962786456,183.164755985442,0,0.244268854626279,15.6545109175714,-0.0104382027301951
-164.280866384195,183.212990689022,0,0.242989356435003,15.6736630073625,-0.0103789381061604
-164.086714073782,183.260997953069,0,0.240450881107882,15.6736630073625,-0.0101794315348295
-163.892375289091,183.30824662252,0,0.238497936241126,15.69279172322,-0.00995830992659995
-163.6980365044,183.355495291971,0,0.236755554615795,15.69279172322,-0.00995830992659995
-163.503534714957,183.402066338971,0,0.234326304055365,15.7115496274743,-0.00950247551232094
-163.308968667407,183.448370260413,0,0.233180845046584,15.7306322726262,-0.00954085012103323
-163.114360565017,183.494495628962,0,0.230857043465963,15.7306322726262,-0.00924853906727637
-162.919581417501,183.539894788569,0,0.228991841748887,15.7496917968761,-0.00913141765437799
-162.724802269985,183.585293948176,0,0.227502161479748,15.7496917968761,-0.00913141765437799
-162.529889151969,183.630112491386,0,0.225279896168638,15.7671242042707,-0.00859844122638226
-162.334910151194,183.674645504499,0,0.224259100608148,15.7861396697515,-0.00873476471684106
-162.139905719043,183.719066071247,0,0.222134343453908,15.7861396697515,-0.00844200173673164
-161.944739235759,183.762770119143,0,0.220297803917746,15.8051322573682,-0.00827251626683784
-161.749572752475,183.80647416704,0,0.219093866871539,15.8051322573682,-0.00835396138008091
-161.554301990172,183.84970806577,0,0.217062482769075,15.8193619798938,-0.00776044910592877
-161.358959558849,183.892618839765,0,0.216155728217459,15.8383147288754,-0.00798971975513517
-161.16361038107,183.935498614725,0,0.214213498765811,15.8383147288754,-0.00776043196335996
-160.968102738813,183.977650267353,0,0.212350581430735,15.8572448253444,-0.00742542539383148
-160.772595096557,184.019801919982,0,0.211459832827691,15.8684460150592,-0.00764237977891056
-160.577013008268,184.0616051373,0,0.209602460193353,15.8741975756569,-0.00699838192846369
-160.381350132788,184.103030240303,0,0.208635839360568,15.893084932479,-0.00731219220834759
-160.185687257308,184.144455343307,0,0.207021862356604,15.893084932479,-0.00716808437343611
-159.98989178602,184.18524861921,0,0.205244994275784,15.9119498602626,-0.00663392259447361
-159.794082932517,184.225978128045,0,0.20452674444506,15.9307924584909,-0.00699938844677306
-159.598229209895,184.266490071433,0,0.202825977790787,15.9307924584909,-0.00639741886968375
-159.40228294676,184.30655329601,0,0.201680572988389,15.9496127964133,-0.00661986596721667
-159.206336683626,184.346616520587,0,0.200485383256154,15.9496127964133,-0.00666447752036404
-159.010295417369,184.386211203917,0,0.19885628350036,15.9684109332515,-0.00589973898665216
-158.814219660621,184.425635785283,0,0.19822068800833,15.9871869862458,-0.00642654699026559
-158.618128124548,184.46498124991,0,0.196658798035058,15.9871869862458,-0.00598117198064813
-158.42193017097,184.503793142571,0,0.195298596076768,16.0059410136732,-0.00588845765087753
-158.225732217393,184.542605035232,0,0.194530379973851,16.0213440994364,-0.00616669770750397
-158.02947508394,184.581115393929,0,0.193031231238749,16.037836127414,-0.00535969859481639
-157.83316164289,184.619338853519,0,0.192300300290146,16.056530996756,-0.00586857179700977
-157.63684820184,184.657562313109,0,0.191027961734639,16.056530996756,-0.00564692192633423
-157.440438214347,184.695286078877,0,0.189587087957605,16.0752041166658,-0.00521685178897947
-157.24401543825,184.73294365488,0,0.189085113842139,16.0938555788371,-0.00570025310861491
-157.047567730807,184.770470205876,0,0.18769805789358,16.0938555788371,-0.00510265776497332
-156.851041244356,184.807582739109,0,0.186644442431497,16.1124854504967,-0.00520609061440184
-156.654514757904,184.844695272342,0,0.185863249344127,16.1269950573617,-0.00539276127856264
-156.457930698125,184.881500678004,0,0.184525575435741,16.1455866743363,-0.00471266013602445
-156.261305626217,184.91808730257,0,0.183969095777713,16.1641569238395,-0.00519234126046516
-156.064680554309,184.954673927136,0,0.182788459184828,16.1641569238395,-0.00492044367389222
-155.867969691657,184.990796155008,0,0.181495761655954,16.1827058584077,-0.00459975390287465
-155.671250686135,185.026874304441,0,0.181098435480885,16.2012335610516,-0.00513296378039119
-155.474511237439,185.062840193816,0,0.179846345879147,16.2012335610516,-0.00449680493811386
-155.277702502689,185.098425611136,0,0.178879522549402,16.2197400996361,-0.00459805345003415
-155.080893767938,185.134011028456,0,0.178238748508908,16.2379412219826,-0.00481196783869578
-154.884039735443,185.169344170636,0,0.177022945367761,16.2564059584647,-0.00428517037179448
-154.687145052921,185.204450922045,0,0.176447917163078,16.2748497592576,-0.00459702962830522
-154.490250370399,185.239557673455,0,0.175488555180043,16.2748497592576,-0.00445092102627956
-154.293288774985,185.274286558891,0,0.174304771065574,16.293272673961,-0.00417268096965312
-154.096311526763,185.308927050848,0,0.173990797299218,16.3116747891823,-0.00459812251054367
-153.899328115063,185.343532256167,0,0.172834825180348,16.3116747891823,-0.00413091213855186
-153.702271306465,185.377717255581,0,0.171768405426725,16.3300561673267,-0.00407488182621966
-153.505214497866,185.411902254995,0,0.171397373928054,16.3484168783416,-0.00445987247143023
-153.308132487429,185.445940997174,0,0.1702650736286,16.3626276584913,-0.00399151991208221
-153.110998768842,185.479679654472,0,0.169503805467397,16.3809518615501,-0.00407237682267962
-152.913865050256,185.513418311769,0,0.168880087293912,16.3990810676143,-0.00420986816193037
-152.71668951849,185.54691101061,0,0.167767392237523,16.4173645721902,-0.00392235386347257
-152.519481206452,185.580210885432,0,0.16727841603348,16.435627748772,-0.00408795507352339
-152.322272894414,185.613510760254,0,0.166427554279318,16.4451989700479,-0.00397932356946384
-152.125008283408,185.64647497912,0,0.165330476279936,16.4634312618321,-0.00386711271102555
-151.927727381036,185.679342068421,0,0.165084260494487,16.4816433923645,-0.00406222949879775
-151.730446478664,185.712209157722,0,0.1640290133407,16.4816433923645,-0.00382550790346283
-151.533096662443,185.744659811837,0,0.162943647530474,16.4998354196317,-0.0038254973667507
-151.3357448793,185.777098580159,0,0.162751815168999,16.5180074123646,-0.00394419038543185
-151.138382673341,185.809473508184,0,0.16167434407171,16.5188195385673,-0.00379722449149801
-150.94096144482,185.841486919894,0,0.160758587067448,16.5369706702211,-0.00379720341807375
-150.743540216299,185.873500331605,0,0.160427384803724,16.5551019008568,-0.0038441280389906
-150.546097922315,185.905382947881,0,0.159354083067936,16.5691457734544,-0.00378194442067624
-150.348608428612,185.936972501169,0,0.158611984123384,16.5872418340718,-0.00378194442067624
-150.151118934909,185.968562054457,0,0.158132198640279,16.6053181740665,-0.00376012471145721
-149.953599332095,185.999962070126,0,0.15705943628517,16.6233748475026,-0.00377936867493197
-149.756042516845,186.031127832564,0,0.156466460023562,16.6414119389125,-0.00377936867493197
-149.558485701595,186.062293595001,0,0.155858042595036,16.6591595358557,-0.00369019046009168
-149.360891221384,186.093218922751,0,0.154782288073477,16.6771579143417,-0.00378913446107108
-149.163267810029,186.123959568229,0,0.154314951592279,16.6951368997049,-0.00370827755047367
-148.965644398674,186.154700213708,0,0.153597384151404,16.709505401857,-0.00371320278520903
-148.767977177296,186.185157195365,0,0.152515207080104,16.7274496101686,-0.00381089009648215
-148.570287695243,186.215470042239,0,0.15215059801603,16.7453745989968,-0.00364528888643133
-148.372598213191,186.245782889114,0,0.151343375709508,16.755512796796,-0.00375021158000776
-148.174860141256,186.275776524044,0,0.150251449213869,16.773407787561,-0.00384427582471883
-147.97710493188,186.305657574309,0,0.149966745526517,16.7912837153034,-0.00360438295566475
-147.779349722505,186.335538624575,0,0.149089855169686,16.794815334339,-0.00378490312530429
-147.581542491557,186.365072797914,0,0.147984957864975,16.8126684935683,-0.00388892486488514
-147.383721734103,186.39451677727,0,0.14775695135878,16.8305027219814,-0.0035847265330163
-147.185900976649,186.423960756626,0,0.146831343944395,16.8305027219814,-0.00381580547020689
-146.988026122618,186.453038466436,0,0.145710361571726,16.8483180661339,-0.00394448563904162
-146.790139850031,186.482038865081,0,0.145514987018948,16.8661145987336,-0.00358570176161405
-146.592253577444,186.511039263726,0,0.144563042588293,16.8661145987336,-0.00384120444876931
-146.394312520891,186.539662846248,0,0.14342296932595,16.8838923664749,-0.00401053861141234
-146.196360637626,186.56821196028,0,0.143234840902669,16.9016514412855,-0.00360692731645295
-145.998408754361,186.596761074313,0,0.142280824233087,16.9016514412855,-0.00385917218592045
-145.800402837388,186.624932426556,0,0.141118763704056,16.9193918686381,-0.00408672378980311
-145.602385137221,186.653021399849,0,0.14091072030582,16.9371137211904,-0.00364827849220668
-145.404367437055,186.681110373142,0,0.139981226012073,16.9371137211904,-0.00386759604826564
-145.206297956738,186.708831172117,0,0.138794392006768,16.9548170416995,-0.00417265742501419
-145.008214140597,186.736450038553,0,0.13853705286283,16.972501905067,-0.00370985361652047
-144.810130324457,186.764068904989,0,0.137661438649545,16.972501905067,-0.00386415530341463
-144.611998562633,186.791340822964,0,0.136447155585895,16.9901683500091,-0.00426795400087737
-144.413848256477,186.818478548922,0,0.136108487455677,17.0078164548437,-0.00379197115020765
-144.215697950321,186.845616274879,0,0.135319294387801,17.0174006565444,-0.00384632972275729
-144.017505199551,186.872441190085,0,0.134074997529499,17.0350205363646,-0.00437221653891844
-143.819287972295,186.899085717089,0,0.133619894633091,17.0526222228243,-0.00389519755038516
-143.62107074504,186.925730244093,0,0.132953253418314,17.0674276081755,-0.00381144009108255
-143.422818330553,186.95211044638,0,0.131676488869449,17.0839021532604,-0.00448505844038676
-143.224533712062,186.978248733815,0,0.131066366574178,17.1014535283459,-0.00402030060145828
-143.026249093572,187.004387021249,0,0.130562388967051,17.1189869087565,-0.00389163096933568
-142.827938391007,187.030325412229,0,0.129250813466767,17.1265119862058,-0.00447109948584481
-142.629585890137,187.055943480049,0,0.128443216641335,17.1440197390709,-0.00416830823901518
-142.431233389268,187.081561547869,0,0.128146371187864,17.1615096309635,-0.00399897407637215
-142.232865838004,187.107061835144,0,0.126797751722953,17.1615096309635,-0.00441491147970201
-142.034444960706,187.132144806506,0,0.125745978553773,17.1789817164363,-0.00434043953980177
-141.836024083408,187.157227777868,0,0.125705449995983,17.1964360497648,-0.0041128879359191
-141.637601195277,187.182294662984,0,0.124317663253922,17.1964360497648,-0.0043346612429392
-141.43911146274,187.20682680674,0,0.122970405221354,17.2138726849495,-0.00454205417634365
-141.240621730203,187.231358950496,0,0.122970405221364,17.2312916757175,-0.00423699279959509
-141.042131997665,187.255891094252,0,0.121811468654275,17.2312916757175,-0.00423699279959509
-140.843586060231,187.279963083291,0,0.120382499232388,17.2486930646386,-0.00478148731673114
-140.645027027057,187.303927856293,0,0.120112467271883,17.2660769266823,-0.00438792795898602
-140.446467993883,187.327892629295,0,0.119280593255163,17.2690038538188,-0.00438793849569815
-140.247869575724,187.351526991729,0,0.117808468635703,17.2839496474286,-0.00480636726432665
-140.049240845038,187.374907054734,0,0.117168219601134,17.301298084677,-0.00458435608155873
-139.850612114352,187.39828711774,0,0.116724673397912,17.3186291436374,-0.00458436661827085
-139.651962912106,187.421490947186,0,0.115199698983427,17.3186291436374,-0.00482569763547411
-139.453263797409,187.444265095214,0,0.114118272235179,17.3359428764301,-0.00484038801603507
-139.254564682711,187.467039243242,0,0.114118272235193,17.3532393349152,-0.0048403985527472
-139.055865568014,187.48981339127,0,0.112525304634828,17.3532393349152,-0.00484040908945933
-138.85709491786,187.511954380819,0,0.110911858249942,17.3705185695678,-0.00514471763579952
-138.658323348069,187.534087230672,0,0.110891379570617,17.3877806339884,-0.00516479064512038
-138.459551778278,187.556220080525,0,0.10975767771796,17.3877806339884,-0.00516479064512038
-138.260730809323,187.577902148289,0,0.108016222999043,17.4033728811497,-0.00516081775911446
-138.061883358641,187.5993425624,0,0.107408472532389,17.4206023902831,-0.00556023068705172
-137.863035907958,187.62078297651,0,0.106885282667211,17.437814875733,-0.00556023068705172
-137.664166417779,187.642015278245,0,0.104985453080583,17.437814875733,-0.00533845738003162
-137.465238936503,187.662699987407,0,0.103608816095903,17.455010387861,-0.00577414029188557
-137.266311455227,187.683384696568,0,0.103608816095985,17.4721889767807,-0.00601908899382814
-137.067383973951,187.70406940573,0,0.10184126298809,17.4721889767807,-0.00601908899382814
-136.868384831344,187.724050735037,0,0.0997635297917349,17.4893506735507,-0.00540168364883959
-136.669373113274,187.743908631977,0,0.0994533519816656,17.5064955654302,-0.00651434512008702
-136.470361395205,187.763766528918,0,0.0986294248078809,17.5064955654302,-0.00651434512008702
-136.271317696401,187.783296410019,0,0.0963664196544906,17.5064955654302,-0.00594748299748569
-136.072218140044,187.802253378624,0,0.0949273470414116,17.5236236829723,-0.00613043132067254
-135.873118583688,187.821210347229,0,0.0949273470413408,17.5407350753162,-0.00701121133433305
-135.674019027332,187.840167315834,0,0.0929745561379662,17.5407350753162,-0.00674960550013943
-135.474847332674,187.858346506703,0,0.0905318640746389,17.5578297586697,-0.00606129677027425
-135.275657540645,187.876330576074,0,0.0900419675883699,17.5749078471105,-0.00666789867628662
-135.076467748615,187.894314645445,0,0.0896838118161361,17.5919693563406,-0.0074748804749069
-134.877265445938,187.91215599945,0,0.0870798519579914,17.5919693563406,-0.00659110341205758
-134.677984696063,187.929102466014,0,0.0848340520610965,17.6090143345511,-0.0064360143391398
-134.478703946187,187.946048932578,0,0.0848340520611613,17.6260428297002,-0.00690764424655038
-134.279423196312,187.962995399143,0,0.0838604073340101,17.6260428297002,-0.00746099967589942
-134.080110508254,187.979553719054,0,0.0811251983285668,17.6260428297002,-0.00674146191147551
-133.880740036511,187.995409790358,0,0.0793636434328753,17.6430548895146,-0.00674146191147551
-133.681369564769,188.011265861662,0,0.0793636434329204,17.6600505614912,-0.00677204762525806
-133.481999093027,188.027121932966,0,0.0781504440742549,17.6600505614912,-0.00720158580349342
-133.282591515902,188.042494144664,0,0.0753232545931006,17.6600505614912,-0.00695663710155085
-133.083134575693,188.057222654508,0,0.073709275542199,17.6770298928985,-0.00695663710155085
-132.883677635483,188.071951164351,0,0.0737092755421938,17.6939929307781,-0.00677755893123607
-132.684220695273,188.086679674195,0,0.0727660190233374,17.6939929307781,-0.0063232870208027
-132.48473705099,188.101031826976,0,0.0698921179759859,17.6939929307781,-0.00706765346733769
-132.285198749572,188.114613662908,0,0.0679614839149825,17.7109397219466,-0.00706766400404982
-132.085660448154,188.128195498841,0,0.0679614839149825,17.7278703129966,-0.00658084004746974
-131.886122146736,188.141777334773,0,0.0679003125076634,17.7447847502985,-0.00570006003380923
-131.686582253816,188.155334753858,0,0.0650272676189048,17.7447847502985,-0.00658366056143453
-131.486969204515,188.167769807084,0,0.0622153951257149,17.7616830800019,-0.00706866220564824
-131.287356155214,188.18020486031,0,0.0622153951256751,17.7785653480371,-0.00646207083634799
-131.087743105913,188.192639913536,0,0.0622153951257461,17.7954316001166,-0.00565507850101559
-130.888130056611,188.205074966762,0,0.0608781422507002,17.7954316001166,-0.00565507850101559
-130.688485258493,188.216976061454,0,0.0580521506080468,17.7954316001166,-0.00630456285789121
-130.488805115283,188.228282714697,0,0.0565634230925939,17.8122818817362,-0.00649016712354081
-130.289124972072,188.239589367941,0,0.0565634230927037,17.829116238177,-0.00552484717686783
-130.089444828862,188.250896021185,0,0.0565634230927037,17.8459347145065,-0.00552485771357995
-129.889764685652,188.262202674428,0,0.0547962482494642,17.8459347145065,-0.00552485771357995
-129.690046512675,188.272803481517,0,0.0520590428338058,17.8459347145065,-0.00549427199979741
-129.490307464722,188.283016841531,0,0.0510890216455448,17.8627373555798,-0.00529848789162513
-129.290568416769,188.293230201545,0,0.0510890216454484,17.8795242060416,-0.00531968508541651
-129.090829368816,188.303443561559,0,0.0510890216454484,17.8962953103268,-0.00531968508541651
-128.891090320863,188.313656921573,0,0.0497900570022405,17.8962953103268,-0.00531968508541651
-128.691326095528,188.323351305791,0,0.0471766191984874,17.8962953103268,-0.00465105618488483
-128.49153639239,188.332520521669,0,0.0458621549626089,17.9130507126627,-0.00396978351609145
-128.291746689251,188.341689737547,0,0.0458621549625829,17.9297904570696,-0.00505335470981891
-128.091956986113,188.350858953425,0,0.0458621549625054,17.9465145873628,-0.00505335470981891
-127.892167282974,188.360028169303,0,0.0458621549625086,17.9632231471534,-0.00505335470981891
-127.692377579836,188.369197385181,0,0.0434418515576058,17.9632231471534,-0.00416976471890573
-127.492545873985,188.377399392232,0,0.0409791532710698,17.9799161764258,-0.00368474200126777
-127.292713432406,188.38558445745,0,0.0409367588948966,17.9965937252386,-0.00368473146455564
-127.092880990827,188.393769522669,0,0.0409367588948952,18.0132558331718,-0.0043849929633198
-126.893048549248,188.401954587887,0,0.0409367588949676,18.0299025430338,-0.00474134384417083
-126.69321610767,188.410139653106,0,0.0408105714089143,18.0465338974357,-0.0040918594872952
-126.493381716045,188.418274280894,0,0.0385172397699667,18.0465338974357,-0.00343462531423502
-126.29351383445,188.425542699359,0,0.036350096871452,18.0631499387924,-0.00343462531423502
-126.093645952856,188.432811117824,0,0.0363500968714507,18.0797507093239,-0.00343461477752289
-125.893778071262,188.440079536288,0,0.0363500968713784,18.0963362510564,-0.00343461477752289
-125.693910189667,188.447347954753,0,0.0363500968714016,18.1129066058239,-0.00415980721984147
-125.494042308073,188.454616373218,0,0.0363500968714016,18.129461815269,-0.0031891120755398
-125.294174426479,188.461884791683,0,0.0349495762117547,18.129461815269,-0.00316791488174842
-125.094287368853,188.468593330221,0,0.032836350934027,18.1371678504662,-0.00316791488174842
-124.894390552872,188.475016955407,0,0.0321236505345014,18.1537009349605,-0.00316791488174842
-124.69449373689,188.481440580593,0,0.032123650534522,18.1702189760053,-0.00316791488174842
-124.494596920909,188.48786420578,0,0.032123650534522,18.1867220145903,-0.00310482110400681
-124.294700104928,188.494287830966,0,0.0321236505345014,18.2032100915191,-0.00225255791651048
-124.094803288946,188.500711456153,0,0.0321236505345026,18.2196832474109,-0.00289485887181997
-123.894906472965,188.507135081339,0,0.0306732671563344,18.2196832474109,-0.00289485887181997
-123.694992142293,188.512978817754,0,0.0287439704945942,18.2361414998475,-0.00289485887181997
-123.495072028336,188.518631077051,0,0.0282650598911322,18.2525849348101,-0.0028948694085321
-123.295151914378,188.524283336348,0,0.0282650598912572,18.2690135694968,-0.0028948694085321
-123.09523180042,188.529935595645,0,0.0282650598913302,18.2854274437996,-0.00219460790976794
-122.895311686462,188.535587854941,0,0.0282650598911871,18.3018265974317,-0.00183826756562904
-122.695391572505,188.541240114238,0,0.0282650598912032,18.3182110699287,-0.00194925430319502
-122.495471458547,188.546892373535,0,0.0278024444122029,18.3345809006494,-0.00262393304360558
-122.295546438135,188.552359651553,0,0.0260552261192476,18.3345809006494,-0.00262394358031771
-122.095607793386,188.557313270016,0,0.024770625381831,18.3509361287771,-0.00262394358031771
-121.895669148637,188.562266888479,0,0.0247706253818319,18.3672767933207,-0.00262395411702983
-121.695730503888,188.567220506943,0,0.0247706253819188,18.3836029331157,-0.00189876167471126
-121.495791859139,188.572174125406,0,0.0247706253818469,18.3999145868251,-0.00165930604965354
-121.295853214389,188.57712774387,0,0.0247706253819021,18.416211792941,-0.00165929551294141
-121.09591456964,188.582081362333,0,0.024770625381903,18.4324945897851,-0.00165929551294141
-120.895975924891,188.587034980796,0,0.024548652037619,18.4487630155102,-0.00188236192280219
-120.696035220475,188.591899833734,0,0.0229773206702796,18.4487630155102,-0.00236165564382172
-120.496081995533,188.59622508923,0,0.0216279635883632,18.4650171081009,-0.00236165564382172
-120.29612877059,188.600550344726,0,0.0216279635884205,18.4812569053746,-0.0021303476375906
-120.096175545647,188.604875600222,0,0.0216279635884212,18.4974824449831,-0.00148804668228111
-119.896222320705,188.609200855718,0,0.021627963588422,18.5136937644128,-0.00148804668228111
-119.696269095762,188.613526111214,0,0.0216279635884343,18.5298909009864,-0.00148804668228111
-119.49631587082,188.61785136671,0,0.0216279635884335,18.5460738918634,-0.00148804668228111
-119.296362645878,188.622176622206,0,0.021627963588422,18.5622427740415,-0.00148804668228111
-119.096409420935,188.626501877702,0,0.021181831135495,18.5783975843574,-0.00148804668228111
-118.896452587339,188.630648716632,0,0.0197771107121842,18.5783975843574,-0.00194215603228062
-118.696487999978,188.63441219928,0,0.0188185239431472,18.5945383594876,-0.0020017329364621
-118.496523412618,188.638175681928,0,0.0188185239431472,18.6106651359498,-0.00132704365933941
-118.296558825257,188.641939164576,0,0.0188185239431371,18.6267779501034,-0.00132703312262728
-118.096594237896,188.645702647224,0,0.0188185239431378,18.6428768381507,-0.00132703312262728
-117.896629650535,188.649466129873,0,0.0188185239431365,18.6589618361381,-0.00132702258591515
-117.696665063174,188.653229612521,0,0.0188185239431465,18.6750329799564,-0.00132702258591515
-117.496700475814,188.656993095169,0,0.0188185239431478,18.6910903053422,-0.00132701204920302
-117.296735888453,188.660756577817,0,0.0188185239431371,18.7071338478789,-0.00132702258591515
-117.096771301092,188.664520060465,0,0.0179102846077536,18.7071338478789,-0.00132701204920302
-116.89680033126,188.667920303477,0,0.0166609174190839,18.7231636330687,-0.00126956323577588
-116.696826964225,188.671184116662,0,0.0163197903399781,18.7391797160566,-0.00117782752117202
-116.49685359719,188.674447929847,0,0.0163197903399065,18.7551821220341,-0.00117782752117202
-116.296880230154,188.677711743032,0,0.0163197903398972,18.7711708859801,-0.00117782752117202
-116.096906863119,188.680975556218,0,0.0163197903399688,18.7871460427247,-0.00117782752117202
-115.896933496083,188.684239369403,0,0.0163197903399688,18.80310762695,-0.00117782752117202
-115.696960129048,188.687503182588,0,0.0163197903399781,18.8190556731911,-0.00117782752117202
-115.496986762013,188.690766995773,0,0.0163197903399071,18.8349902158368,-0.00117783805788415
-115.297013394977,188.694030808959,0,0.0163197903398978,18.8509112891305,-0.00117783805788415
-115.097040027942,188.697294622144,0,0.0159885553110851,18.8668189271712,-0.00117783805788415
-114.897064645294,188.700425956613,0,0.0148822040218228,18.8668189271712,-0.000723718171172503
-114.697084545958,188.703247280698,0,0.0141070883296255,18.8827131639144,-0.000553143992712921
-114.497104446622,188.706068604783,0,0.014107088329625,18.8985940331726,-0.00102252625871272
-114.297124347286,188.708889928868,0,0.014107088329617,18.9144615686164,-0.00104117958889435
-114.09714424795,188.711711252953,0,0.014107088329617,18.9303158037753,-0.00104116905218222
-113.897164148614,188.714532577038,0,0.014107088329617,18.9461567720387,-0.00104116905218222
-113.697184049278,188.717353901124,0,0.0141070883296255,18.9619845066561,-0.0010411585154701
-113.497203949942,188.720175225209,0,0.014107088329625,18.9777990407388,-0.0010411585154701
-113.297223850606,188.722996549294,0,0.0141070883296876,18.99360040726,-0.00104116905218222
-113.09724375127,188.725817873379,0,0.014107088329617,19.0093886390559,-0.00104117958889435
-112.897263651934,188.728639197464,0,0.0141070883296175,19.0251637688265,-0.00087556199246072
-112.697283552598,188.731460521549,0,0.0131683447990886,19.0251637688265,-0.000488014522757176
-112.497298522734,188.733906380649,0,0.0121922945486007,19.0409258280326,-0.000488014522757176
-112.297313296925,188.736337318368,0,0.0121549878970789,19.0566748513124,-0.000488014522757176
-112.097328071117,188.738768256087,0,0.0121549878970075,19.072410869857,-0.000761748438441578
-111.897342845308,188.741199193806,0,0.012154987896936,19.0881339158295,-0.000917177886670586
-111.697357619499,188.743630131525,0,0.0121549878970854,19.1038440212603,-0.000917177886670586
-111.49737239369,188.746061069244,0,0.0121549878970854,19.1195412180481,-0.000917167349958458
-111.297387167881,188.748492006964,0,0.0121549878969364,19.1352255379611,-0.000917167349958458
-111.097401942072,188.750922944683,0,0.0121549878970781,19.1508970126373,-0.000917167349958458
-110.897416716263,188.753353882402,0,0.0121549878970785,19.1665556735852,-0.000917167349958458
-110.697431490455,188.755784820121,0,0.0121549878969433,19.1822015521848,-0.000917177886670586
-110.497446264646,188.75821575784,0,0.0121549878970139,19.1978346796882,-0.000447806157382915
-110.297461038837,188.760646695559,0,0.011607520224566,19.210132660811,-0.000429152827201283
-110.097473339258,188.762858660182,0,0.0107491934639587,19.2257430712505,-0.00042916336391341
-109.897484235042,188.764946289204,0,0.0104383346679414,19.2413408223475,-0.00042916336391341
-109.697495130826,188.767033918227,0,0.0104383346678052,19.256925939561,-0.00042916336391341
-109.497506026611,188.769121547249,0,0.0104383346678763,19.2724984535409,-0.000522550955408849
-109.297516922395,188.771209176271,0,0.0104383346680128,19.2880583948135,-0.000805506050821354
-109.097527818179,188.773296805293,0,0.0104383346678707,19.3036057937821,-0.000805495514109226
-108.897538713963,188.775384434315,0,0.01043833466787,19.3191406807274,-0.000805495514109226
-108.697549609747,188.777472063337,0,0.0104383346679473,19.3346630858088,-0.000805484977397098
-108.497560505531,188.779559692359,0,0.0104383346678767,19.3501730390645,-0.000805484977397098
-108.297571401315,188.781647321382,0,0.0104383346679418,19.3656705704124,-0.000805484977397098
-108.097582297099,188.783734950404,0,0.0104383346679414,19.381155709651,-0.000531761598424824
-107.897593192883,188.785822579426,0,0.0104383346678704,19.3966284864596,-0.000376321613483688
-107.697604088667,188.787910208448,0,0.0102515805967093,19.4120889303995,-0.000376321613483688
-107.497614260929,188.789923139334,0,0.00949889519150663,19.4228390302032,-0.000376321613483688
-107.297622240661,188.791709708377,0,0.00893296401664031,19.4382786273164,-0.000376321613483688
-107.097630220392,188.793496277419,0,0.008932964016712,19.4537059706675,-0.000376321613483688
-106.897638200124,188.795282846461,0,0.00893296401656989,19.4691210893863,-0.000376321613483688
-106.697646179855,188.797069415504,0,0.00893296401650329,19.4845240124871,-0.000376321613483688
-106.497654159587,188.798855984546,0,0.00893296401664539,19.4999147688698,-0.000610066873500645
-106.297662139318,188.800642553588,0,0.00893296401664095,19.5152933873203,-0.000705522812621711
-106.09767011905,188.802429122631,0,0.00893296401664063,19.5306598965111,-0.000705522812621711
-105.897678098781,188.804215691673,0,0.00893296401656926,19.5460143250021,-0.000705522812621711
-105.697686078513,188.806002260716,0,0.00893296401657466,19.561356701241,-0.000705533349333839
-105.497694058245,188.807788829758,0,0.00893296401671676,19.5766870535641,-0.000612156294550527
-105.297702037976,188.8095753988,0,0.00893296401664031,19.5920054101969,-0.000329190662425895
-105.097710017708,188.811361967843,0,0.00893296401656926,19.6073117992545,-0.000329201199138023
-104.897717997439,188.813148536885,0,0.00893296401656989,19.6226062487425,-0.000329201199138023
-104.697725977171,188.814935105927,0,0.00846547356290797,19.6367470935439,-0.000329201199138023
-104.497732409609,188.816534685193,0,0.00780707114622571,19.6520186319041,-0.000329201199138023
-104.297738210169,188.818057902327,0,0.00761615930058845,19.6672783147213,-0.000329201199138023
-104.097744010729,188.819581119462,0,0.00761615930051713,19.6825261668493,-0.000329190662425895
-103.897749811289,188.821104336596,0,0.00761615930065923,19.6977622157621,-0.000329201199138023
-103.697755611849,188.82262755373,0,0.00761615930052146,19.7129864888278,-0.000329201199138023
-103.49776141241,188.824150770864,0,0.00761615930059278,19.7281990133085,-0.000329201199138023
-103.29776721297,188.825673987998,0,0.0076161593006595,19.7433998163616,-0.000598652354930438
-103.09777301353,188.827197205132,0,0.00761615930058818,19.7585889250398,-0.000616512753337187
-102.89777881409,188.828720422266,0,0.0076161593006595,19.7737663662922,-0.000616512753337187
-102.69778461465,188.8302436394,0,0.00761615930052173,19.7889321669641,-0.000616512753337187
-102.497790415211,188.831766856534,0,0.00761615930052146,19.8040863537985,-0.000382767493320229
-102.297796215771,188.833290073668,0,0.0076161593006595,19.8192289534358,-0.000287311554199164
-102.097802016331,188.834813290803,0,0.00761615930058845,19.8343599924148,-0.000287311554199164
-101.897807816891,188.836336507937,0,0.00761615930051713,19.8494794971734,-0.000287301017487036
-101.697813617452,188.837859725071,0,0.00761615930059278,19.8645874940485,-0.000287301017487036
-101.497819418012,188.839382942205,0,0.00707725698401417,19.8751723873006,-0.000287301017487036
-101.297823700705,188.840690603767,0,0.0065026338539752,19.8902608681187,-0.000287301017487036
-101.097827882786,188.841983977364,0,0.00646691306264183,19.905337912274,-0.000287301017487036
-100.897832064868,188.843277350962,0,0.00646691306257077,19.9204035451548,-0.000287290480774908
-100.69783624695,188.844570724559,0,0.00646691306257445,19.9354577926321,-0.000287290480774908
-100.497840429032,188.845864098156,0,0.00646691306264573,19.9505006804795,-0.000287290480774908
-100.297844611114,188.847157471754,0,0.00646691306257077,19.9655322343737,-0.000287290480774908
-100.097848793196,188.848450845351,0,0.00646691306257054,19.9805524798944,-0.000287290480774908
-99.8978529752777,188.849744218949,0,0.00646691306257077,19.9955614425255,-0.000498122553064114
-99.6978571573596,188.851037592546,0,0.00646691306257468,20.0105591476554,-0.000537508031746933
-99.4978613394417,188.852330966144,0,0.0064669130626455,20.0255456205771,-0.000537508031746933
-99.2978655215235,188.853624339741,0,0.00646691306257054,20.0405208864893,-0.000268056875954519
-99.0978697036053,188.854917713339,0,0.00646691306257054,20.0554849704966,-0.00025019647754777
-98.8978738856872,188.856211086936,0,0.00646691306264183,20.0704378976099,-0.00025019647754777
-98.697878067769,188.857504460534,0,0.00646691306257445,20.085379692747,-0.00025019647754777
-98.4978822498511,188.858797834131,0,0.00646691306257445,20.1003103807333,-0.00025019647754777
-98.2978864319329,188.860091207728,0,0.00646691306257077,20.1152299863018,-0.00025019647754777
-98.0978906140148,188.861384581326,0,0.00604524893360793,20.1297594715169,-0.00025019647754777
-97.8978937897627,188.862509292278,0,0.00554481381982458,20.1446572654207,-0.000250207014259898
-97.6978967775177,188.863602495408,0,0.00546604286817953,20.159544050927,-0.00025019647754777
-97.4978997652729,188.864695698538,0,0.00546604286825058,20.1744198514174,-0.00025019647754777
-97.2979027530279,188.865788901668,0,0.00546604286831872,20.1892846911738,-0.00025019647754777
-97.0979057407828,188.866882104798,0,0.00546604286831853,20.2041385943887,-0.00025019647754777
-96.8979087285378,188.867975307928,0,0.00546604286831872,20.2189815851656,-0.000250207014259898
-96.6979117162928,188.869068511058,0,0.00546604286832202,20.2338136875198,-0.00025019647754777
-96.497914704048,188.870161714188,0,0.00546604286817953,20.2486349253787,-0.00025019647754777
-96.297917691803,188.871254917318,0,0.00546604286824747,20.2634453225819,-0.000322444398125335
-96.097920679558,188.872348120448,0,0.00546604286831872,20.2782449028821,-0.000467656086085734
-95.8979236673129,188.873441323577,0,0.00546604286824747,20.2930336899456,-0.000256824013796529
-95.6979266550679,188.874534526707,0,0.00546604286832183,20.3078117073521,-0.000217438535113709
-95.4979296428231,188.875627729837,0,0.00546604286825097,20.3225789785958,-0.000217449071825836
-95.2979326305781,188.876720932967,0,0.00546604286831872,20.3373355270858,-0.000217449071825836
-95.0979356183331,188.877814136097,0,0.00546604286831872,20.3520813761459,-0.000217449071825836
-94.8979386060881,188.878907339227,0,0.00546604286824747,20.3668165490158,-0.000217449071825836
-94.697941593843,188.880000542357,0,0.00546604286825058,20.3815410688511,-0.000217449071825836
-94.4979445815982,188.881093745487,0,0.00532154703885556,20.3962549587238,-0.000217449071825836
-94.2979472785639,188.882129151014,0,0.00488662781701041,20.4109582403891,-0.000217449071825836
-94.0979493910697,188.88304838867,0,0.00459620446085242,20.4256509392212,-0.000217449071825836
-93.8979515035754,188.883967626326,0,0.0045962044608521,20.4403330768094,-0.000217449071825836
-93.6979536160812,188.884886863981,0,0.00459620446092593,20.4550046758955,-0.000217459608537964
-93.4979557285872,188.885806101637,0,0.00459620446085487,20.46966575914,-0.000217449071825836
-93.297957841093,188.886725339293,0,0.00459620446078121,20.484316349122,-0.000217449071825836
-93.0979599535988,188.887644576948,0,0.00459620446085226,20.4989564683402,-0.000217449071825836
-92.8979620661046,188.888563814604,0,0.00459620446085226,20.5135861392129,-0.000217449071825836
-92.6979641786103,188.88948305226,0,0.00459620446078382,20.5282053840785,-0.000217449071825836
-92.4979662911163,188.890402289915,0,0.00459620446085487,20.5428142251958,-0.000217449071825836
-92.2979684036221,188.891321527571,0,0.00459620446092331,20.5574126847448,-0.000203951243382023
-92.0979705161279,188.892240765227,0,0.00459620446085226,20.5720007848266,-0.00018858160818907
-91.8979726286337,188.893160002882,0,0.00459620446078121,20.5865785474641,-0.00018858160818907
-91.6979747411395,188.894079240538,0,0.00459620446085487,20.601145994602,-0.00018858160818907
-91.4979768536455,188.894998478194,0,0.00459620446085504,20.6157031481079,-0.000188571071476942
-91.2979789661513,188.895917715849,0,0.00459620446085226,20.630250029772,-0.000188571071476942
-91.097981078657,188.896836953505,0,0.0045962044608521,20.6447866613077,-0.000188571071476942
-90.8979831911628,188.897756191161,0,0.00459620446085242,20.6593130643521,-0.000188571071476942
-90.6979853036686,188.898675428816,0,0.00459620446085487,20.6738292604662,-0.000188571071476942
-90.4979874161746,188.899594666472,0,0.00447870428225241,20.6883352711354,-0.000188571071476942
-90.2979893303867,188.900466904473,0,0.00410151998715678,20.7028311168857,-0.000188571071476942
-90.0979908063552,188.901235269762,0,0.00384183589368347,20.7173168208215,-0.000188571071476942
-89.8979922823236,188.90200363505,0,0.00384183589375453,20.7317924033184,-0.000188571071476942
-89.6979937582921,188.902772000339,0,0.00384183589368579,20.7462578855632,-0.000188571071476942
-89.4979952342607,188.903540365627,0,0.00384183589375671,20.7607132886684,-0.00018858160818907
-89.2979967102292,188.904308730916,0,0.00384183589382558,20.7751586336733,-0.00018858160818907
-89.0979981861976,188.905077096205,0,0.00384183589361256,20.7895939415442,-0.00018858160818907
-88.8979996621661,188.905845461493,0,0.00384183589368361,20.8040192331744,-0.00018858160818907
-88.6980011381345,188.906613826782,0,0.00384183589368552,20.8184345293851,-0.000188592144901197
-88.4980026141032,188.90738219207,0,0.0038418358936146,20.8328398509251,-0.000188592144901197
-88.2980040900716,188.908150557359,0,0.0038418358937548,20.8472352184718,-0.000129842052767445
-88.0980055660401,188.908918922648,0,0.00384183589375453,20.8616206526313,0
-87.8980070420085,188.909687287936,0,0.00384183589368347,20.8759961739384,-0.000111305629173824
-87.698008517977,188.910455653225,0,0.00384183589368579,20.8903618028576,-0.000163194426210272
-87.4980099939456,188.911224018513,0,0.00384183589368566,20.9047175597828,-0.000163194426210272
-87.2980114699141,188.911992383802,0,0.00384183589368347,20.9190634650381,-0.000163194426210272
-87.0980129458825,188.912760749091,0,0.00384183589368347,20.9333995388779,-0.000163204962922399
-86.898014421851,188.913529114379,0,0.00384183589375466,20.9477258014872,-0.000163204962922399
-86.6980158978194,188.914297479668,0,0.00384183589375685,20.9620422729822,-0.000163204962922399
-86.4980173737881,188.915065844956,0,0.00384183589368579,20.9763489734103,-0.000163204962922399
-86.2980188497566,188.915834210245,0,0.00384183589368347,20.9906459227507,-0.000163204962922399
-86.098020325725,188.916602575534,0,0.00361922464363012,21.0049331409146,-0.000163204962922399
-85.8980214886628,188.917281896873,0,0.00329283579006331,21.0192106470859,-0.000163204962922399
-85.6980225056712,188.917919707432,0,0.00318905820163201,21.0334784623602,-0.000163204962922399
-85.4980235226797,188.918557517991,0,0.003189058201774,21.0477366057866,-0.000163204962922399
-85.298024539688,188.91919532855,0,0.00318905820177219,21.0619850970076,-0.000163204962922399
-85.0980255566963,188.91983313911,0,0.00318905820163008,21.0762239555991,-0.000163204962922399
-84.8980265737046,188.920470949669,0,0.00318905820170114,21.0904532010711,-0.000163204962922399
-84.698027590713,188.921108760228,0,0.003189058201774,21.1046728528677,-0.000163204962922399
-84.4980286077215,188.921746570787,0,0.00318905820170284,21.1188829303675,-0.000163194426210271
-84.2980296247298,188.922384381347,0,0.00318905820163008,21.1330834528842,-0.000163194426210271
-84.0980306417381,188.923022191906,0,0.00318905820170114,21.1472744396664,-0.000163183889498144
-83.8980316587464,188.923660002465,0,0.00318905820177219,21.1614559098983,-5.18782603243198e-05
-83.6980326757547,188.924297813024,0,0.00318905820170295,21.1756278826997,1.05367121277323e-08
-83.4980336927633,188.924935623584,0,0.0031890582016319,21.1897903771266,2.10734242554653e-08
-83.2980347097716,188.925573434143,0,0.00318905820170114,21.2039434121714,-4.81930480082937e-05
-83.0980357267799,188.926211244702,0,0.00318905820177219,21.2180870067631,-0.000140845100520481
-82.8980367437882,188.926849055261,0,0.00318905820170114,21.2322211797675,-0.000140845100520481
-82.6980377607965,188.92748686582,0,0.0031890582016319,21.2463459499879,-0.000140845100520481
-82.4980387778051,188.92812467638,0,0.00318905820170284,21.260461336165,-0.000140845100520481
-82.2980397948134,188.928762486939,0,0.00318905820177208,21.2745673569774,-0.000140845100520481
-82.0980408118217,188.929400297498,0,0.00318905820177219,21.2886640310417,-0.000140845100520481
-81.89804182883,188.930038108057,0,0.00318905820170114,21.302751376913,-0.000140845100520481
-81.6980428458383,188.930675918617,0,0.0031890582016319,21.3168294130851,-0.000140845100520481
-81.4980438628469,188.931313729176,0,0.00309262996228544,21.3308981579906,-0.000140845100520481
-81.2980447677168,188.931912968602,0,0.00281087653965558,21.3449576294994,-0.000140845100520481
-81.0980454570684,188.932438078272,0,0.00262555136644406,21.3590078469278,-0.000140845100520481
-80.8980461464199,188.932963187942,0,0.00262555136637301,21.3730488280246,-0.000140845100520481
-80.6980468357715,188.933488297612,0,0.0026255513662323,21.3870805909812,-0.000140845100520481
-80.4980475251233,188.934013407282,0,0.00262555136630326,21.4011031539293,-0.000140866173944737
-80.2980482144748,188.934538516952,0,0.00262555136637292,21.4151165349415,-0.000140866173944737
-80.0980489038264,188.935063626622,0,0.00262555136637292,21.429120752031,-0.000140876710656865
-79.8980495931779,188.935588736292,0,0.00262555136637292,21.4431158231523,-0.000140876710656865
-79.6980502825295,188.936113845962,0,0.00262555136630345,21.4571017662014,-0.000140876710656865
-79.4980509718813,188.936638955631,0,0.0026255513662323,21.471078599016,-0.000140887247368992
-79.2980516612328,188.937164065301,0,0.00262555136630186,21.4850463393758,-9.26731259364432e-05
-79.0980523505844,188.937689174971,0,0.00262555136637292,21.4990050050025,-1.05367121277335e-08
-78.8980530399359,188.938214284641,0,0.00262555136637282,21.5129546135607,-1.27306404994361e-20
-78.6980537292875,188.938739394311,0,0.00262555136637441,21.5268951826575,-1.27306404994361e-20
-78.4980544186393,188.939264503981,0,0.00262555136630345,21.5408267298431,-1.27306404994361e-20
-78.2980551079908,188.939789613651,0,0.00262555136630186,21.554749272611,-2.27276799123315e-05
-78.0980557973424,188.940314723321,0,0.00262555136637282,21.5686628283982,-0.000121283121178756
-77.8980564866939,188.940839832991,0,0.00262555136637292,21.5825674145854,-0.000121283121178756
-77.6980571760455,188.941364942661,0,0.00262555136630336,21.5964630484977,-0.000121272584466628
-77.4980578653973,188.941890052331,0,0.00262555136637441,21.610349747404,-0.000121272584466628
-77.2980585547488,188.942415162001,0,0.00262555136630186,21.6242275285182,-0.000121272584466628
-77.0980592441004,188.942940271671,0,0.00262555136630177,21.6380964089988,-0.000121272584466628
-76.8980599334519,188.943465381341,0,0.00262555136637292,21.6519564059492,-0.000121272584466628
-76.6980606228035,188.943990491011,0,0.00262555136630336,21.6658075364184,-0.000121262047754501
-76.4980613121553,188.944515600681,0,0.00258009601040273,21.6796498174008,-0.000121251511042373
-76.2980619581791,188.94502252826,0,0.0023375297691082,21.6934832655886,-0.000121251511042373
-76.0980624163182,188.94545061171,0,0.00214041888806225,21.7073078983639,-0.000121251511042373
-75.8980628744573,188.945878695161,0,0.00214041888806233,21.7211237323112,-0.000121240974330245
-75.6980633325964,188.946306778612,0,0.00214041888806362,21.7349307842094,-0.000121240974330245
-75.4980637907357,188.946734862063,0,0.0021404188881346,21.7487290707842,-0.000121240974330245
-75.2980642488748,188.947162945513,0,0.00214041888813338,21.7625186087083,-0.000121240974330245
-75.0980647070138,188.947591028964,0,0.0021404188879912,21.7762994146015,-0.000121230437618117
-74.8980651651529,188.948019112415,0,0.00214041888806233,21.7900715050312,-0.000121240974330245
-74.698065623292,188.948447195866,0,0.00214041888820573,21.8038348965124,-0.000121240974330245
-74.4980660814313,188.948875279316,0,0.00214041888806355,21.817589605508,-0.000121240974330245
-74.2980665395704,188.949303362767,0,0.0021404188879912,21.8313356484291,-9.8502757705786e-05
-74.0980669977095,188.949731446218,0,0.00214041888813338,21.8450730416351,5.26835606386093e-08
-73.8980674558485,188.950159529669,0,0.00214041888820451,21.858801801434,5.26835606386093e-08
-73.6980679139876,188.950587613119,0,0.0021404188881346,21.8725219440826,4.21468485108874e-08
-73.4980683721269,188.95101569657,0,0.00214041888806347,21.8862334857867,3.16101363831536e-08
-73.298068830266,188.951443780021,0,0.00214041888806233,21.8999364427017,3.16101363831536e-08
-73.0980692884051,188.951871863472,0,0.00214041888806241,21.913630830932,3.16101363831536e-08
-72.8980697465442,188.952299946922,0,0.00214041888806233,21.927316666532,-1.13773236804813e-05
-72.6980702046833,188.952728030373,0,0.00214041888806347,21.9409939655061,-0.000104071125324859
-72.4980706628226,188.953156113824,0,0.0021404188881346,21.9546627438085,-0.000104060588612732
-72.2980711209617,188.953584197275,0,0.00214041888813346,21.9683230173442,-0.000104060588612732
-72.0980715791007,188.954012280725,0,0.00214041888806225,21.9819748019684,-0.000104050051900604
-71.8980720372398,188.954440364176,0,0.00214041888813331,21.9956181134874,-0.000104060588612732
-71.6980724953789,188.954868447627,0,0.00214041888813468,22.0092529676582,-0.000104060588612732
-71.4980729535182,188.955296531078,0,0.00214041888806355,22.0228793801894,-0.000104060588612732
-71.2980734116573,188.955724614528,0,0.00214041888806225,22.0364973667408,-0.000104050051900604
-71.0980738697964,188.956152697979,0,0.00211760101453466,22.0501069429237,-0.000104060588612732
-70.8980743102997,188.956571654297,0,0.00190941660913603,22.0637081241866,-0.000104060588612732
-70.6980746075344,188.956916464142,0,0.00172405007909828,22.0773009262749,-0.000104060588612732
-70.4980749047694,188.957261273987,0,0.00172405007909828,22.0908853645411,-0.000104060588612732
-70.2980752020041,188.957606083832,0,0.00172405007909724,22.1044614544055,-0.000104071125324859
-70.0980754992389,188.957950893677,0,0.0017240500790973,22.1180292112407,-0.000104071125324859
-69.8980757964736,188.958295703522,0,0.00172405007902625,22.1315886503725,-0.000104071125324859
-69.6980760937084,188.958640513367,0,0.00172405007902717,22.1451397870796,-0.000104060588612732
-69.4980763909434,188.958985323212,0,0.00172405007909828,22.1586826365941,-0.000104050051900604
-69.2980766881781,188.959330133057,0,0.0017240500790973,22.1722172141015,-0.000104050051900604
-69.0980769854129,188.959674942902,0,0.00172405007902619,22.1857435347409,-0.000104050051900604
-68.8980772826476,188.960019752747,0,0.0017240500790973,22.1992616136055,-9.26411180837394e-05
-68.6980775798824,188.960364562592,0,0.00172405007916934,22.2127714657424,5.26835606386191e-08
-68.4980778771174,188.960709372437,0,0.00172405007909822,22.2262731061529,4.21468485108854e-08
-68.2980781743521,188.961054182282,0,0.00172405007902625,22.2397665497931,4.21468485108854e-08
-68.0980784715869,188.961398992127,0,0.00172405007902619,22.2532518115735,3.16101363831644e-08
-67.8980787688216,188.961743801972,0,0.00172405007909724,22.2667289063593,4.21468485108854e-08
-67.6980790660564,188.962088611817,0,0.0017240500791694,22.2801978489711,4.21468485108854e-08
-67.4980793632913,188.962433421662,0,0.00172405007909828,22.2936586541845,5.26835606386184e-08
-67.2980796605261,188.962778231507,0,0.00172405007902619,22.3071113367307,3.16101363831749e-08
-67.0980799577608,188.963123041352,0,0.00172405007902625,22.3205559112962,3.16101363831749e-08
-66.8980802549956,188.963467851197,0,0.0017240500790973,22.3339923925235,-8.87905507179393e-05
-66.6980805522303,188.963812661042,0,0.00172405007909822,22.3474207950112,-8.89845521626111e-05
-66.4980808494653,188.964157470887,0,0.00172405007902723,22.3608411333138,-8.89845521626111e-05
-66.2980811467001,188.964502280732,0,0.00172405007902625,22.3742534219423,-8.89950888747388e-05
-66.0980814439348,188.964847090577,0,0.00172405007909724,22.3876576753643,-8.89950888747388e-05
-65.8980817411696,188.965191900422,0,0.0017240500790973,22.4010539080039,-8.89950888747388e-05
-65.6980820384043,188.965536710267,0,0.00172405007909828,22.4144421342423,-8.90056255868666e-05
-65.4980823356393,188.965881520112,0,0.00172405007909828,22.4278223684177,-8.90056255868666e-05
-65.2980826328741,188.966226329957,0,0.00172405007902625,22.4411946248255,-8.90056255868666e-05
-65.0980829301088,188.966571139802,0,0.00154640575673332,22.4545589177186,-8.90056255868666e-05
-64.8980831174871,188.966844892004,0,0.00136837374024155,22.4679152613057,-8.90056255868666e-05
-64.6980833046256,188.967118489128,0,0.00136798604606804,22.4812636697588,-8.90161622989943e-05
-64.4980834917643,188.967392086251,0,0.00136798604606804,22.4946041572021,-8.90161622989943e-05
-64.2980836789028,188.967665683375,0,0.00136798604613827,22.5079367377202,-8.90161622989943e-05
-64.0980838660413,188.967939280499,0,0.00136798604613829,22.5212614253557,-8.90161622989943e-05
-63.8980840531798,188.968212877623,0,0.00136798604613829,22.5345782341098,-8.9026699011122e-05
-63.6980842403183,188.968486474747,0,0.00136798604606799,22.5478871779423,-8.9026699011122e-05
-63.498084427457,188.968760071871,0,0.00136798604606799,22.5611882707719,-8.90372357232497e-05
-63.2980846145955,188.969033668995,0,0.00136798604613832,22.5744815264762,-8.9026699011122e-05
-63.0980848017341,188.969307266119,0,0.00136798604613832,22.587766958892,-8.9026699011122e-05
-62.8980849888726,188.969580863243,0,0.00136798604613832,22.6010445818156,-2.04538156799581e-07
-62.6980851760111,188.969854460366,0,0.00136798604606799,22.6143144090024,-1.05367121277204e-08
-62.4980853631498,188.97012805749,0,0.00136798604606797,22.6275764541679,-2.10734242554531e-08
-62.2980855502883,188.970401654614,0,0.00136798604613829,22.6408307309872,-1.05367121277327e-08
-62.0980857374268,188.970675251738,0,0.00136798604620937,22.6540772530954,-1.05367121277327e-08
-61.8980859245653,188.970948848862,0,0.00136798604613832,22.6673160340878,-1.05367121277327e-08
-61.6980861117038,188.971222445986,0,0.00136798604606799,22.6805470875201,-1.05367121277327e-08
-61.4980862988425,188.97149604311,0,0.00136798604613905,22.6937704269082,0
-61.298086485981,188.971769640234,0,0.00136798604613832,22.7069860657291,0
-61.0980866731196,188.972043237358,0,0.00136798604606724,22.7201940174202,0
-60.8980868602581,188.972316834481,0,0.00136798604613829,22.73339429538,0
-60.6980870473966,188.972590431605,0,0.00136798604613907,22.7465869129682,-5.59263755858386e-05
-60.4980872345353,188.972864028729,0,0.00136798604606802,22.7597718835057,-7.57982501125232e-05
-60.2980874216738,188.973137625853,0,0.00136798604613829,22.7729492202748,-7.57982501125232e-05
-60.0980876088123,188.973411222977,0,0.00136798604620935,22.7861189365196,-7.57982501125232e-05
-59.8980877959508,188.973684820101,0,0.00136798604606726,22.7992810454456,-7.57982501125232e-05
-59.6980879830893,188.973958417225,0,0.00136798604599696,22.8124355602206,-7.57982501125232e-05
-59.498088170228,188.974232014349,0,0.00136798604613905,22.8255824939741,-7.57982501125232e-05
-59.2980883573665,188.974505611473,0,0.00136798604613829,22.838721859798,-7.58087868246509e-05
-59.0980885445051,188.974779208596,0,0.00136798604613832,22.8518536707466,-7.58087868246509e-05
-58.8980887316436,188.97505280572,0,0.00125613329531678,22.8649779398366,-7.58087868246509e-05
-58.6980888643595,188.975281661777,0,0.00110453679391767,22.8780946799309,-7.58087868246509e-05
-58.4980889777381,188.975494620346,0,0.00106479304475829,22.8912039042048,-7.57982501125232e-05
-58.2980890911164,188.975707578914,0,0.00106479304468661,22.9043056254469,-7.57982501125232e-05
-58.0980892044948,188.975920537483,0,0.00106479304475768,22.9173998565256,-7.57982501125232e-05
-57.8980893178732,188.976133496052,0,0.00106479304468663,22.9304866102724,-7.57982501125232e-05
-57.6980894312515,188.976346454621,0,0.00106479304461618,22.9435658994822,-7.57982501125232e-05
-57.4980895446301,188.976559413189,0,0.00106479304468723,22.9566377369135,-7.58193235367786e-05
-57.2980896580085,188.976772371758,0,0.00106479304468661,22.9697021352886,-7.58193235367786e-05
-57.0980897713869,188.976985330327,0,0.00106479304482874,22.9827591072935,-7.58193235367786e-05
-56.8980898847653,188.977198288895,0,0.00106479304468661,22.9958086655782,-7.58193235367786e-05
-56.6980899981436,188.977411247464,0,0.00106479304461616,23.0088508227569,-1.98824112388123e-05
-56.4980901115222,188.977624206033,0,0.00106479304475831,23.021885591408,-1.05367121277339e-08
-56.2980902249006,188.977837164601,0,0.00106479304468663,23.0349129840744,-1.05367121277339e-08
-56.098090338279,188.97805012317,0,0.00106479304468663,23.0479330132635,-1.23560931180721e-20
-55.8980904516573,188.978263081739,0,0.00106479304475768,23.0609456914473,-1.23560931180721e-20
-55.6980905650357,188.978476040308,0,0.00106479304468723,23.0739510310627,1.05367121277084e-08
-55.4980906784143,188.978688998876,0,0.00106479304468723,23.0869490445117,1.05367121277084e-08
-55.2980907917927,188.978901957445,0,0.00106479304475766,23.0999397441612,2.10734242554295e-08
-55.098090905171,188.979114916014,0,0.00106479304468663,23.1129231423436,1.05367121277084e-08
-54.8980910185494,188.979327874582,0,0.00106479304468661,23.1258992513563,1.05367121277084e-08
-54.6980911319278,188.979540833151,0,0.00106479304475827,23.1388680834625,1.05367121277084e-08
-54.4980912453064,188.97975379172,0,0.00106479304468725,23.1518296508911,2.10734242554415e-08
-54.2980913586847,188.979966750288,0,0.00106479304468665,23.1647839658366,1.05367121277204e-08
-54.0980914720631,188.980179708857,0,0.00106479304468663,23.1777310404595,-1.36186709700893e-05
-53.8980915854415,188.980392667426,0,0.00106479304468659,23.1906708868864,-6.42014099350631e-05
-53.6980916988198,188.980605625995,0,0.00106479304468721,23.20360351721,-6.42014099350631e-05
-53.4980918121984,188.980818584563,0,0.00106479304475831,23.2165289434894,-6.41908732229354e-05
-53.2980919255768,188.981031543132,0,0.00106479304475768,23.2294471777501,-6.41908732229354e-05
-53.0980920389552,188.981244501701,0,0.00106479304468663,23.2423582319841,-6.41908732229354e-05
-52.8980921523336,188.981457460269,0,0.00106479304468663,23.2552621181504,-6.41908732229354e-05
-52.6980922657119,188.981670418838,0,0.00106479304468721,23.2681588481745,-6.42014099350631e-05
-52.4980923790905,188.981883377407,0,0.00106479304468721,23.281048433949,-6.42014099350631e-05
-52.2980924924689,188.982096335975,0,0.00103753463196749,23.2939308873337,-6.42014099350631e-05
-52.0980925956377,188.982298391184,0,0.000909110739269919,23.3068062200845,-6.42119466471908e-05
-51.8980926609152,188.982459980218,0,0.000807945259857652,23.3196744441377,-6.42119466471908e-05
-51.6980927261927,188.982621569253,0,0.000807945259858111,23.3325355711841,-6.42224833593185e-05
-51.4980927914704,188.982783158287,0,0.00080794525992918,23.3453896129529,-6.42224833593185e-05
-51.2980928567479,188.982944747321,0,0.000807945259857666,23.3582365811414,-6.42224833593185e-05
-51.0980929220254,188.983106336356,0,0.000807945259857652,23.3710764874143,-6.42119466471908e-05
-50.8980929873029,188.98326792539,0,0.000807945259857652,23.3839093434047,-6.42119466471908e-05
-50.6980930525804,188.983429514425,0,0.000807945259787057,23.3967351607136,-6.42119466471908e-05
-50.4980931178582,188.983591103459,0,0.000807945259858126,23.4095539509101,-6.42224833593186e-05
-50.2980931831357,188.983752692493,0,0.000807945259857666,23.4223657255319,-6.42119466471908e-05
-50.0980932484132,188.983914281528,0,0.000807945259857666,23.435170496085,-5.05932756771015e-05
-49.8980933136907,188.984075870562,0,0.000807945259857638,23.4479682740439,-1.05367121277213e-08
-49.6980933789682,188.984237459596,0,0.000807945259858111,23.4607590708521,-2.10734242554426e-08
-49.4980934442459,188.984399048631,0,0.00080794525985814,23.4735428979217,-2.10734242554426e-08
-49.2980935095234,188.984560637665,0,0.000807945259857652,23.4863197666337,-2.10734242554426e-08
-49.0980935748009,188.9847222267,0,0.000807945259857652,23.4990896883384,-2.10734242554426e-08
-48.8980936400784,188.984883815734,0,0.000807945259786598,23.5118526743549,-2.10734242554426e-08
-48.6980937053559,188.985045404768,0,0.000807945259858111,23.524608735972,-2.10734242554426e-08
-48.4980937706336,188.985206993803,0,0.000807945259929166,23.5373578844477,-2.10734242554426e-08
-48.2980938359111,188.985368582837,0,0.000807945259857666,23.5501001310094,-2.10734242554426e-08
-48.0980939011887,188.985530171872,0,0.000807945259857666,23.5628354868545,-2.10734242554426e-08
-47.8980939664662,188.985691760906,0,0.000807945259857666,23.5755639631499,-2.10734242554426e-08
-47.6980940317437,188.98585334994,0,0.000807945259858126,23.5882855710323,-2.10734242554426e-08
-47.4980940970214,188.986014938975,0,0.000807945259858111,23.6010003216086,-1.05367121277097e-08
-47.2980941622989,188.986176528009,0,0.000807945259786598,23.6137082259558,-1.05367121277097e-08
-47.0980942275764,188.986338117044,0,0.000807945259857652,23.6264092951208,-1.05367121277097e-08
-46.8980942928539,188.986499706078,0,0.000807945259928706,23.6391035401212,-1.62569425040333e-05
-46.6980943581314,188.986661295112,0,0.000807945259858111,23.6517909719448,-5.40673624764966e-05
-46.4980944234091,188.986822884147,0,0.000807945259858126,23.6644716015501,-5.40673624764966e-05
-46.2980944886866,188.986984473181,0,0.000807945259857666,23.6771454398661,-5.40673624764966e-05
-46.0980945539641,188.987146062216,0,0.000807945259857666,23.6898124977926,-5.40568257643688e-05
-45.8980946192416,188.98730765125,0,0.000807945259857652,23.7024727862004,-5.40568257643688e-05
-45.6980946845191,188.987469240284,0,0.000807945259858097,23.7151263159312,-5.40462890522411e-05
-45.4980947497969,188.987630829319,0,0.000807945259858126,23.7277730977977,-5.40357523401134e-05
-45.2980948150744,188.987792418353,0,0.000807945259857666,23.7404131425839,-5.40357523401134e-05
-45.0980948803519,188.987954007387,0,0.000775452444894105,23.7530464610452,-5.40357523401134e-05
-44.8980949365336,188.988102599299,0,0.00066733878874694,23.7656730638461,-5.40462890522411e-05
-44.6980949715465,188.988220942882,0,0.000591717948094956,23.7782929618091,-5.40462890522411e-05
-44.4980950065597,188.988339286464,0,0.000591717948094956,23.7909061655419,-5.40462890522411e-05
-44.2980950415727,188.988457630047,0,0.000591717948165674,23.8035126856862,-5.40462890522411e-05
-44.0980950765857,188.98857597363,0,0.000591717948094619,23.8161125328552,-5.40462890522411e-05
-43.8980951115986,188.988694317213,0,0.00059171794809463,23.8287057176344,-5.40568257643688e-05
-43.6980951466116,188.988812660795,0,0.00059171794816602,23.8412922505812,-5.40568257643688e-05
-43.4980951816248,188.988931004378,0,0.000591717948094945,23.8538721422251,-5.40673624764966e-05
-43.2980952166377,188.989049347961,0,0.000591717948094619,23.8664454030679,-5.40673624764966e-05
-43.0980952516507,188.989167691543,0,0.00059171794809463,23.8790120435838,-5.40673624764966e-05
-42.8980952866637,188.989286035126,0,0.000591717948094619,23.8915720742194,-3.7820956684591e-05
-42.6980953216766,188.989404378709,0,0.00059171794816601,23.9041255053939,-1.0536712127709e-08
-42.4980953566898,188.989522722292,0,0.000591717948023902,23.916672347499,-2.1073424255442e-08
-42.2980953917028,188.989641065874,0,0.000591717948094609,23.9292126108993,-2.1073424255442e-08
-42.0980954267158,188.989759409457,0,0.000591717948165663,23.9417463059323,-2.1073424255442e-08
-41.8980954617287,188.98987775304,0,0.000591717948023565,23.9542734429083,-2.1073424255442e-08
-41.6980954967417,188.989996096622,0,0.000591717948094966,23.9667940321108,-2.1073424255442e-08
-41.4980955317549,188.990114440205,0,0.00059171794816601,23.9793080837964,-2.10734242554416e-08
-41.2980955667678,188.990232783788,0,0.000591717948094619,23.9918156081948,-2.10734242554416e-08
-41.0980956017808,188.990351127371,0,0.000591717948094619,24.0043166155094,-2.10734242554416e-08
-40.8980956367938,188.990469470953,0,0.000591717948165674,24.0168111159167,-1.05367121277206e-08
-40.6980956718067,188.990587814536,0,0.000591717948094966,24.029299119567,-1.05367121277206e-08
-40.4980957068199,188.990706158119,0,0.000591717948023902,24.0417806365839,1.23507991621518e-20
-40.2980957418329,188.990824501701,0,0.000591717948094619,24.0542556770652,1.23507991621518e-20
-40.0980957768459,188.990942845284,0,0.000591717948165674,24.0667242510821,1.23507991621518e-20
-39.8980958118588,188.991061188867,0,0.000591717948094609,24.0791863686799,1.05367121277333e-08
-39.6980958468718,188.99117953245,0,0.000591717948023902,24.0916420398781,2.10734242554543e-08
-39.498095881885,188.991297876032,0,0.000591717948094956,24.10409127467,2.10734242554543e-08
-39.2980959168979,188.991416219615,0,0.000591717948165674,24.1165340830232,2.10734242554543e-08
-39.0980959519109,188.991534563198,0,0.000591717948094619,24.1289704748798,-3.96713834086624e-05
-38.8980959869239,188.99165290678,0,0.000591717948094619,24.141400460156,-4.51356363738543e-05
-38.6980960219368,188.991771250363,0,0.00059171794816602,24.1538240487427,-4.51356363738543e-05
-38.49809605695,188.991889593946,0,0.000591717948094956,24.1662412505053,-4.51250996617265e-05
-38.298096091963,188.992007937529,0,0.000591717948094609,24.1786520752837,-4.51250996617265e-05
-38.0980961269759,188.992126281111,0,0.000591717948094619,24.1910565328929,-4.51250996617265e-05
-37.8980961619889,188.992244624694,0,0.00059171794809463,24.2034546331226,-4.51250996617265e-05
-37.6980961970019,188.992362968277,0,0.00059171794816601,24.2158463857372,-4.51356363738542e-05
-37.4980962320151,188.99248131186,0,0.00059171794816601,24.2282318004765,-4.5146173085982e-05
-37.298096267028,188.992599655442,0,0.000512333034195423,24.2406108870553,-4.5146173085982e-05
-37.0980962861194,188.992686245063,0,0.000422019622860694,24.2529836551419,-4.5146173085982e-05
-36.898096303019,188.992768463286,0,0.000411091125581863,24.2653501144447,-4.5146173085982e-05
-36.6980963199185,188.992850681509,0,0.000411091125582097,24.2777102745828,-4.5146173085982e-05
-36.4980963368183,188.992932899732,0,0.000411091125653151,24.2900641451722,-4.51567097981097e-05
-36.2980963537178,188.993015117955,0,0.000411091125581863,24.3024117358048,-4.51567097981097e-05
-36.0980963706174,188.993097336177,0,0.000411091125581856,24.3147530560477,-4.51567097981097e-05
-35.8980963875169,188.9931795544,0,0.00041109112565291,24.3270881154441,-4.51567097981097e-05
-35.6980964044165,188.993261772623,0,0.00041109112558209,24.3394169235128,-4.51777832223651e-05
-35.4980964213162,188.993343990846,0,0.00041109112558209,24.3517394897486,-4.51777832223651e-05
-35.2980964382158,188.993426209069,0,0.000411091125581863,24.3640558236222,-4.51777832223651e-05
-35.0980964551153,188.993508427291,0,0.000411091125581863,24.3763659345806,-5.48532638944727e-06
-34.8980964720149,188.993590645514,0,0.000411091125581856,24.3886698320466,-2.10734242554422e-08
-34.6980964889144,188.993672863737,0,0.00041109112558209,24.4009675254196,-3.16101363831633e-08
-34.4980965058142,188.99375508196,0,0.000411091125582097,24.413259024075,-3.16101363831633e-08
-34.2980965227137,188.993837300183,0,0.000411091125581863,24.425544337365,-3.16101363831633e-08
-34.0980965396133,188.993919518405,0,0.00041109112565291,24.4378234746178,-2.10734242554422e-08
-33.8980965565128,188.994001736628,0,0.00041109112565291,24.4500964451386,-2.10734242554422e-08
-33.6980965734123,188.994083954851,0,0.000411091125582097,24.4623632582092,-1.05367121277211e-08
-33.4980965903121,188.994166173074,0,0.000411091125511043,24.4746239230878,-1.05367121277211e-08
-33.2980966072117,188.994248391297,0,0.000411091125581863,24.4868784490098,-1.05367121277211e-08
-33.0980966241112,188.994330609519,0,0.00041109112565291,24.4991268451874,-1.05367121277211e-08
-32.8980966410107,188.994412827742,0,0.00041109112565291,24.5113691208097,-1.05367121277211e-08
-32.6980966579103,188.994495045965,0,0.000411091125582097,24.5236052850428,-1.05367121277211e-08
-32.4980966748101,188.994577264188,0,0.000411091125511035,24.5358353470303,-1.05367121277211e-08
-32.2980966917096,188.994659482411,0,0.000411091125581856,24.5480593158926,-1.05367121277211e-08
-32.0980967086091,188.994741700633,0,0.000411091125652918,24.5602772007276,-1.05367121277211e-08
-31.8980967255087,188.994823918856,0,0.000411091125652918,24.5724890106106,-1.05367121277211e-08
-31.6980967424082,188.994906137079,0,0.000411091125511035,24.5846947545944,0
-31.498096759308,188.994988355302,0,0.000411091125511035,24.5968944417091,1.05367121277329e-08
-31.2980967762076,188.995070573525,0,0.000411091125652918,24.6090880809627,1.17896398345958e-20
-31.0980967931071,188.995152791748,0,0.000411091125581863,24.6212756813407,1.17896398345958e-20
-30.8980968100066,188.99523500997,0,0.000411091125581856,24.6334572518066,-3.06600652954254e-05
-30.6980968269062,188.995317228193,0,0.00041109112558209,24.6456328013014,-3.73463655688571e-05
-30.498096843806,188.995399446416,0,0.000411091125582093,24.6578023387442,-3.73463655688571e-05
-30.2980968607055,188.995481664639,0,0.00041109112558186,24.6699658730323,-3.73463655688571e-05
-30.098096877605,188.995563882861,0,0.00041109112558186,24.6821234130409,-3.73569022809849e-05
-29.8980968945046,188.995646101084,0,0.00041109112558186,24.6942749676232,-3.73569022809849e-05
-29.6980969114041,188.995728319307,0,0.000411091125653148,24.7064205456108,-3.73569022809849e-05
-29.4980969283039,188.99581053753,0,0.000411091125653148,24.7185601558137,-3.73463655688571e-05
-29.2980969452034,188.995892755753,0,0.00041109112558186,24.7306938070201,-3.73463655688571e-05
-29.098096962103,188.995974973976,0,0.000349770993869073,24.7428215079966,-3.73463655688571e-05
-28.8980969707519,188.996032664147,0,0.00027505718416434,24.7549432674687,-3.73463655688571e-05
-28.6980969775986,188.996084996848,0,0.000261663506508426,24.7670590942,-3.73463655688571e-05
-28.4980969844455,188.996137329548,0,0.000261663506437369,24.7791689968731,-3.73358288567294e-05
-28.2980969912923,188.996189662249,0,0.000261663506366166,24.7912729841691,-3.73358288567294e-05
-28.098096998139,188.99624199495,0,0.000261663506579329,24.8033710647483,-3.73358288567294e-05
-27.8980970049858,188.996294327651,0,0.000261663506579331,24.8154632472496,-3.73358288567294e-05
-27.6980970118325,188.996346660351,0,0.000261663506508426,24.8275495402908,-3.73358288567294e-05
-27.4980970186794,188.996398993052,0,0.000261663506437369,24.839629952469,-3.73463655688571e-05
-27.2980970255262,188.996451325753,0,0.00026166350643722,24.8517044923602,-3.73358288567294e-05
-27.0980970323729,188.996503658453,0,0.00026166350643722,24.8637731685196,-3.73252921446017e-05
-26.8980970392196,188.996555991154,0,0.000261663506437223,24.8758359894818,-6.66522684917625e-06
-26.6980970460664,188.996608323855,0,0.000261663506508423,24.8878929637604,3.16101363831869e-08
-26.4980970529133,188.996660656555,0,0.000261663506579478,24.8999440998488,4.21468485109198e-08
-26.2980970597601,188.996712989256,0,0.000261663506508277,24.9119894062196,4.21468485109198e-08
-26.0980970666068,188.996765321957,0,0.00026166350643722,24.9240288913248,4.21468485109198e-08
-25.8980970734535,188.996817654658,0,0.00026166350643722,24.9360625635964,4.21468485109198e-08
-25.6980970803003,188.996869987358,0,0.000261663506437369,24.9480904314458,5.26835606386408e-08
-25.4980970871472,188.996922320059,0,0.000261663506508426,24.960112503264,4.21468485109077e-08
-25.298097093994,188.99697465276,0,0.000261663506508275,24.9721287874221,4.21468485109077e-08
-25.0980971008407,188.99702698546,0,0.000261663506508275,24.9841392922709,4.21468485109077e-08
-24.8980971076874,188.997079318161,0,0.000261663506508279,24.9961440261412,4.21468485109077e-08
-24.6980971145342,188.997131650862,0,0.000261663506508423,25.0081429973438,4.21468485109077e-08
-24.4980971213811,188.997183983562,0,0.000261663506508423,25.0201362141695,3.16101363831748e-08
-24.2980971282279,188.997236316263,0,0.00026166350643722,25.0321236848893,4.21468485108959e-08
-24.0980971350746,188.997288648964,0,0.00026166350643722,25.0441054177544,4.21468485108959e-08
-23.8980971419213,188.997340981665,0,0.000261663506508275,25.0560814209963,4.21468485108959e-08
-23.6980971487681,188.997393314365,0,0.000261663506508423,25.0680517028268,4.21468485108959e-08
-23.498097155615,188.997445647066,0,0.000261663506437374,25.080016271438,5.2683560638629e-08
-23.2980971624618,188.997497979767,0,0.00026166350643722,25.0919751350027,5.2683560638629e-08
-23.0980971693085,188.997550312467,0,0.000261663506508275,25.1039283016741,4.21468485109081e-08
-22.8980971761552,188.997602645168,0,0.000261663506508277,25.115875779586,4.21468485109081e-08
-22.698097183002,188.997654977869,0,0.000261663506437369,25.1278175768529,4.21468485109081e-08
-22.4980971898489,188.997707310569,0,0.000261663506437369,25.1397537015698,3.16101363831751e-08
-22.2980971966957,188.99775964327,0,0.000261663506508275,25.151684161813,4.21468485108963e-08
-22.0980972035424,188.997811975971,0,0.000261663506508277,25.1636089656391,-3.03492947011721e-05
-21.8980972103891,188.997864308671,0,0.000261663506508277,25.1755281210861,-3.047962663232e-05
-21.6980972172359,188.997916641372,0,0.000261663506508423,25.1874416361725,-3.05007000565755e-05
-21.4980972240828,188.997968974073,0,0.000261663506508423,25.1993495188982,-3.05007000565755e-05
-21.2980972309296,188.998021306774,0,0.00026166350643722,25.2112517772441,-3.05007000565755e-05
-21.0980972377763,188.998073639474,0,0.000261663506437223,25.2231484191723,-3.05007000565755e-05
-20.898097244623,188.998125972175,0,0.000261663506508277,25.2350394526261,-3.05007000565755e-05
-20.6980972514698,188.998178304876,0,0.000261663506437369,25.24692488553,-3.05007000565755e-05
-20.4980972583167,188.998230637576,0,0.000261663506508423,25.2588047257901,-3.05007000565755e-05
-20.2980972651635,188.998282970277,0,0.000200880623728541,25.2706789812936,-3.05112367687032e-05
-20.0980972671325,188.998310989825,0,0.000139836923441176,25.2825476599091,-3.05112367687032e-05
-19.8980972690806,188.998338905046,0,0.000139576106006532,25.2944107694877,-3.05112367687032e-05
-19.6980972710287,188.998366820267,0,0.000139576105935557,25.306268317861,-3.05112367687032e-05
-19.498097272977,188.998394735488,0,0.000139576105935559,25.3181203128427,-3.05217734808309e-05
-19.2980972749251,188.99842265071,0,0.000139576105935479,25.329966762228,-3.05217734808309e-05
-19.0980972768732,188.998450565931,0,0.000139576105935479,25.3418076737942,-3.05217734808309e-05
-18.8980972788213,188.998478481152,0,0.000139576105935478,25.3536430553003,-3.05217734808309e-05
-18.6980972807694,188.998506396373,0,0.000139576105935557,25.3654729144871,-3.05217734808309e-05
-18.4980972827178,188.998534311594,0,0.000139576105935559,25.3772972590774,-3.05112367687032e-05
-18.2980972846659,188.998562226815,0,0.000139576105935478,25.3891160967761,-3.05323101929586e-05
-18.098097286614,188.998590142036,0,0.000139576105935478,25.4009294352702,-1.4086864327567e-07
-17.8980972885621,188.998618057257,0,0.000139576105935479,25.4127372822287,-1.05367121277089e-08
-17.6980972905102,188.998645972478,0,0.000139576105935559,25.4245396453028,1.19775752697678e-20
-17.4980972924585,188.998673887699,0,0.000139576105935559,25.4363365321262,1.19775752697678e-20
-17.2980972944066,188.998701802921,0,0.000139576105935478,25.4481279503145,1.19775752697678e-20
-17.0980972963547,188.998729718142,0,0.000139576105935478,25.4599139074659,-1.05367121277091e-08
-16.8980972983028,188.998757633363,0,0.000139576105935479,25.4716944111611,-1.05367121277091e-08
-16.6980973002509,188.998785548584,0,0.000139576106006613,25.4834694689631,-1.05367121277091e-08
-16.4980973021993,188.998813463805,0,0.000139576105935559,25.4952390884176,-1.05367121277091e-08
-16.2980973041474,188.998841379026,0,0.000139576105864424,25.5070032770527,-2.10734242554302e-08
-16.0980973060955,188.998869294247,0,0.000139576105935478,25.5187620423792,-2.10734242554302e-08
-15.8980973080436,188.998897209468,0,0.000139576105935479,25.5305153918909,-2.10734242554302e-08
-15.6980973099917,188.998925124689,0,0.000139576105935559,25.5422633330638,-2.10734242554302e-08
-15.49809731194,188.99895303991,0,0.000139576106006612,25.5540058733572,-2.10734242554302e-08
-15.2980973138881,188.998980955132,0,0.000139576105935478,25.5657430202131,-3.16101363831512e-08
-15.0980973158362,188.999008870353,0,0.000139576105935479,25.5774747810564,-3.16101363831512e-08
-14.8980973177843,188.999036785574,0,0.000139576105935479,25.589201163295,-3.16101363831512e-08
-14.6980973197324,188.999064700795,0,0.000139576105935558,25.6009221743197,-3.16101363831512e-08
-14.4980973216807,188.999092616016,0,0.000139576106006613,25.6126378215047,-3.16101363831511e-08
-14.2980973236288,188.999120531237,0,0.000139576105935479,25.6243481122072,-3.1610136383151e-08
-14.0980973255769,188.999148446458,0,0.000139576105935479,25.6360530537674,-3.1610136383151e-08
-13.898097327525,188.999176361679,0,0.000139576105935479,25.647752653509,-3.1610136383151e-08
-13.6980973294731,188.9992042769,0,0.000139576105935558,25.6594469187388,-3.1610136383151e-08
-13.4980973314215,188.999232192121,0,0.000139576105935558,25.6711358567473,-3.1610136383151e-08
-13.2980973333696,188.999260107343,0,0.000139576106006533,25.682819474808,-4.2146848510872e-08
-13.0980973353177,188.999288022564,0,0.000139576105935479,25.6944977801781,-3.16101363831509e-08
-12.8980973372658,188.999315937785,0,0.000139576105864424,25.7061707800982,-6.6744953242675e-06
-12.6980973392139,188.999343853006,0,0.000139576106006612,25.7178384817927,-2.45644455611286e-05
-12.4980973411622,188.999371768227,0,0.000139576105935559,25.7295008924692,-2.45644455611286e-05
-12.2980973431103,188.999399683448,0,0.000139576105864424,25.7411580193195,-2.45539088490009e-05
-12.0980973450584,188.999427598669,0,0.000139576106006533,25.7528098695186,-2.45433721368732e-05
-11.8980973470065,188.99945551389,0,0.000139576106006533,25.7644564502257,-2.45433721368732e-05
-11.6980973489546,188.999483429111,0,0.000139576105935559,25.7760977685835,-2.45328354247454e-05
-11.4980973509029,188.999511344332,0,0.000139576105935558,25.7877338317188,-2.45433721368732e-05
-11.298097352851,188.999539259554,0,0.000139576105935478,25.7993646467423,-2.45328354247455e-05
-11.0980973547991,188.999567174775,0,0.000126290336675509,25.8109902207485,-2.45328354247455e-05
-10.8980973562662,188.999589775688,0,7.72246658650281e-05,25.8226105608051,-2.45328354247455e-05
-10.698097356438,188.999598064641,0,4.14447642901328e-05,25.834225673997,-2.45328354247455e-05
-10.4980973566099,188.999606353594,0,4.14447642190783e-05,25.8458355673599,-2.45433721368732e-05
-10.2980973567816,188.999614642547,0,4.14447642190549e-05,25.8574402479249,-2.45328354247455e-05
-10.0980973569534,188.999622931499,0,4.14447642901092e-05,25.8690397227072,-2.45328354247455e-05
-9.89809735712509,188.999631220452,0,4.14447643611635e-05,25.8806339987065,-2.45222987126178e-05
-9.69809735729681,188.999639509405,0,4.14447642901329e-05,25.8922230829067,-2.45222987126178e-05
-9.49809735746877,188.999647798358,0,4.14447642190783e-05,25.9038069822759,-2.451176200049e-05
-9.29809735764049,188.999656087311,0,4.1444764290109e-05,25.9153857037669,-2.45012252883623e-05
-9.09809735781221,188.999664376264,0,4.14447643611635e-05,25.9269592543168,-2.45012252883623e-05
-8.89809735798394,188.999672665217,0,4.1444764290109e-05,25.9385276408474,-1.78583401004779e-05
-8.69809735815566,188.999680954169,0,4.14447642901328e-05,25.9500908702649,3.16101363831639e-08
-8.49809735832761,188.999689243122,0,4.14447642901328e-05,25.9616489494601,3.16101363831639e-08
-8.29809735849933,188.999697532075,0,4.14447642190547e-05,25.9732018853087,4.21468485108851e-08
-8.09809735867106,188.999705821028,0,4.14447642190549e-05,25.9847496846709,3.16101363831639e-08
-7.89809735884278,188.999714109981,0,4.14447642901093e-05,25.9962923543917,3.16101363831639e-08
-7.6980973590145,188.999722398934,0,4.14447643611871e-05,26.007829901301,2.10734242554426e-08
-7.49809735918646,188.999730687887,0,4.14447642901328e-05,26.0193623322134,3.16101363831758e-08
-7.29809735935818,188.999738976839,0,4.14447642901091e-05,26.0308896539286,3.16101363831758e-08
-7.0980973595299,188.999747265792,0,4.14447642901093e-05,26.042411873231,3.16101363831758e-08
-6.89809735970163,188.999755554745,0,4.14447642901093e-05,26.0539289968904,3.16101363831758e-08
-6.69809735987335,188.999763843698,0,4.14447642190783e-05,26.0654410316612,3.16101363831758e-08
-6.4980973600453,188.999772132651,0,4.14447642190784e-05,26.0769479842831,3.16101363831758e-08
-6.29809736021703,188.999780421604,0,4.14447643611635e-05,26.0884498614809,3.16101363831758e-08
-6.09809736038875,188.999788710557,0,4.14447642901091e-05,26.0999466699648,3.16101363831758e-08
-5.89809736056047,188.999796999509,0,4.14447642190549e-05,26.1114384164298,2.10734242554546e-08
-5.6980973607322,188.999805288462,0,4.14447642901327e-05,26.1229251075565,2.10734242554546e-08
-5.49809736090415,188.999813577415,0,4.14447643611869e-05,26.1344067500107,1.05367121277213e-08
-5.29809736107587,188.999821866368,0,4.14447642901092e-05,26.1458833504436,1.05367121277213e-08
-5.09809736124759,188.999830155321,0,4.14447642190549e-05,26.1573549154918,1.05367121277213e-08
-4.89809736141932,188.999838444274,0,4.14447642901092e-05,26.1688214517774,1.05367121277213e-08
-4.69809736159104,188.999846733226,0,4.14447642901327e-05,26.1802829659079,1.05367121277213e-08
-4.49809736176299,188.999855022179,0,4.14447642190784e-05,26.1917394644763,1.05367121277213e-08
-4.29809736193472,188.999863311132,0,4.14447642901092e-05,26.2031909540614,0
-4.09809736210644,188.999871600085,0,4.14447643611635e-05,26.2146374412275,0
-3.89809736227816,188.999879889038,0,4.14447642190549e-05,26.2260789325245,0
-3.69809736244989,188.999888177991,0,4.14447642190784e-05,26.2375154344882,0
-3.49809736262184,188.999896466944,0,4.14447643611869e-05,26.24894695364,0
-3.29809736279356,188.999904755896,0,4.14447642901092e-05,26.2603734964872,0
-3.09809736296529,188.999913044849,0,4.14447642190549e-05,26.2717950695228,0
-2.89809736313701,188.999921333802,0,4.14447642901092e-05,26.2832116792261,0
-2.69809736330873,188.999929622755,0,4.14447642901328e-05,26.2946233320617,0
-2.49809736348068,188.999937911708,0,4.14447642190784e-05,26.3060300344808,0
-2.29809736365241,188.999946200661,0,4.14447642901091e-05,26.3174317929202,0
-2.09809736382413,188.999954489614,0,4.14447642901092e-05,26.3288286138029,0
-1.89809736399585,188.999962778566,0,4.14447642901092e-05,26.340220503538,0
-1.69809736416758,188.999971067519,0,4.14447642901328e-05,26.3516074685209,0
-1.49809736433953,188.999979356472,0,4.14447642901328e-05,26.3629895151328,0
-1.29809736451125,188.999987645425,0,4.14447642901091e-05,26.3743666497416,0
-1.09809736468298,188.999995934378,0,4.14447642190547e-05,26.3857388787012,0
